SKU,Product Name,Category,Brand,Cost Price
ST-001,LED Bulb 9W B22,Lighting,Philips,42.00
ST-002,LED Bulb 12W B22,Lighting,Philips,58.00
ST-003,LED Tube Light 20W,Lighting,Syska,110.00
ST-004,LED Panel Light 18W,Lighting,Havells,320.00
ST-005,CFL Bulb 23W,Lighting,Bajaj,75.00
ST-006,Ceiling Fan 48 inch,Fans,Crompton,880.00
ST-007,Pedestal Fan,Fans,Usha,1250.00
ST-008,Table Fan,Fans,Havells,760.00
ST-009,Exhaust Fan 9 inch,Fans,Orient,420.00
ST-010,MCB 32A Single Pole,Switchgear,Legrand,185.00
ST-011,MCB 63A DP,Switchgear,Schneider,480.00
ST-012,RCCB 40A 30mA,Switchgear,ABB,620.00
ST-013,Distribution Board 8-way,Switchgear,Legrand,1100.00
ST-014,3-Pin Plug Top,Wiring Accessories,Anchor,28.00
ST-015,Modular Switch 6A,Wiring Accessories,Havells,55.00
ST-016,Modular Socket 6A,Wiring Accessories,Havells,62.00
ST-017,Extension Board 4-Socket,Wiring Accessories,Wipro,145.00
ST-018,PVC Conduit Pipe 20mm,Conduits & Cables,Precision,38.00
ST-019,Flexible Conduit 16mm,Conduits & Cables,Precision,22.00
ST-020,1.5 Sqmm Wire (per mtr),Conduits & Cables,Polycab,18.00
ST-021,2.5 Sqmm Wire (per mtr),Conduits & Cables,Polycab,28.00
ST-022,4.0 Sqmm Wire (per mtr),Conduits & Cables,Finolex,42.00
ST-023,6.0 Sqmm Wire (per mtr),Conduits & Cables,Finolex,62.00
ST-024,Cable Tie 200mm (100 pcs),Accessories,Generic,85.00
ST-025,PVC Tape,Accessories,3M,32.00
ST-026,Electrical Tester Pen,Tools,Stanley,110.00
ST-027,Digital Multimeter,Tools,Meco,480.00
ST-028,Screwdriver Set (6 pcs),Tools,Stanley,320.00
ST-029,Inverter 850VA,Power,Luminous,3200.00
ST-030,Battery 150Ah,Power,Amaron,7800.00
77.418.0001IS,"Flask Volumetric, With Interchangeable Glass and Super Stopper™, Class A With Individual Works Certificate, Cap.1* ml, Tol.± 0.025 ml, SS 7/16",Vol. Glassware,6,75.74
77.418.0002IS,"Flask Volumetric, With Interchangeable Glass and Super Stopper™, Class A With Individual Works Certificate, Cap.2* ml, Tol.± 0.025 ml, SS 7/16",Vol. Glassware,6,76.52
77.418.0005NIS,"Flask Volumetric, With Interchangeable Glass and Super Stopper™, Class A With Individual Works Certificate, Cap.5* ml, Tol.± 0.025 ml, SS 7/16",Vol. Glassware,2,79.87
77.418.0010NQI,"Flask Volumetric, With Interchangeable Glass and Super Stopper™, Class A With Individual Works Certificate, Cap.10* ml, Tol.± 0.025 ml, SS 7/16",Vol. Glassware,2,90.02
77.418.0005WIS,"Flask Volumetric, With Interchangeable Glass and Super Stopper™, Class A With Individual Works Certificate, Cap.5* ml, Tol.± 0.04 ml, SS 10/19",Vol. Glassware,2,70.63
77.418.0010WQI,"Flask Volumetric, With Interchangeable Glass and Super Stopper™, Class A With Individual Works Certificate, Cap.10* ml, Tol.± 0.04 ml, SS 10/19",Vol. Glassware,2,73.92
77.418.0015QI,"Flask Volumetric, With Interchangeable Glass and Super Stopper™, Class A With Individual Works Certificate, Cap.15* ml, Tol.± 0.04 ml, SS 10/19",Vol. Glassware,2,78.11
77.418.0020QI,"Flask Volumetric, With Interchangeable Glass and Super Stopper™, Class A With Individual Works Certificate, Cap.20* ml, Tol.± 0.04 ml, SS 10/19",Vol. Glassware,2,105.49
77.418.0025QI,"Flask Volumetric, With Interchangeable Glass and Super Stopper™, Class A With Individual Works Certificate, Cap.25 ml, Tol.± 0.04 ml, SS 10/19",Vol. Glassware,2,95.57
77.418.0030QI,"Flask Volumetric, With Interchangeable Glass and Super Stopper™, Class A With Individual Works Certificate, Cap.30 ml, Tol.± 0.04 ml, SS 10/19",Vol. Glassware,2,95.36
77.418.0050QI,"Flask Volumetric, With Interchangeable Glass and Super Stopper™, Class A With Individual Works Certificate, Cap.50 ml, Tol.± 0.06 ml, SS 12/21",Vol. Glassware,2,109.94
77.418.0075QI,"Flask Volumetric, With Interchangeable Glass and Super Stopper™, Class A With Individual Works Certificate, Cap.75 ml, Tol.± 0.06 ml, SS 12/21",Vol. Glassware,2,122.60
77.418.0100QI,"Flask Volumetric, With Interchangeable Glass and Super Stopper™, Class A With Individual Works Certificate, Cap.100 ml, Tol.± 0.1 ml, SS 14/23",Vol. Glassware,2,127.03
77.418.0150QI,"Flask Volumetric, With Interchangeable Glass and Super Stopper™, Class A With Individual Works Certificate, Cap.150 ml, Tol.± 0.1 ml, SS 14/23",Vol. Glassware,2,138.02
77.418.0200QI,"Flask Volumetric, With Interchangeable Glass and Super Stopper™, Class A With Individual Works Certificate, Cap.200 ml, Tol.± 0.15 ml, SS 14/23",Vol. Glassware,2,157.43
77.418.0250QI,"Flask Volumetric, With Interchangeable Glass and Super Stopper™, Class A With Individual Works Certificate, Cap.250 ml, Tol.± 0.15 ml, SS 14/23",Vol. Glassware,2,159.97
77.418.0300QI,"Flask Volumetric, With Interchangeable Glass and Super Stopper™, Class A With Individual Works Certificate, Cap.300 ml, Tol.± 0.15 ml, SS 14/23",Vol. Glassware,2,168.92
77.418.0500QI,"Flask Volumetric, With Interchangeable Glass and Super Stopper™, Class A With Individual Works Certificate, Cap.500 ml, Tol.± 0.25 ml, SS 19/26",Vol. Glassware,2,210.46
77.418.1000QI,"Flask Volumetric, With Interchangeable Glass and Super Stopper™, Class A With Individual Works Certificate, Cap.1000 ml, Tol.± 0.4 ml, SS 24/29",Vol. Glassware,2,313.15
77.418.2000QI,"Flask Volumetric, With Interchangeable Glass and Super Stopper™, Class A With Individual Works Certificate, Cap.2000 ml, Tol.± 0.6 ml, SS 29/32",Vol. Glassware,1,576.04
77.418.5000QI,"Flask Volumetric, With Interchangeable Glass and Super Stopper™, Class A With Individual Works Certificate, Cap.5000 ml, Tol.± 0.6 ml, SS 34/35",Vol. Glassware,1,1528.98
75.418.0001IS,"Flask Volumetric Amber, With Interchangeable Glass and Super Stopper™, Class A With Individual Works Certificate, Cap.1* ml, Tol.± 0.025 ml, SS 7/16",Vol. Glassware,6,99.56
75.418.0002IS,"Flask Volumetric Amber, With Interchangeable Glass and Super Stopper™, Class A With Individual Works Certificate, Cap.2* ml, Tol.± 0.025 ml, SS 7/16",Vol. Glassware,6,99.57
75.418.0005NIS,"Flask Volumetric Amber, With Interchangeable Glass and Super Stopper™, Class A With Individual Works Certificate, Cap.5* ml, Tol.± 0.025 ml, SS 7/16",Vol. Glassware,2,117.36
75.418.0010NQI,"Flask Volumetric Amber, With Interchangeable Glass and Super Stopper™, Class A With Individual Works Certificate, Cap.10* ml, Tol.± 0.025 ml, SS 7/16",Vol. Glassware,2,129.63
75.418.0005WIS,"Flask Volumetric Amber, With Interchangeable Glass and Super Stopper™, Class A With Individual Works Certificate, Cap.5* ml, Tol.± 0.04 ml, SS 10/19",Vol. Glassware,2,102.61
75.418.0010WQI,"Flask Volumetric Amber, With Interchangeable Glass and Super Stopper™, Class A With Individual Works Certificate, Cap.10* ml, Tol.± 0.04 ml, SS 10/19",Vol. Glassware,2,128.28
75.418.0015QI,"Flask Volumetric Amber, With Interchangeable Glass and Super Stopper™, Class A With Individual Works Certificate, Cap.15* ml, Tol.± 0.04 ml, SS 10/19",Vol. Glassware,2,138.30
75.418.0020QI,"Flask Volumetric Amber, With Interchangeable Glass and Super Stopper™, Class A With Individual Works Certificate, Cap.20* ml, Tol.± 0.04 ml, SS 10/19",Vol. Glassware,2,144.06
75.418.0025QI,"Flask Volumetric Amber, With Interchangeable Glass and Super Stopper™, Class A With Individual Works Certificate, Cap.25 ml, Tol.± 0.04 ml, SS 10/19",Vol. Glassware,2,144.16
75.418.0030QI,"Flask Volumetric Amber, With Interchangeable Glass and Super Stopper™, Class A With Individual Works Certificate, Cap.30 ml, Tol.± 0.04 ml, SS 10/19",Vol. Glassware,2,158.49
75.418.0050QI,"Flask Volumetric Amber, With Interchangeable Glass and Super Stopper™, Class A With Individual Works Certificate, Cap.50 ml, Tol.± 0.06 ml, SS 12/21",Vol. Glassware,2,169.28
75.418.0075QI,"Flask Volumetric Amber, With Interchangeable Glass and Super Stopper™, Class A With Individual Works Certificate, Cap.75 ml, Tol.± 0.06 ml, SS 12/21",Vol. Glassware,2,211.78
75.418.0100QI,"Flask Volumetric Amber, With Interchangeable Glass and Super Stopper™, Class A With Individual Works Certificate, Cap.100 ml, Tol.± 0.1 ml, SS 14/23",Vol. Glassware,2,212.41
75.418.0150QI,"Flask Volumetric Amber, With Interchangeable Glass and Super Stopper™, Class A With Individual Works Certificate, Cap.150 ml, Tol.± 0.1 ml, SS 14/23",Vol. Glassware,2,241.33
75.418.0200QI,"Flask Volumetric Amber, With Interchangeable Glass and Super Stopper™, Class A With Individual Works Certificate, Cap.200 ml, Tol.± 0.15 ml, SS 14/23",Vol. Glassware,2,261.88
75.418.0250QI,"Flask Volumetric Amber, With Interchangeable Glass and Super Stopper™, Class A With Individual Works Certificate, Cap.250 ml, Tol.± 0.15 ml, SS 14/23",Vol. Glassware,2,264.33
75.418.0300QI,"Flask Volumetric Amber, With Interchangeable Glass and Super Stopper™, Class A With Individual Works Certificate, Cap.300 ml, Tol.± 0.15 ml, SS 14/23",Vol. Glassware,2,351.60
75.418.0500QI,"Flask Volumetric Amber, With Interchangeable Glass and Super Stopper™, Class A With Individual Works Certificate, Cap.500 ml, Tol.± 0.25 ml, SS 19/26",Vol. Glassware,2,371.20
75.418.1000QI,"Flask Volumetric Amber, With Interchangeable Glass and Super Stopper™, Class A With Individual Works Certificate, Cap.1000 ml, Tol.± 0.4 ml, SS 24/29",Vol. Glassware,2,587.18
75.418.2000QI,"Flask Volumetric Amber, With Interchangeable Glass and Super Stopper™, Class A With Individual Works Certificate, Cap.2000 ml, Tol.± 0.6 ml, SS 29/32",Vol. Glassware,1,974.46
75.418.5000QI,"Flask Volumetric Amber, With Interchangeable Glass and Super Stopper™, Class A With Individual Works Certificate, Cap.5000 ml, Tol.± 1.2 ml, SS 34/35",Vol. Glassware,1,3085.26
77.439.0020QI,"Flask Volumetric, Wide Mouth With Interchangeable Glass and Super Stopper™ Class 'A' With Individual Certificate, Cap.20* ml, Tol.± 0.06 ml, SS 12/21",Vol. Glassware,2,113.70
77.439.0025QI,"Flask Volumetric, Wide Mouth With Interchangeable Glass and Super Stopper™ Class 'A' With Individual Certificate, Cap.25 ml, Tol.± 0.06 ml, SS 12/21",Vol. Glassware,2,113.91
77.439.0050QI,"Flask Volumetric, Wide Mouth With Interchangeable Glass and Super Stopper™ Class 'A' With Individual Certificate, Cap.50 ml, Tol.± 0.1 ml, SS 14/23",Vol. Glassware,2,121.72
77.439.0100QI,"Flask Volumetric, Wide Mouth With Interchangeable Glass and Super Stopper™ Class 'A' With Individual Certificate, Cap.100 ml, Tol.± 0.15 ml, SS 19/26",Vol. Glassware,2,151.98
77.439.0200QI,"Flask Volumetric, Wide Mouth With Interchangeable Glass and Super Stopper™ Class 'A' With Individual Certificate, Cap.200 ml, Tol.± 0.2 ml, SS 19/26",Vol. Glassware,2,176.78
77.439.0250QI,"Flask Volumetric, Wide Mouth With Interchangeable Glass and Super Stopper™ Class 'A' With Individual Certificate, Cap.250 ml, Tol.± 0.2 ml, SS 19/26",Vol. Glassware,2,177.06
77.439.0500QI,"Flask Volumetric, Wide Mouth With Interchangeable Glass and Super Stopper™ Class 'A' With Individual Certificate, Cap.500 ml, Tol.± 0.4 ml, SS 24/29",Vol. Glassware,2,246.72
77.439.1000QI,"Flask Volumetric, Wide Mouth With Interchangeable Glass and Super Stopper™ Class 'A' With Individual Certificate, Cap.1000 ml, Tol.± 0.6 ml, SS 29/32",Vol. Glassware,2,377.24
75.439.0020QI,"Amber Colour Flask Volumetric, Wide Mouth With Interchangeable Glass and Super Stopper™ Class 'A’With Individual certificate, Cap.20* ml, Tol.± 0.06 ml, SS 12/21",Vol. Glassware,2,128.13
75.439.0025QI,"Amber Colour Flask Volumetric, Wide Mouth With Interchangeable Glass and Super Stopper™ Class 'A’With Individual certificate, Cap.25 ml, Tol.± 0.06 ml, SS 12/21",Vol. Glassware,2,128.33
75.439.0050QI,"Amber Colour Flask Volumetric, Wide Mouth With Interchangeable Glass and Super Stopper™ Class 'A’With Individual certificate, Cap.50 ml, Tol.± 0.1 ml, SS 14/23",Vol. Glassware,2,135.78
75.439.0100QI,"Amber Colour Flask Volumetric, Wide Mouth With Interchangeable Glass and Super Stopper™ Class 'A’With Individual certificate, Cap.100 ml, Tol.± 0.15 ml, SS 19/26",Vol. Glassware,2,218.25
75.439.0200QI,"Amber Colour Flask Volumetric, Wide Mouth With Interchangeable Glass and Super Stopper™ Class 'A’With Individual certificate, Cap.200 ml, Tol.± 0.2 ml, SS 19/26",Vol. Glassware,2,265.17
75.439.0250QI,"Amber Colour Flask Volumetric, Wide Mouth With Interchangeable Glass and Super Stopper™ Class 'A’With Individual certificate, Cap.250 ml, Tol.± 0.2 ml, SS 19/26",Vol. Glassware,2,265.44
75.439.0500QI,"Amber Colour Flask Volumetric, Wide Mouth With Interchangeable Glass and Super Stopper™ Class 'A’With Individual certificate, Cap.500 ml, Tol.± 0.4 ml, SS 24/29",Vol. Glassware,2,403.11
75.439.1000QI,"Amber Colour Flask Volumetric, Wide Mouth With Interchangeable Glass and Super Stopper™ Class 'A’With Individual certificate, Cap.1000 ml, Tol.± 0.6 ml, SS 29/32",Vol. Glassware,2,674.67
50.419.0005N,"Flask Volumetric, With Interchangeable Glass and Super Stopper™, Class A With USP Certificate, Cap.5* ml, Tol.± 0.02 ml, SS 7/16",Vol. Glassware,2,75.45
50.419.0010NQR,"Flask Volumetric, With Interchangeable Glass and Super Stopper™, Class A With USP Certificate, Cap.10* ml, Tol.± 0.02 ml, SS 7/16",Vol. Glassware,2,77.97
50.419.0005W,"Flask Volumetric, With Interchangeable Glass and Super Stopper™, Class A With USP Certificate, Cap.5* ml, Tol.± 0.02 ml, SS 10/19",Vol. Glassware,2,68.03
50.419.0010WQR,"Flask Volumetric, With Interchangeable Glass and Super Stopper™, Class A With USP Certificate, Cap.10* ml, Tol.± 0.02 ml, SS 10/19",Vol. Glassware,2,73.92
50.419.0020QR,"Flask Volumetric, With Interchangeable Glass and Super Stopper™, Class A With USP Certificate, Cap.20* ml, Tol.± 0.03 ml, SS 10/19",Vol. Glassware,2,79.51
50.419.0025QR,"Flask Volumetric, With Interchangeable Glass and Super Stopper™, Class A With USP Certificate, Cap.25 ml, Tol.± 0.03 ml, SS 10/19",Vol. Glassware,2,89.06
50.419.0050QR,"Flask Volumetric, With Interchangeable Glass and Super Stopper™, Class A With USP Certificate, Cap.50 ml, Tol.± 0.05 ml, SS 12/21",Vol. Glassware,2,106.30
50.419.0100QR,"Flask Volumetric, With Interchangeable Glass and Super Stopper™, Class A With USP Certificate, Cap.100 ml, Tol.± 0.08 ml, SS 14/23",Vol. Glassware,2,123.95
50.419.0200QR,"Flask Volumetric, With Interchangeable Glass and Super Stopper™, Class A With USP Certificate, Cap.200 ml, Tol.± 0.1 ml, SS 14/23",Vol. Glassware,2,147.24
50.419.0250QR,"Flask Volumetric, With Interchangeable Glass and Super Stopper™, Class A With USP Certificate, Cap.250 ml, Tol.± 0.12 ml, SS 14/23",Vol. Glassware,2,149.79
50.419.0500RQR,"Flask Volumetric, With Interchangeable Glass and Super Stopper™, Class A With USP Certificate, Cap.500 ml, Tol.± 0.2 ml, SS 19/26",Vol. Glassware,2,210.46
50.419.1000QR,"Flask Volumetric, With Interchangeable Glass and Super Stopper™, Class A With USP Certificate, Cap.1000 ml, Tol.± 0.3 ml, SS 24/29",Vol. Glassware,2,309.27
50.419.2000QR,"Flask Volumetric, With Interchangeable Glass and Super Stopper™, Class A With USP Certificate, Cap.2000 ml, Tol.± 0.5 ml, SS 29/32",Vol. Glassware,1,574.89
74.419.0005N,"Flask Volumetric Amber, With Interchangeable Glass and Super Stopper™, Class A With USP Certificate, Cap.5* ml, Tol.± 0.02 ml, SS 7/16",Vol. Glassware,2,114.72
74.419.0010NQR,"Flask Volumetric Amber, With Interchangeable Glass and Super Stopper™, Class A With USP Certificate, Cap.10* ml, Tol.± 0.02 ml, SS 7/16",Vol. Glassware,2,118.40
74.419.0005W,"Flask Volumetric Amber, With Interchangeable Glass and Super Stopper™, Class A With USP Certificate, Cap.5* ml, Tol.± 0.02 ml, SS 10/19",Vol. Glassware,2,101.59
74.419.0010WQR,"Flask Volumetric Amber, With Interchangeable Glass and Super Stopper™, Class A With USP Certificate, Cap.10* ml, Tol.± 0.02 ml, SS 10/19",Vol. Glassware,2,107.14
74.419.0020QR,"Flask Volumetric Amber, With Interchangeable Glass and Super Stopper™, Class A With USP Certificate, Cap.20 ml, Tol.± 0.03 ml, SS 10/19",Vol. Glassware,2,124.48
74.419.0025QR,"Flask Volumetric Amber, With Interchangeable Glass and Super Stopper™, Class A With USP Certificate, Cap.25 ml, Tol.± 0.03 ml, SS 10/19",Vol. Glassware,2,124.59
74.419.0050QR,"Flask Volumetric Amber, With Interchangeable Glass and Super Stopper™, Class A With USP Certificate, Cap.50 ml, Tol.± 0.05 ml, SS 12/21",Vol. Glassware,2,150.64
74.419.0100QR,"Flask Volumetric Amber, With Interchangeable Glass and Super Stopper™, Class A With USP Certificate, Cap.100 ml, Tol.± 0.08 ml, SS 14/23",Vol. Glassware,2,195.38
74.419.0200QR,"Flask Volumetric Amber, With Interchangeable Glass and Super Stopper™, Class A With USP Certificate, Cap.200 ml, Tol.± 0.1 ml, SS 14/23",Vol. Glassware,2,246.93
74.419.0250QR,"Flask Volumetric Amber, With Interchangeable Glass and Super Stopper™, Class A With USP Certificate, Cap.250 ml, Tol.± 0.12 ml, SS 14/23",Vol. Glassware,2,249.47
74.419.0500RQR,"Flask Volumetric Amber, With Interchangeable Glass and Super Stopper™, Class A With USP Certificate, Cap.500 ml, Tol.± 0.2 ml, SS 19/26",Vol. Glassware,2,360.53
74.419.1000QR,"Flask Volumetric Amber, With Interchangeable Glass and Super Stopper™, Class A With USP Certificate, Cap.1000 ml, Tol.± 0.3 ml, SS 24/29",Vol. Glassware,2,585.10
74.419.2000QR,"Flask Volumetric Amber, With Interchangeable Glass and Super Stopper™, Class A With USP Certificate, Cap.2000 ml, Tol.± 0.5 ml, SS 29/32",Vol. Glassware,1,988.58
50.439.0020RQR,"Flask Volumetric, Wide Mouth With Interchangeable Glass and Super Stopper™ Class 'A' With USP Certificate, Cap.20* ml, Tol.± 0.08 ml, SS 12/21",Vol. Glassware,2,93.47
50.439.0025RQR,"Flask Volumetric, Wide Mouth With Interchangeable Glass and Super Stopper™ Class 'A' With USP Certificate, Cap.25 ml, Tol.± 0.08 ml, SS 12/21",Vol. Glassware,2,93.50
50.439.0050RQR,"Flask Volumetric, Wide Mouth With Interchangeable Glass and Super Stopper™ Class 'A' With USP Certificate, Cap.50 ml, Tol.± 0.08 ml, SS 14/23",Vol. Glassware,2,101.78
50.439.0100RQR,"Flask Volumetric, Wide Mouth With Interchangeable Glass and Super Stopper™ Class 'A' With USP Certificate, Cap.100 ml, Tol.± 0.1 ml, SS 19/26",Vol. Glassware,2,133.18
50.439.0200RQR,"Flask Volumetric, Wide Mouth With Interchangeable Glass and Super Stopper™ Class 'A' With USP Certificate, Cap.200 ml, Tol.± 0.2 ml, SS 19/26",Vol. Glassware,2,161.16
50.439.0250RQR,"Flask Volumetric, Wide Mouth With Interchangeable Glass and Super Stopper™ Class 'A' With USP Certificate, Cap.250 ml, Tol.± 0.2 ml, SS 19/26",Vol. Glassware,2,161.38
50.439.0500RQR,"Flask Volumetric, Wide Mouth With Interchangeable Glass and Super Stopper™ Class 'A' With USP Certificate, Cap.500 ml, Tol.± 0.3 ml, SS 24/29",Vol. Glassware,2,231.67
50.439.1000RQR,"Flask Volumetric, Wide Mouth With Interchangeable Glass and Super Stopper™ Class 'A' With USP Certificate, Cap.1000 ml, Tol.± 0.4 ml, SS 29/32",Vol. Glassware,2,367.49
74.439.0020RQR,"Amber Flask Volumetric, Wide Mouth With Interchangeable Glass and Super Stopper™ Class 'A' With USP Certificate, Cap.20* ml, Tol.± 0.08 ml, SS 12/21",Vol. Glassware,2,153.29
74.439.0025RQR,"Amber Flask Volumetric, Wide Mouth With Interchangeable Glass and Super Stopper™ Class 'A' With USP Certificate, Cap.25 ml, Tol.± 0.08 ml, SS 12/21",Vol. Glassware,2,153.50
74.439.0050RQR,"Amber Flask Volumetric, Wide Mouth With Interchangeable Glass and Super Stopper™ Class 'A' With USP Certificate, Cap.50 ml, Tol.± 0.08 ml, SS 14/23",Vol. Glassware,2,161.47
74.439.0100RQR,"Amber Flask Volumetric, Wide Mouth With Interchangeable Glass and Super Stopper™ Class 'A' With USP Certificate, Cap.100 ml, Tol.± 0.1 ml, SS 19/26",Vol. Glassware,2,241.92
74.439.0200RQR,"Amber Flask Volumetric, Wide Mouth With Interchangeable Glass and Super Stopper™ Class 'A' With USP Certificate, Cap.200 ml, Tol.± 0.2 ml, SS 19/26",Vol. Glassware,2,289.63
74.439.0250RQR,"Amber Flask Volumetric, Wide Mouth With Interchangeable Glass and Super Stopper™ Class 'A' With USP Certificate, Cap.250 ml, Tol.± 0.2 ml, SS 19/26",Vol. Glassware,2,289.90
74.439.0500RQR,"Amber Flask Volumetric, Wide Mouth With Interchangeable Glass and Super Stopper™ Class 'A' With USP Certificate, Cap.500 ml, Tol.± 0.3 ml, SS 24/29",Vol. Glassware,2,426.43
74.439.1000RQR,"Amber Flask Volumetric, Wide Mouth With Interchangeable Glass and Super Stopper™ Class 'A' With USP Certificate, Cap.1000 ml, Tol.± 0.4 ml, SS 29/32",Vol. Glassware,2,694.79
46.403.0015R,"Volumetric Flask-ASTM, Narrow Mouth With Glass Stopper Class A with Individual Works Certificate, Cap.5 ml, Tol.± 0.02 ml, SS 9",Vol. Glassware,1,64.49
46.403.0025RQR,"Volumetric Flask-ASTM, Narrow Mouth With Glass Stopper Class A with Individual Works Certificate, Cap.10 ml, Tol.± 0.02 ml, SS 9",Vol. Glassware,1,72.75
46.403.0035RQR,"Volumetric Flask-ASTM, Narrow Mouth With Glass Stopper Class A with Individual Works Certificate, Cap.20 ml, Tol.± 0.03 ml, SS 9",Vol. Glassware,1,76.44
46.403.0045RQR,"Volumetric Flask-ASTM, Narrow Mouth With Glass Stopper Class A with Individual Works Certificate, Cap.25 ml, Tol.± 0.03 ml, SS 9",Vol. Glassware,1,96.40
46.403.0055RQR,"Volumetric Flask-ASTM, Narrow Mouth With Glass Stopper Class A with Individual Works Certificate, Cap.50 ml, Tol.± 0.05 ml, SS 9",Vol. Glassware,1,93.95
46.403.0065RQR,"Volumetric Flask-ASTM, Narrow Mouth With Glass Stopper Class A with Individual Works Certificate, Cap.100 ml, Tol.± 0.08 ml, SS 13",Vol. Glassware,1,111.52
46.403.0075RQR,"Volumetric Flask-ASTM, Narrow Mouth With Glass Stopper Class A with Individual Works Certificate, Cap.200 ml, Tol.± 0.1 ml, SS 16",Vol. Glassware,1,141.37
46.403.0085RQR,"Volumetric Flask-ASTM, Narrow Mouth With Glass Stopper Class A with Individual Works Certificate, Cap.250 ml, Tol.± 0.12 ml, SS 16",Vol. Glassware,1,146.16
46.412.0015R,"Amber Volumetric Flask-ASTM, Narrow Mouth With Glass Stopper Class A with Individual Works Certificate, Cap.5 ml, Tol.± 0.02 ml, SS 9",Vol. Glassware,1,563.88
46.412.0025QR,"Amber Volumetric Flask-ASTM, Narrow Mouth With Glass Stopper Class A with Individual Works Certificate, Cap.10 ml, Tol.± 0.02 ml, SS 9",Vol. Glassware,1,109.67
46.412.0035QR,"Amber Volumetric Flask-ASTM, Narrow Mouth With Glass Stopper Class A with Individual Works Certificate, Cap.20 ml, Tol.± 0.03 ml, SS 9",Vol. Glassware,1,115.40
46.412.0045QR,"Amber Volumetric Flask-ASTM, Narrow Mouth With Glass Stopper Class A with Individual Works Certificate, Cap.25 ml, Tol.± 0.03 ml, SS 9",Vol. Glassware,1,135.63
46.412.0055QR,"Amber Volumetric Flask-ASTM, Narrow Mouth With Glass Stopper Class A with Individual Works Certificate, Cap.50 ml, Tol.± 0.05 ml, SS 9",Vol. Glassware,1,155.18
46.412.0065QR,"Amber Volumetric Flask-ASTM, Narrow Mouth With Glass Stopper Class A with Individual Works Certificate, Cap.100 ml, Tol.± 0.08 ml, SS 13",Vol. Glassware,1,184.64
46.412.0075QR,"Amber Volumetric Flask-ASTM, Narrow Mouth With Glass Stopper Class A with Individual Works Certificate, Cap.200 ml, Tol.± 0.1 ml, SS 16",Vol. Glassware,1,240.91
46.412.0085QR,"Amber Volumetric Flask-ASTM, Narrow Mouth With Glass Stopper Class A with Individual Works Certificate, Cap.250 ml, Tol.± 0.12 ml, SS 16",Vol. Glassware,1,243.46
46.406.0001,"Flask Volumetric, Micro with Hexagonal Base & Penny Head Glass Stopper Class ASTM ""Class A"", Cap.1 ml, Tol.± 0.01 ml, SS 8",Vol. Glassware,1,87.00
46.406.0002,"Flask Volumetric, Micro with Hexagonal Base & Penny Head Glass Stopper Class ASTM ""Class A"", Cap.2 ml, Tol.± 0.015 ml, SS 8",Vol. Glassware,1,97.00
46.406.0003,"Flask Volumetric, Micro with Hexagonal Base & Penny Head Glass Stopper Class ASTM ""Class A"", Cap.3 ml, Tol.± 0.015 ml, SS 8",Vol. Glassware,1,100.00
46.406.0004,"Flask Volumetric, Micro with Hexagonal Base & Penny Head Glass Stopper Class ASTM ""Class A"", Cap.4 ml, Tol.± 0.02 ml, SS 8",Vol. Glassware,1,110.00
46.406.0005,"Flask Volumetric, Micro with Hexagonal Base & Penny Head Glass Stopper Class ASTM ""Class A"", Cap.5 ml, Tol.± 0.02 ml, SS 8",Vol. Glassware,1,115.00
46.406.0010,"Flask Volumetric, Micro with Hexagonal Base & Penny Head Glass Stopper Class ASTM ""Class A"", Cap.10 ml, Tol.± 0.02 ml, SS 9",Vol. Glassware,1,120.00
46.406.0025,"Flask Volumetric, Micro with Hexagonal Base & Penny Head Glass Stopper Class ASTM ""Class A"", Cap.25 ml, Tol.± 0.03 ml, SS 9",Vol. Glassware,1,150.00
46.408.0001,"Flask Volumetric, Amber, Micro with Hexagonal Base & Penny Head Glass Stopper ASTM ""Class A"", Cap.1 ml, Tol.± 0.01 ml, SS 8",Vol. Glassware,1,120.00
46.408.0002,"Flask Volumetric, Amber, Micro with Hexagonal Base & Penny Head Glass Stopper ASTM ""Class A"", Cap.2 ml, Tol.± 0.015 ml, SS 8",Vol. Glassware,1,125.00
46.408.0003,"Flask Volumetric, Amber, Micro with Hexagonal Base & Penny Head Glass Stopper ASTM ""Class A"", Cap.3 ml, Tol.± 0.015 ml, SS 8",Vol. Glassware,1,130.00
46.408.0004,"Flask Volumetric, Amber, Micro with Hexagonal Base & Penny Head Glass Stopper ASTM ""Class A"", Cap.4 ml, Tol.± 0.02 ml, SS 8",Vol. Glassware,1,140.00
46.408.0005,"Flask Volumetric, Amber, Micro with Hexagonal Base & Penny Head Glass Stopper ASTM ""Class A"", Cap.5 ml, Tol.± 0.02 ml, SS 8",Vol. Glassware,1,145.00
46.408.0010,"Flask Volumetric, Amber, Micro with Hexagonal Base & Penny Head Glass Stopper ASTM ""Class A"", Cap.10 ml, Tol.± 0.02 ml, SS 9",Vol. Glassware,1,150.00
46.408.0025,"Flask Volumetric, Amber, Micro with Hexagonal Base & Penny Head Glass Stopper ASTM ""Class A"", Cap.25 ml, Tol.± 0.03 ml, SS 9",Vol. Glassware,1,190.00
46.424.0005R,"Volumetric Flask-ASTM, Wide Mouth Heavy Duty, With Glass Stopper, Class A with Individual Works Certificate, Cap.5 ml, Tol.± 0.08 ml, SS 13",Vol. Glassware,1,67.00
46.424.0010RQR,"Volumetric Flask-ASTM, Wide Mouth Heavy Duty, With Glass Stopper, Class A with Individual Works Certificate, Cap.10 ml, Tol.± 0.08 ml, SS 13",Vol. Glassware,1,0.00
46.424.0020RQR,"Volumetric Flask-ASTM, Wide Mouth Heavy Duty, With Glass Stopper, Class A with Individual Works Certificate, Cap.20 ml, Tol.± 0.08 ml, SS 13",Vol. Glassware,1,103.60
46.424.0025RQR,"Volumetric Flask-ASTM, Wide Mouth Heavy Duty, With Glass Stopper, Class A with Individual Works Certificate, Cap.25 ml, Tol.± 0.08 ml, SS 13",Vol. Glassware,1,103.74
46.424.0030RQR,"Volumetric Flask-ASTM, Wide Mouth Heavy Duty, With Glass Stopper, Class A with Individual Works Certificate, Cap.30 ml, Tol.± 0.08 ml, SS 13",Vol. Glassware,1,113.50
46.424.0050ARQR,"Volumetric Flask-ASTM, Wide Mouth Heavy Duty, With Glass Stopper, Class A with Individual Works Certificate, Cap.50 ml, Tol.± 0.08 ml, SS 13",Vol. Glassware,1,116.13
46.424.0050BRQR,"Volumetric Flask-ASTM, Wide Mouth Heavy Duty, With Glass Stopper, Class A with Individual Works Certificate, Cap.50 ml, Tol.± 0.08 ml, SS 19",Vol. Glassware,1,129.61
46.424.0100RQR,"Volumetric Flask-ASTM, Wide Mouth Heavy Duty, With Glass Stopper, Class A with Individual Works Certificate, Cap.100 ml, Tol.± 0.1 ml, SS 16",Vol. Glassware,1,142.21
46.424.0150RQR,"Volumetric Flask-ASTM, Wide Mouth Heavy Duty, With Glass Stopper, Class A with Individual Works Certificate, Cap.150 ml, Tol.± 0.2 ml, SS 16",Vol. Glassware,1,152.43
46.424.0200RQR,"Volumetric Flask-ASTM, Wide Mouth Heavy Duty, With Glass Stopper, Class A with Individual Works Certificate, Cap.200 ml, Tol.± 0.2 ml, SS 19",Vol. Glassware,1,181.00
46.424.0250RQR,"Volumetric Flask-ASTM, Wide Mouth Heavy Duty, With Glass Stopper, Class A with Individual Works Certificate, Cap.250 ml, Tol.± 0.2 ml, SS 19",Vol. Glassware,1,179.88
46.424.0300RQR,"Volumetric Flask-ASTM, Wide Mouth Heavy Duty, With Glass Stopper, Class A with Individual Works Certificate, Cap.300 ml, Tol.± 0.2 ml, SS 19",Vol. Glassware,1,198.91
46.424.0400QR,"Volumetric Flask-ASTM, Wide Mouth Heavy Duty, With Glass Stopper, Class A with Individual Works Certificate, Cap.400 ml, Tol.± 0.2 ml, SS 19",Vol. Glassware,1,216.90
46.424.0500QR,"Volumetric Flask-ASTM, Wide Mouth Heavy Duty, With Glass Stopper, Class A with Individual Works Certificate, Cap.500 ml, Tol.± 0.2 ml, SS 19",Vol. Glassware,1,245.75
46.424.0750RQR,"Volumetric Flask-ASTM, Wide Mouth Heavy Duty, With Glass Stopper, Class A with Individual Works Certificate, Cap.750 ml, Tol.± 0.3 ml, SS 22",Vol. Glassware,1,360.94
46.424.0900QR,"Volumetric Flask-ASTM, Wide Mouth Heavy Duty, With Glass Stopper, Class A with Individual Works Certificate, Cap.900 ml, Tol.± 0.3 ml, SS 22",Vol. Glassware,1,362.06
46.424.1000QR,"Volumetric Flask-ASTM, Wide Mouth Heavy Duty, With Glass Stopper, Class A with Individual Works Certificate, Cap.1000 ml, Tol.± 0.3 ml, SS 22",Vol. Glassware,1,444.14
46.424.1500RQR,"Volumetric Flask-ASTM, Wide Mouth Heavy Duty, With Glass Stopper, Class A with Individual Works Certificate, Cap.1500 ml, Tol.± 0.5 ml, SS 27",Vol. Glassware,1,897.23
46.424.2000QR,"Volumetric Flask-ASTM, Wide Mouth Heavy Duty, With Glass Stopper, Class A with Individual Works Certificate, Cap.2000 ml, Tol.± 0.5 ml, SS 27",Vol. Glassware,1,1137.64
46.424.4000QR,"Volumetric Flask-ASTM, Wide Mouth Heavy Duty, With Glass Stopper, Class A with Individual Works Certificate, Cap.4000 ml, Tol.± 1 ml, SS 38",Vol. Glassware,1,1533.45
46.434.0005R,"Volumetric Flask-ASTM Amber, Wide Mouth Heavy Duty, With Glass Stopper, Class A with Individual Works Certificate, Cap.5 ml, Tol.± 0.08 ml, SS 13",Vol. Glassware,1,116.00
46.434.0010RQR,"Volumetric Flask-ASTM Amber, Wide Mouth Heavy Duty, With Glass Stopper, Class A with Individual Works Certificate, Cap.10 ml, Tol.± 0.08 ml, SS 13",Vol. Glassware,1,0.00
46.434.0020RQR,"Volumetric Flask-ASTM Amber, Wide Mouth Heavy Duty, With Glass Stopper, Class A with Individual Works Certificate, Cap.20 ml, Tol.± 0.08 ml, SS 13",Vol. Glassware,1,158.02
46.434.0025RQR,"Volumetric Flask-ASTM Amber, Wide Mouth Heavy Duty, With Glass Stopper, Class A with Individual Works Certificate, Cap.25 ml, Tol.± 0.08 ml, SS 13",Vol. Glassware,1,158.11
46.434.0050RQR,"Volumetric Flask-ASTM Amber, Wide Mouth Heavy Duty, With Glass Stopper, Class A with Individual Works Certificate, Cap.50 ml, Tol.± 0.08 ml, SS 13",Vol. Glassware,1,180.97
46.434.0100RQR,"Volumetric Flask-ASTM Amber, Wide Mouth Heavy Duty, With Glass Stopper, Class A with Individual Works Certificate, Cap.100 ml, Tol.± 0.1 ml, SS 16",Vol. Glassware,1,250.79
46.434.0200RQR,"Volumetric Flask-ASTM Amber, Wide Mouth Heavy Duty, With Glass Stopper, Class A with Individual Works Certificate, Cap.200 ml, Tol.± 0.2 ml, SS 19",Vol. Glassware,1,394.24
46.434.0250RQR,"Volumetric Flask-ASTM Amber, Wide Mouth Heavy Duty, With Glass Stopper, Class A with Individual Works Certificate, Cap.250 ml, Tol.± 0.2 ml, SS 19",Vol. Glassware,1,393.13
46.434.0400QR,"Volumetric Flask-ASTM Amber, Wide Mouth Heavy Duty, With Glass Stopper, Class A with Individual Works Certificate, Cap.400 ml, Tol.± 0.2 ml, SS 19",Vol. Glassware,1,441.41
46.434.0500QR,"Volumetric Flask-ASTM Amber, Wide Mouth Heavy Duty, With Glass Stopper, Class A with Individual Works Certificate, Cap.500 ml, Tol.± 0.2 ml, SS 19",Vol. Glassware,1,482.73
46.434.0750RQR,"Volumetric Flask-ASTM Amber, Wide Mouth Heavy Duty, With Glass Stopper, Class A with Individual Works Certificate, Cap.750 ml, Tol.± 0.3 ml, SS 22",Vol. Glassware,1,668.11
46.434.0900QR,"Volumetric Flask-ASTM Amber, Wide Mouth Heavy Duty, With Glass Stopper, Class A with Individual Works Certificate, Cap.900 ml, Tol.± 0.3 ml, SS 22",Vol. Glassware,1,771.79
46.434.1000QR,"Volumetric Flask-ASTM Amber, Wide Mouth Heavy Duty, With Glass Stopper, Class A with Individual Works Certificate, Cap.1000 ml, Tol.± 0.3 ml, SS 22",Vol. Glassware,1,865.41
46.434.2000QR,"Volumetric Flask-ASTM Amber, Wide Mouth Heavy Duty, With Glass Stopper, Class A with Individual Works Certificate, Cap.2000 ml, Tol.± 0.5 ml, SS 27",Vol. Glassware,1,1520.19
70.418.0001IS,"Flask Volumetric, With Interchangeable Glass and Super Stopper™, Class B, Cap.1* ml, Tol.± 0.05 ml, SS 7/16",Vol. Glassware,6,58.80
70.418.0002IS,"Flask Volumetric, With Interchangeable Glass and Super Stopper™, Class B, Cap.2* ml, Tol.± 0.05 ml, SS 7/16",Vol. Glassware,6,58.81
70.418.0005NIS,"Flask Volumetric, With Interchangeable Glass and Super Stopper™, Class B, Cap.5* ml, Tol.± 0.05 ml, SS 7/16",Vol. Glassware,2,62.00
70.418.0010NIS,"Flask Volumetric, With Interchangeable Glass and Super Stopper™, Class B, Cap.10* ml, Tol.± 0.05 ml, SS 7/16",Vol. Glassware,2,69.16
70.418.0005WIS,"Flask Volumetric, With Interchangeable Glass and Super Stopper™, Class B, Cap.5* ml, Tol.± 0.08 ml, SS 10/19",Vol. Glassware,2,57.23
70.418.0010WIS,"Flask Volumetric, With Interchangeable Glass and Super Stopper™, Class B, Cap.10* ml, Tol.± 0.08 ml, SS 10/19",Vol. Glassware,2,55.72
70.418.0020IS,"Flask Volumetric, With Interchangeable Glass and Super Stopper™, Class B, Cap.20* ml, Tol.± 0.08 ml, SS 10/19",Vol. Glassware,2,65.00
70.418.0025IS,"Flask Volumetric, With Interchangeable Glass and Super Stopper™, Class B, Cap.25 ml, Tol.± 0.08 ml, SS 10/19",Vol. Glassware,2,70.20
70.418.0050IS,"Flask Volumetric, With Interchangeable Glass and Super Stopper™, Class B, Cap.50 ml, Tol.± 0.12 ml, SS 12/21",Vol. Glassware,2,84.25
70.418.0100IS,"Flask Volumetric, With Interchangeable Glass and Super Stopper™, Class B, Cap.100 ml, Tol.± 0.2 ml, SS 14/23",Vol. Glassware,2,99.28
70.418.0200IS,"Flask Volumetric, With Interchangeable Glass and Super Stopper™, Class B, Cap.200 ml, Tol.± 0.3 ml, SS 14/23",Vol. Glassware,2,117.49
70.418.0250IS,"Flask Volumetric, With Interchangeable Glass and Super Stopper™, Class B, Cap.250 ml, Tol.± 0.3 ml, SS 14/23",Vol. Glassware,2,118.94
70.418.0500IS,"Flask Volumetric, With Interchangeable Glass and Super Stopper™, Class B, Cap.500 ml, Tol.± 0.5 ml, SS 19/26",Vol. Glassware,2,170.44
70.418.1000IS,"Flask Volumetric, With Interchangeable Glass and Super Stopper™, Class B, Cap.1000 ml, Tol.± 0.8 ml, SS 24/29",Vol. Glassware,2,254.28
70.418.2000IS,"Flask Volumetric, With Interchangeable Glass and Super Stopper™, Class B, Cap.2000 ml, Tol.± 1.2 ml, SS 29/32",Vol. Glassware,1,468.35
71.418.0001IS,"Flask Volumetric Amber, With Interchangeable Glass and Super Stopper™, Class B, Cap.1* ml, Tol.± 0.05 ml, SS 7/16",Vol. Glassware,6,80.06
71.418.0002IS,"Flask Volumetric Amber, With Interchangeable Glass and Super Stopper™, Class B, Cap.2* ml, Tol.± 0.05 ml, SS 7/16",Vol. Glassware,6,80.07
71.418.0005NIS,"Flask Volumetric Amber, With Interchangeable Glass and Super Stopper™, Class B, Cap.5* ml, Tol.± 0.05 ml, SS 7/16",Vol. Glassware,2,97.73
71.418.0010NIS,"Flask Volumetric Amber, With Interchangeable Glass and Super Stopper™, Class B, Cap.10* ml, Tol.± 0.05 ml, SS 7/16",Vol. Glassware,2,97.94
71.418.0005WIS,"Flask Volumetric Amber, With Interchangeable Glass and Super Stopper™, Class B, Cap.5* ml, Tol.± 0.08 ml, SS 10/19",Vol. Glassware,2,84.84
71.418.0010WIS,"Flask Volumetric Amber, With Interchangeable Glass and Super Stopper™, Class B, Cap.10* ml, Tol.± 0.08 ml, SS 10/19",Vol. Glassware,2,86.33
71.418.0020IS,"Flask Volumetric Amber, With Interchangeable Glass and Super Stopper™, Class B, Cap.20* ml, Tol.± 0.08 ml, SS 10/19",Vol. Glassware,2,96.11
71.418.0025IS,"Flask Volumetric Amber, With Interchangeable Glass and Super Stopper™, Class B, Cap.25 ml, Tol.± 0.08 ml, SS 10/19",Vol. Glassware,2,99.03
71.418.0050IS,"Flask Volumetric Amber, With Interchangeable Glass and Super Stopper™, Class B, Cap.50 ml, Tol.± 0.12 ml, SS 12/21",Vol. Glassware,2,112.70
71.418.0100IS,"Flask Volumetric Amber, With Interchangeable Glass and Super Stopper™, Class B, Cap.100 ml, Tol.± 0.2 ml, SS 14/23",Vol. Glassware,2,154.75
71.418.0200IS,"Flask Volumetric Amber, With Interchangeable Glass and Super Stopper™, Class B, Cap.200 ml, Tol.± 0.3 ml, SS 14/23",Vol. Glassware,2,185.28
71.418.0250IS,"Flask Volumetric Amber, With Interchangeable Glass and Super Stopper™, Class B, Cap.250 ml, Tol.± 0.3 ml, SS 14/23",Vol. Glassware,2,197.47
71.418.0500IS,"Flask Volumetric Amber, With Interchangeable Glass and Super Stopper™, Class B, Cap.500 ml, Tol.± 0.5 ml, SS 19/26",Vol. Glassware,2,288.61
71.418.1000IS,"Flask Volumetric Amber, With Interchangeable Glass and Super Stopper™, Class B, Cap.1000 ml, Tol.± 0.8 ml, SS 24/29",Vol. Glassware,2,465.40
71.418.2000IS,"Flask Volumetric Amber, With Interchangeable Glass and Super Stopper™, Class B, Cap.2000 ml, Tol.± 1.2 ml, SS 29/32",Vol. Glassware,1,750.18
77.440.0100,"Flasks Volumetric Sugar Estimation With Two Marks Without Stopper, Class 'A' of B.S  675, Cap. 100 ml. and 110 ml",Vol. Glassware,2,104.77
70.440.0100,"Flasks Volumetric Sugar Estimation With Two Marks Without Stopper, Class 'B' of B.S. 675, Cap. 100 ml. and 110 ml",Vol. Glassware,2,83.89
75.417.0050IS,"Flask Volumetric Amber, With Special White Mark, Interchangeable Glass and Super Stopper™, Class A With Individual Works Certificate, Cap.50 ml, Tol.± 0.06 ml, SS 12/21",Vol. Glassware,2,135.59
75.417.0100IS,"Flask Volumetric Amber, With Special White Mark, Interchangeable Glass and Super Stopper™, Class A With Individual Works Certificate, Cap.100 ml, Tol.± 0.1 ml, SS 14/23",Vol. Glassware,2,175.01
75.417.0200IS,"Flask Volumetric Amber, With Special White Mark, Interchangeable Glass and Super Stopper™, Class A With Individual Works Certificate, Cap.200 ml, Tol.± 0.15 ml, SS 14/23",Vol. Glassware,2,229.78
75.417.0250IS,"Flask Volumetric Amber, With Special White Mark, Interchangeable Glass and Super Stopper™, Class A With Individual Works Certificate, Cap.250 ml, Tol.± 0.15 ml, SS 14/23",Vol. Glassware,2,220.01
77.417.0005NIS,"Flask Volumetric, Color Coded, With Interchangeable Glass and Super Stopper™, Class A With Individual Works Certificate, Cap.5* ml, Tol.±  ml, SS Yellow",Vol. Glassware,2,77.64
77.417.0010NIS,"Flask Volumetric, Color Coded, With Interchangeable Glass and Super Stopper™, Class A With Individual Works Certificate, Cap.10* ml, Tol.±  ml, SS Orange",Vol. Glassware,2,77.76
77.417.0005WIS,"Flask Volumetric, Color Coded, With Interchangeable Glass and Super Stopper™, Class A With Individual Works Certificate, Cap.5* ml, Tol.±  ml, SS Yellow",Vol. Glassware,2,68.73
77.417.0010WIS,"Flask Volumetric, Color Coded, With Interchangeable Glass and Super Stopper™, Class A With Individual Works Certificate, Cap.10* ml, Tol.±  ml, SS Orange",Vol. Glassware,2,70.31
77.417.0020IS,"Flask Volumetric, Color Coded, With Interchangeable Glass and Super Stopper™, Class A With Individual Works Certificate, Cap.20* ml, Tol.±  ml, SS Blue",Vol. Glassware,2,74.02
77.417.0025IS,"Flask Volumetric, Color Coded, With Interchangeable Glass and Super Stopper™, Class A With Individual Works Certificate, Cap.25 ml, Tol.±  ml, SS Green",Vol. Glassware,2,84.33
77.417.0050IS,"Flask Volumetric, Color Coded, With Interchangeable Glass and Super Stopper™, Class A With Individual Works Certificate, Cap.50 ml, Tol.±  ml, SS Red",Vol. Glassware,2,96.98
77.417.0100IS,"Flask Volumetric, Color Coded, With Interchangeable Glass and Super Stopper™, Class A With Individual Works Certificate, Cap.100 ml, Tol.±  ml, SS Green",Vol. Glassware,2,112.92
77.417.0200IS,"Flask Volumetric, Color Coded, With Interchangeable Glass and Super Stopper™, Class A With Individual Works Certificate, Cap.200 ml, Tol.±  ml, SS White",Vol. Glassware,2,142.79
77.417.0250IS,"Flask Volumetric, Color Coded, With Interchangeable Glass and Super Stopper™, Class A With Individual Works Certificate, Cap.250 ml, Tol.±  ml, SS Yellow",Vol. Glassware,2,134.06
77.417.0500IS,"Flask Volumetric, Color Coded, With Interchangeable Glass and Super Stopper™, Class A With Individual Works Certificate, Cap.500 ml, Tol.±  ml, SS Red",Vol. Glassware,2,188.40
77.417.1000IS,"Flask Volumetric, Color Coded, With Interchangeable Glass and Super Stopper™, Class A With Individual Works Certificate, Cap.1000 ml, Tol.±  ml, SS Blue",Vol. Glassware,2,301.48
77.417.2000IS,"Flask Volumetric, Color Coded, With Interchangeable Glass and Super Stopper™, Class A With Individual Works Certificate, Cap.2000 ml, Tol.±  ml, SS White",Vol. Glassware,1,520.22
72.418.0005NIS,"Flask Volumetric, With Interchangeable Glass and Super Stopper™, Class A With NABL Certificate, Cap.5* ml, Tol.± 0.025 ml, SS 7/16",Vol. Glassware,1,118.59
72.418.0010NIS,"Flask Volumetric, With Interchangeable Glass and Super Stopper™, Class A With NABL Certificate, Cap.10* ml, Tol.± 0.025 ml, SS 7/16",Vol. Glassware,1,118.59
72.418.0005WIS,"Flask Volumetric, With Interchangeable Glass and Super Stopper™, Class A With NABL Certificate, Cap.5* ml, Tol.± 0.04 ml, SS 10/19",Vol. Glassware,1,108.36
72.418.0010WIS,"Flask Volumetric, With Interchangeable Glass and Super Stopper™, Class A With NABL Certificate, Cap.10* ml, Tol.± 0.04 ml, SS 10/19",Vol. Glassware,1,108.65
72.418.0015IS,"Flask Volumetric, With Interchangeable Glass and Super Stopper™, Class A With NABL Certificate, Cap.15* ml, Tol.± 0.04 ml, SS 10/19",Vol. Glassware,1,107.60
72.418.0020IS,"Flask Volumetric, With Interchangeable Glass and Super Stopper™, Class A With NABL Certificate, Cap.20* ml, Tol.± 0.04 ml, SS 10/19",Vol. Glassware,1,125.46
72.418.0025IS,"Flask Volumetric, With Interchangeable Glass and Super Stopper™, Class A With NABL Certificate, Cap.25 ml, Tol.± 0.04 ml, SS 10/19",Vol. Glassware,1,131.91
72.418.0030IS,"Flask Volumetric, With Interchangeable Glass and Super Stopper™, Class A With NABL Certificate, Cap.30 ml, Tol.± 0.04 ml, SS 10/19",Vol. Glassware,1,143.93
72.418.0050IS,"Flask Volumetric, With Interchangeable Glass and Super Stopper™, Class A With NABL Certificate, Cap.50 ml, Tol.± 0.06 ml, SS 12/21",Vol. Glassware,1,141.22
72.418.0075IS,"Flask Volumetric, With Interchangeable Glass and Super Stopper™, Class A With NABL Certificate, Cap.75 ml, Tol.± 0.06 ml, SS 12/21",Vol. Glassware,1,158.50
72.418.0100IS,"Flask Volumetric, With Interchangeable Glass and Super Stopper™, Class A With NABL Certificate, Cap.100 ml, Tol.± 0.1 ml, SS 14/23",Vol. Glassware,1,161.97
72.418.0150IS,"Flask Volumetric, With Interchangeable Glass and Super Stopper™, Class A With NABL Certificate, Cap.150 ml, Tol.± 0.1 ml, SS 14/23",Vol. Glassware,1,162.04
72.418.0200IS,"Flask Volumetric, With Interchangeable Glass and Super Stopper™, Class A With NABL Certificate, Cap.200 ml, Tol.± 0.15 ml, SS 14/23",Vol. Glassware,1,200.89
72.418.0250IS,"Flask Volumetric, With Interchangeable Glass and Super Stopper™, Class A With NABL Certificate, Cap.250 ml, Tol.± 0.15 ml, SS 14/23",Vol. Glassware,1,203.41
72.418.0300IS,"Flask Volumetric, With Interchangeable Glass and Super Stopper™, Class A With NABL Certificate, Cap.300 ml, Tol.± 0.15 ml, SS 14/23",Vol. Glassware,1,201.89
72.418.0500IS,"Flask Volumetric, With Interchangeable Glass and Super Stopper™, Class A With NABL Certificate, Cap.500 ml, Tol.± 0.25 ml, SS 19/26",Vol. Glassware,1,256.00
72.418.1000IS,"Flask Volumetric, With Interchangeable Glass and Super Stopper™, Class A With NABL Certificate, Cap.1000 ml, Tol.± 0.4 ml, SS 24/29",Vol. Glassware,1,393.88
72.418.2000IS,"Flask Volumetric, With Interchangeable Glass and Super Stopper™, Class A With NABL Certificate, Cap.2000 ml, Tol.± 0.6 ml, SS 29/32",Vol. Glassware,1,705.19
73.418.0005NIS,"Flask Volumetric Amber, With Interchangeable Glass and Super Stopper™, Class A With NABL Certificate, Cap.5* ml, Tol.± 0.025 ml, SS 7/16",Vol. Glassware,1,149.92
73.418.0010NIS,"Flask Volumetric Amber, With Interchangeable Glass and Super Stopper™, Class A With NABL Certificate, Cap.10* ml, Tol.± 0.025 ml, SS 7/16",Vol. Glassware,1,150.20
73.418.0005WIS,"Flask Volumetric Amber, With Interchangeable Glass and Super Stopper™, Class A With NABL Certificate, Cap.5* ml, Tol.± 0.04 ml, SS 10/19",Vol. Glassware,1,132.99
73.418.0010WIS,"Flask Volumetric Amber, With Interchangeable Glass and Super Stopper™, Class A With NABL Certificate, Cap.10* ml, Tol.± 0.04 ml, SS 10/19",Vol. Glassware,1,133.27
73.418.0020IS,"Flask Volumetric Amber, With Interchangeable Glass and Super Stopper™, Class A With NABL Certificate, Cap.20* ml, Tol.± 0.04 ml, SS 10/19",Vol. Glassware,1,150.52
73.418.0025IS,"Flask Volumetric Amber, With Interchangeable Glass and Super Stopper™, Class A With NABL Certificate, Cap.25 ml, Tol.± 0.04 ml, SS 10/19",Vol. Glassware,1,156.67
73.418.0050IS,"Flask Volumetric Amber, With Interchangeable Glass and Super Stopper™, Class A With NABL Certificate, Cap.50 ml, Tol.± 0.06 ml, SS 12/21",Vol. Glassware,1,170.01
73.418.0100IS,"Flask Volumetric Amber, With Interchangeable Glass and Super Stopper™, Class A With NABL Certificate, Cap.100 ml, Tol.± 0.1 ml, SS 14/23",Vol. Glassware,1,215.19
73.418.0200IS,"Flask Volumetric Amber, With Interchangeable Glass and Super Stopper™, Class A With NABL Certificate, Cap.200 ml, Tol.± 0.15 ml, SS 14/23",Vol. Glassware,1,279.44
73.418.0250IS,"Flask Volumetric Amber, With Interchangeable Glass and Super Stopper™, Class A With NABL Certificate, Cap.250 ml, Tol.± 0.15 ml, SS 14/23",Vol. Glassware,1,281.37
73.418.0500IS,"Flask Volumetric Amber, With Interchangeable Glass and Super Stopper™, Class A With NABL Certificate, Cap.500 ml, Tol.± 0.25 ml, SS 19/26",Vol. Glassware,1,377.80
73.418.1000IS,"Flask Volumetric Amber, With Interchangeable Glass and Super Stopper™, Class A With NABL Certificate, Cap.1000 ml, Tol.± 0.4 ml, SS 24/29",Vol. Glassware,1,639.46
73.418.2000IS,"Flask Volumetric Amber, With Interchangeable Glass and Super Stopper™, Class A With NABL Certificate, Cap.2000 ml, Tol.± 0.6 ml, SS 29/32",Vol. Glassware,1,294.72
77.504.0005QI,"Measuring Cylinder, With Pour-out,  Hexagonal  Base, Class A With  Individual Works Certificate with QR Code, Cap.5 ml, Sub-div. 0.1 ml, Tol.± 0.05 ml",Vol. Glassware,2,82.83
77.504.0010QI,"Measuring Cylinder, With Pour-out,  Hexagonal  Base, Class A With  Individual Works Certificate with QR Code, Cap.10 ml, Sub-div. 0.2 ml, Tol.± 0.1 ml",Vol. Glassware,2,84.00
77.504.0025QI,"Measuring Cylinder, With Pour-out,  Hexagonal  Base, Class A With  Individual Works Certificate with QR Code, Cap.25 ml, Sub-div. 0.5 ml, Tol.± 0.25 ml",Vol. Glassware,2,118.78
77.504.0050QI,"Measuring Cylinder, With Pour-out,  Hexagonal  Base, Class A With  Individual Works Certificate with QR Code, Cap.50 ml, Sub-div. 1 ml, Tol.± 0.5 ml",Vol. Glassware,2,132.49
77.504.0100QI,"Measuring Cylinder, With Pour-out,  Hexagonal  Base, Class A With  Individual Works Certificate with QR Code, Cap.100 ml, Sub-div. 1 ml, Tol.± 0.5 ml",Vol. Glassware,2,176.92
77.504.0250QI,"Measuring Cylinder, With Pour-out,  Hexagonal  Base, Class A With  Individual Works Certificate with QR Code, Cap.250 ml, Sub-div. 2 ml, Tol.± 1 ml",Vol. Glassware,2,231.29
77.504.0500QI,"Measuring Cylinder, With Pour-out,  Hexagonal  Base, Class A With  Individual Works Certificate with QR Code, Cap.500 ml, Sub-div. 5 ml, Tol.± 2.5 ml",Vol. Glassware,2,320.97
77.504.1000QI,"Measuring Cylinder, With Pour-out,  Hexagonal  Base, Class A With  Individual Works Certificate with QR Code, Cap.1000 ml, Sub-div. 10 ml, Tol.± 5 ml",Vol. Glassware,1,472.90
77.504.2000QI,"Measuring Cylinder, With Pour-out,  Hexagonal  Base, Class A With  Individual Works Certificate with QR Code, Cap.2000 ml, Sub-div. 20 ml, Tol.± 10 ml",Vol. Glassware,1,682.74
77.504.0005IS,"Measuring Cylinder, With Pour-out,  Hexagonal  Base, Class A With  Individual Works Certificate, Cap.5 ml, Sub-div. 0.1 ml, Tol.± 0.05 ml",Vol. Glassware,2,91.51
77.504.0010IS,"Measuring Cylinder, With Pour-out,  Hexagonal  Base, Class A With  Individual Works Certificate, Cap.10 ml, Sub-div. 0.2 ml, Tol.± 0.1 ml",Vol. Glassware,2,92.95
77.504.0025IS,"Measuring Cylinder, With Pour-out,  Hexagonal  Base, Class A With  Individual Works Certificate, Cap.25 ml, Sub-div. 0.5 ml, Tol.± 0.25 ml",Vol. Glassware,2,111.96
77.504.0050IS,"Measuring Cylinder, With Pour-out,  Hexagonal  Base, Class A With  Individual Works Certificate, Cap.50 ml, Sub-div. 1 ml, Tol.± 0.5 ml",Vol. Glassware,2,126.06
77.504.0100IS,"Measuring Cylinder, With Pour-out,  Hexagonal  Base, Class A With  Individual Works Certificate, Cap.100 ml, Sub-div. 1 ml, Tol.± 0.5 ml",Vol. Glassware,2,167.72
77.504.0250IS,"Measuring Cylinder, With Pour-out,  Hexagonal  Base, Class A With  Individual Works Certificate, Cap.250 ml, Sub-div. 2 ml, Tol.± 1 ml",Vol. Glassware,2,222.46
77.504.0500IS,"Measuring Cylinder, With Pour-out,  Hexagonal  Base, Class A With  Individual Works Certificate, Cap.500 ml, Sub-div. 5 ml, Tol.± 2.5 ml",Vol. Glassware,2,304.78
77.504.1000IS,"Measuring Cylinder, With Pour-out,  Hexagonal  Base, Class A With  Individual Works Certificate, Cap.1000 ml, Sub-div. 10 ml, Tol.± 5 ml",Vol. Glassware,1,458.85
77.504.2000IS,"Measuring Cylinder, With Pour-out,  Hexagonal  Base, Class A With  Individual Works Certificate, Cap.2000 ml, Sub-div. 20 ml, Tol.± 10 ml",Vol. Glassware,1,676.60
70.504.0005IS,"Measuring Cylinder, With Pour-out,  Hexagonal Base Class B, Cap.5 ml, Sub-div. 0.1 ml, Tol.± 0.1 ml",Vol. Glassware,2,72.86
70.504.0010IS,"Measuring Cylinder, With Pour-out,  Hexagonal Base Class B, Cap.10 ml, Sub-div. 0.2 ml, Tol.± 0.2 ml",Vol. Glassware,2,74.15
70.504.0025IS,"Measuring Cylinder, With Pour-out,  Hexagonal Base Class B, Cap.25 ml, Sub-div. 0.5 ml, Tol.± 0.5 ml",Vol. Glassware,2,85.51
70.504.0050IS,"Measuring Cylinder, With Pour-out,  Hexagonal Base Class B, Cap.50 ml, Sub-div. 1 ml, Tol.± 1 ml",Vol. Glassware,2,98.07
70.504.0100IS,"Measuring Cylinder, With Pour-out,  Hexagonal Base Class B, Cap.100 ml, Sub-div. 1 ml, Tol.± 1 ml",Vol. Glassware,2,135.23
70.504.0250IS,"Measuring Cylinder, With Pour-out,  Hexagonal Base Class B, Cap.250 ml, Sub-div. 2 ml, Tol.± 2 ml",Vol. Glassware,2,185.54
70.504.0500IS,"Measuring Cylinder, With Pour-out,  Hexagonal Base Class B, Cap.500 ml, Sub-div. 5 ml, Tol.± 5 ml",Vol. Glassware,2,259.74
70.504.1000IS,"Measuring Cylinder, With Pour-out,  Hexagonal Base Class B, Cap.1000 ml, Sub-div. 10 ml, Tol.± 10 ml",Vol. Glassware,1,395.33
70.504.2000IS,"Measuring Cylinder, With Pour-out,  Hexagonal Base Class B, Cap.2000 ml, Sub-div. 20 ml, Tol.± 20 ml",Vol. Glassware,1,554.79
50.522.0005,"Measuring Cylinder, USP Standard With Pour-out & Hexagonal Glass Base, Class A With Individual Works Certificate, Cap.5 ml, Sub-div. 0.1 ml, Tol.± 0.05 ml",Vol. Glassware,2,83.94
50.522.0010,"Measuring Cylinder, USP Standard With Pour-out & Hexagonal Glass Base, Class A With Individual Works Certificate, Cap.10 ml, Sub-div. 0.2 ml, Tol.± 0.1 ml",Vol. Glassware,2,85.36
50.522.0025,"Measuring Cylinder, USP Standard With Pour-out & Hexagonal Glass Base, Class A With Individual Works Certificate, Cap.25 ml, Sub-div. 0.5 ml, Tol.± 0.17 ml",Vol. Glassware,2,99.33
50.522.0050,"Measuring Cylinder, USP Standard With Pour-out & Hexagonal Glass Base, Class A With Individual Works Certificate, Cap.50 ml, Sub-div. 1 ml, Tol.± 0.25 ml",Vol. Glassware,2,111.87
50.522.0100,"Measuring Cylinder, USP Standard With Pour-out & Hexagonal Glass Base, Class A With Individual Works Certificate, Cap.100 ml, Sub-div. 1 ml, Tol.± 0.5 ml",Vol. Glassware,2,151.68
50.522.0250,"Measuring Cylinder, USP Standard With Pour-out & Hexagonal Glass Base, Class A With Individual Works Certificate, Cap.250 ml, Sub-div. 2 ml, Tol.± 1 ml",Vol. Glassware,2,196.81
50.522.0500,"Measuring Cylinder, USP Standard With Pour-out & Hexagonal Glass Base, Class A With Individual Works Certificate, Cap.500 ml, Sub-div. 5 ml, Tol.± 2 ml",Vol. Glassware,2,307.98
50.522.1000,"Measuring Cylinder, USP Standard With Pour-out & Hexagonal Glass Base, Class A With Individual Works Certificate, Cap.1000 ml, Sub-div. 10 ml, Tol.± 3 ml",Vol. Glassware,1,440.03
50.522.2000,"Measuring Cylinder, USP Standard With Pour-out & Hexagonal Glass Base, Class A With Individual Works Certificate, Cap.2000 ml, Sub-div. 20 ml, Tol.± 6 ml",Vol. Glassware,1,699.23
77.502.0005IS,"Measuring Cylinder, With Pour-out & Round  Base, Class A With  Individual Works Certificate, Cap.5 ml, Sub-div. 0.1 ml, Tol.± 0.05 ml",Vol. Glassware,2,55.94
77.502.0010IS,"Measuring Cylinder, With Pour-out & Round  Base, Class A With  Individual Works Certificate, Cap.10 ml, Sub-div. 0.2 ml, Tol.± 0.1 ml",Vol. Glassware,2,64.64
77.502.0025IS,"Measuring Cylinder, With Pour-out & Round  Base, Class A With  Individual Works Certificate, Cap.25 ml, Sub-div. 0.5 ml, Tol.± 0.25 ml",Vol. Glassware,2,81.63
77.502.0050IS,"Measuring Cylinder, With Pour-out & Round  Base, Class A With  Individual Works Certificate, Cap.50 ml, Sub-div. 1 ml, Tol.± 0.5 ml",Vol. Glassware,2,95.92
77.502.0100IS,"Measuring Cylinder, With Pour-out & Round  Base, Class A With  Individual Works Certificate, Cap.100 ml, Sub-div. 1 ml, Tol.± 0.5 ml",Vol. Glassware,2,114.39
77.502.0250IS,"Measuring Cylinder, With Pour-out & Round  Base, Class A With  Individual Works Certificate, Cap.250 ml, Sub-div. 2 ml, Tol.± 1 ml",Vol. Glassware,2,168.88
77.502.0500IS,"Measuring Cylinder, With Pour-out & Round  Base, Class A With  Individual Works Certificate, Cap.500 ml, Sub-div. 5 ml, Tol.± 2.5 ml",Vol. Glassware,2,229.99
77.502.1000IS,"Measuring Cylinder, With Pour-out & Round  Base, Class A With  Individual Works Certificate, Cap.1000 ml, Sub-div. 10 ml, Tol.± 5 ml",Vol. Glassware,2,369.83
77.502.2000IS,"Measuring Cylinder, With Pour-out & Round  Base, Class A With  Individual Works Certificate, Cap.2000 ml, Sub-div. 20 ml, Tol.± 10 ml",Vol. Glassware,1,495.01
70.502.0005IS,"Measuring Cylinder, With Pour-out & Round Base, Class B, Cap.5 ml, Sub-div. 0.1 ml, Tol.± 0.1 ml",Vol. Glassware,2,48.40
70.502.0010IS,"Measuring Cylinder, With Pour-out & Round Base, Class B, Cap.10 ml, Sub-div. 0.2 ml, Tol.± 0.2 ml",Vol. Glassware,2,48.65
70.502.0025IS,"Measuring Cylinder, With Pour-out & Round Base, Class B, Cap.25 ml, Sub-div. 0.5 ml, Tol.± 0.5 ml",Vol. Glassware,2,49.07
70.502.0050IS,"Measuring Cylinder, With Pour-out & Round Base, Class B, Cap.50 ml, Sub-div. 1 ml, Tol.± 1 ml",Vol. Glassware,2,70.96
70.502.0100IS,"Measuring Cylinder, With Pour-out & Round Base, Class B, Cap.100 ml, Sub-div. 1 ml, Tol.± 1 ml",Vol. Glassware,2,87.86
70.502.0250IS,"Measuring Cylinder, With Pour-out & Round Base, Class B, Cap.250 ml, Sub-div. 2 ml, Tol.± 2 ml",Vol. Glassware,2,137.83
70.502.0500IS,"Measuring Cylinder, With Pour-out & Round Base, Class B, Cap.500 ml, Sub-div. 5 ml, Tol.± 5 ml",Vol. Glassware,2,192.84
70.502.1000IS,"Measuring Cylinder, With Pour-out & Round Base, Class B, Cap.1000 ml, Sub-div. 10 ml, Tol.± 10 ml",Vol. Glassware,2,316.35
70.502.2000IS,"Measuring Cylinder, With Pour-out & Round Base, Class B, Cap.2000 ml, Sub-div. 20 ml, Tol.± 20 ml",Vol. Glassware,1,412.24
77.507.0005IS,"Measuring Cylinders, With Interchangeable Stopper, Hexagonal Base, Class A, With Individual Works Certificate., Cap.5 ml, Sub-div. 0.1 ml, Tol.± 0.05 ml, SS 10/19",Vol. Glassware,2,102.69
77.507.0010IS,"Measuring Cylinders, With Interchangeable Stopper, Hexagonal Base, Class A, With Individual Works Certificate., Cap.10 ml, Sub-div. 0.2 ml, Tol.± 0.1 ml, SS 10/19",Vol. Glassware,2,114.77
77.507.0025IS,"Measuring Cylinders, With Interchangeable Stopper, Hexagonal Base, Class A, With Individual Works Certificate., Cap.25 ml, Sub-div. 0.5 ml, Tol.± 0.25 ml, SS 14/23",Vol. Glassware,2,121.40
77.507.0050IS,"Measuring Cylinders, With Interchangeable Stopper, Hexagonal Base, Class A, With Individual Works Certificate., Cap.50 ml, Sub-div. 1 ml, Tol.± 0.5 ml, SS 14/23",Vol. Glassware,2,150.56
77.507.0100IS,"Measuring Cylinders, With Interchangeable Stopper, Hexagonal Base, Class A, With Individual Works Certificate., Cap.100 ml, Sub-div. 1 ml, Tol.± 0.5 ml, SS 19/26",Vol. Glassware,2,202.29
77.507.0250IS,"Measuring Cylinders, With Interchangeable Stopper, Hexagonal Base, Class A, With Individual Works Certificate., Cap.250 ml, Sub-div. 2 ml, Tol.± 1 ml, SS 24/29",Vol. Glassware,2,271.22
77.507.0500IS,"Measuring Cylinders, With Interchangeable Stopper, Hexagonal Base, Class A, With Individual Works Certificate., Cap.500 ml, Sub-div. 5 ml, Tol.± 2.5 ml, SS 24/29",Vol. Glassware,2,355.36
77.507.1000IS,"Measuring Cylinders, With Interchangeable Stopper, Hexagonal Base, Class A, With Individual Works Certificate., Cap.1000 ml, Sub-div. 10 ml, Tol.± 5 ml, SS 29/32",Vol. Glassware,1,523.54
77.507.2000IS,"Measuring Cylinders, With Interchangeable Stopper, Hexagonal Base, Class A, With Individual Works Certificate., Cap.2000 ml, Sub-div. 20 ml, Tol.± 10 ml, SS 34/35",Vol. Glassware,1,763.43
70.507.0005IS,"Measuring Cylinders, With Interchangeable Stopper, Hexagonal Base, Class B, Cap.5 ml, Sub-div. 0.1 ml, Tol.± 0.1 ml, SS 10/19",Vol. Glassware,2,84.36
70.507.0010IS,"Measuring Cylinders, With Interchangeable Stopper, Hexagonal Base, Class B, Cap.10 ml, Sub-div. 0.2 ml, Tol.± 0.2 ml, SS 10/19",Vol. Glassware,2,85.52
70.507.0025IS,"Measuring Cylinders, With Interchangeable Stopper, Hexagonal Base, Class B, Cap.25 ml, Sub-div. 0.5 ml, Tol.± 0.5 ml, SS 14/23",Vol. Glassware,2,108.41
70.507.0050IS,"Measuring Cylinders, With Interchangeable Stopper, Hexagonal Base, Class B, Cap.50 ml, Sub-div. 1 ml, Tol.± 1 ml, SS 14/23",Vol. Glassware,2,121.17
70.507.0100IS,"Measuring Cylinders, With Interchangeable Stopper, Hexagonal Base, Class B, Cap.100 ml, Sub-div. 1 ml, Tol.± 1 ml, SS 19/26",Vol. Glassware,2,167.89
70.507.0250IS,"Measuring Cylinders, With Interchangeable Stopper, Hexagonal Base, Class B, Cap.250 ml, Sub-div. 2 ml, Tol.± 2 ml, SS 24/29",Vol. Glassware,2,189.49
70.507.0500IS,"Measuring Cylinders, With Interchangeable Stopper, Hexagonal Base, Class B, Cap.500 ml, Sub-div. 5 ml, Tol.± 5 ml, SS 24/29",Vol. Glassware,2,307.60
70.507.1000IS,"Measuring Cylinders, With Interchangeable Stopper, Hexagonal Base, Class B, Cap.1000 ml, Sub-div. 10 ml, Tol.± 10 ml, SS 29/32",Vol. Glassware,1,456.45
70.507.2000IS,"Measuring Cylinders, With Interchangeable Stopper, Hexagonal Base, Class B, Cap.2000 ml, Sub-div. 20 ml, Tol.± 20 ml, SS 34/34",Vol. Glassware,1,597.74
77.506.0010IS,"Measuring Cylinder Round Base, With Interchangeable Glass Stopper, Class A With  Individual Works Certificate, Cap.10 ml, Sub-div. 0.2 ml, Tol.± 0.1 ml, SS 10/19",Vol. Glassware,2,86.99
77.506.0025IS,"Measuring Cylinder Round Base, With Interchangeable Glass Stopper, Class A With  Individual Works Certificate, Cap.25 ml, Sub-div. 0.5 ml, Tol.± 0.25 ml, SS 14/23",Vol. Glassware,2,92.04
77.506.0050IS,"Measuring Cylinder Round Base, With Interchangeable Glass Stopper, Class A With  Individual Works Certificate, Cap.50 ml, Sub-div. 1 ml, Tol.± 0.5 ml, SS 14/23",Vol. Glassware,2,102.52
77.506.0100IS,"Measuring Cylinder Round Base, With Interchangeable Glass Stopper, Class A With  Individual Works Certificate, Cap.100 ml, Sub-div. 1 ml, Tol.± 0.5 ml, SS 19/26",Vol. Glassware,2,156.17
77.506.0250IS,"Measuring Cylinder Round Base, With Interchangeable Glass Stopper, Class A With  Individual Works Certificate, Cap.250 ml, Sub-div. 2 ml, Tol.± 1 ml, SS 24/29",Vol. Glassware,2,187.04
70.506.0005IS,"Measuring Cylinder Round Base, With interchangeable Glass Stopper,  Class B, Cap.5 ml, Sub-div. 0.1 ml, Tol.± 0.1 ml, SS 10/19",Vol. Glassware,2,59.67
70.506.0010IS,"Measuring Cylinder Round Base, With interchangeable Glass Stopper,  Class B, Cap.10 ml, Sub-div. 0.2 ml, Tol.± 0.2 ml, SS 10/19",Vol. Glassware,2,60.83
70.506.0025IS,"Measuring Cylinder Round Base, With interchangeable Glass Stopper,  Class B, Cap.25 ml, Sub-div. 0.5 ml, Tol.± 0.5 ml, SS 14/23",Vol. Glassware,2,70.09
70.506.0050IS,"Measuring Cylinder Round Base, With interchangeable Glass Stopper,  Class B, Cap.50 ml, Sub-div. 1 ml, Tol.± 1 ml, SS 14/23",Vol. Glassware,2,81.97
70.506.0100IS,"Measuring Cylinder Round Base, With interchangeable Glass Stopper,  Class B, Cap.100 ml, Sub-div. 1 ml, Tol.± 1 ml, SS 19/26",Vol. Glassware,2,126.97
70.506.0250IS,"Measuring Cylinder Round Base, With interchangeable Glass Stopper,  Class B, Cap.250 ml, Sub-div. 2 ml, Tol.± 2 ml, SS 24/29",Vol. Glassware,2,182.38
70.506.0500IS,"Measuring Cylinder Round Base, With interchangeable Glass Stopper,  Class B, Cap.500 ml, Sub-div. 5 ml, Tol.± 5 ml, SS 24/29",Vol. Glassware,2,228.60
70.506.1000IS,"Measuring Cylinder Round Base, With interchangeable Glass Stopper,  Class B, Cap.1000 ml, Sub-div. 10 ml, Tol.± 10 ml, SS 29/32",Vol. Glassware,2,355.90
70.508.0050,"Nessler Cylinder In Compliance With IS 4161:1967 For Colour Comparison, Cap.50 ml, Sub-div. 25 & 50 ml",Vol. Glassware,2,42.99
70.508.0100,"Nessler Cylinder In Compliance With IS 4161:1967 For Colour Comparison, Cap.100 ml, Sub-div. 50 & 100 ml",Vol. Glassware,2,52.95
77.508.0050,"Nessler Cylinder, In Compliance With IS 4161:1967 For Colour Comparison, Class 'A' With  Individual Works Certificate, Cap.50 ml, Sub-div. 25 & 50 ml, Tol.± 0.4 ml",Vol. Glassware,2,61.75
77.508.0100,"Nessler Cylinder, In Compliance With IS 4161:1967 For Colour Comparison, Class 'A' With  Individual Works Certificate, Cap.100 ml, Sub-div. 50 & 100 ml, Tol.± 0.8 ml",Vol. Glassware,2,72.97
77.515.0050,"Nessler Cylinder, For Colour Comparison, With Interchangeable Stopper, Graduated as  per IS 4161 : 1967, Class 'A' With Individual Works Certificate, Cap.50 ml, Sub-div. 25 to 50 ml, Tol.± 0.4 ml, SS 19/26",Vol. Glassware,2,89.69
77.515.0100,"Nessler Cylinder, For Colour Comparison, With Interchangeable Stopper, Graduated as  per IS 4161 : 1967, Class 'A' With Individual Works Certificate, Cap.100 ml, Sub-div. 50 & 100 ml, Tol.± 0.8 ml, SS 19/26",Vol. Glassware,2,106.38
50.518.0350,"Cylinder, Tapped Density Cylinder, USP, Cap.100 & 250 ml",Vol. Glassware,1,400.40
50.518.0100,"Cylinder, Tapped Density Cylinder, USP, Cap.100 ml",Vol. Glassware,1,170.17
50.518.0250,"Cylinder, Tapped Density Cylinder, USP, Cap.250 ml",Vol. Glassware,1,230.23
72.504.0005IS,"Measuring Cylinder,  With Pour-out, Hexagonal Base, Class A With NABL Certificate, Cap.5 ml, Sub-div. 0.1 ml, Tol.± 0.05 ml",Vol. Glassware,1,140.58
72.504.0010IS,"Measuring Cylinder,  With Pour-out, Hexagonal Base, Class A With NABL Certificate, Cap.10 ml, Sub-div. 0.2 ml, Tol.± 0.1 ml",Vol. Glassware,1,142.13
72.504.0025IS,"Measuring Cylinder,  With Pour-out, Hexagonal Base, Class A With NABL Certificate, Cap.25 ml, Sub-div. 0.5 ml, Tol.± 0.25 ml",Vol. Glassware,1,164.94
72.504.0050IS,"Measuring Cylinder,  With Pour-out, Hexagonal Base, Class A With NABL Certificate, Cap.50 ml, Sub-div. 1 ml, Tol.± 0.5 ml",Vol. Glassware,1,183.33
72.504.0100IS,"Measuring Cylinder,  With Pour-out, Hexagonal Base, Class A With NABL Certificate, Cap.100 ml, Sub-div. 1 ml, Tol.± 0.5 ml",Vol. Glassware,1,233.38
72.504.0250IS,"Measuring Cylinder,  With Pour-out, Hexagonal Base, Class A With NABL Certificate, Cap.250 ml, Sub-div. 2 ml, Tol.± 1 ml",Vol. Glassware,1,298.49
72.504.0500IS,"Measuring Cylinder,  With Pour-out, Hexagonal Base, Class A With NABL Certificate, Cap.500 ml, Sub-div. 5 ml, Tol.± 2.5 ml",Vol. Glassware,1,389.42
72.504.1000IS,"Measuring Cylinder,  With Pour-out, Hexagonal Base, Class A With NABL Certificate, Cap.1000 ml, Sub-div. 10 ml, Tol.± 5 ml",Vol. Glassware,1,568.48
72.504.2000IS,"Measuring Cylinder,  With Pour-out, Hexagonal Base, Class A With NABL Certificate, Cap.2000 ml, Sub-div. 20 ml, Tol.± 10 ml",Vol. Glassware,1,820.19
77.301.0001IS,"Pipettes, Transfer, Volumetric, With One Mark, Class A With Individual Works Certificate, Cap. 1 ml, Tol.± 0.008 ml",Vol. Glassware,10,52.72
77.301.0002IS,"Pipettes, Transfer, Volumetric, With One Mark, Class A With Individual Works Certificate, Cap. 2 ml, Tol.± 0.01 ml",Vol. Glassware,10,52.77
77.301.0003IS,"Pipettes, Transfer, Volumetric, With One Mark, Class A With Individual Works Certificate, Cap. 3* ml, Tol.± 0.01 ml",Vol. Glassware,10,50.76
77.301.0004IS,"Pipettes, Transfer, Volumetric, With One Mark, Class A With Individual Works Certificate, Cap. 4* ml, Tol.± 0.01 ml",Vol. Glassware,10,51.33
77.301.0005IS,"Pipettes, Transfer, Volumetric, With One Mark, Class A With Individual Works Certificate, Cap. 5 ml, Tol.± 0.015 ml",Vol. Glassware,10,51.72
77.301.0006IS,"Pipettes, Transfer, Volumetric, With One Mark, Class A With Individual Works Certificate, Cap. 6* ml, Tol.± 0.015 ml",Vol. Glassware,10,51.73
77.301.0007IS,"Pipettes, Transfer, Volumetric, With One Mark, Class A With Individual Works Certificate, Cap. 7* ml, Tol.± 0.015 ml",Vol. Glassware,10,51.73
77.301.0008IS,"Pipettes, Transfer, Volumetric, With One Mark, Class A With Individual Works Certificate, Cap. 8* ml, Tol.± 0.02 ml",Vol. Glassware,10,52.42
77.301.0009IS,"Pipettes, Transfer, Volumetric, With One Mark, Class A With Individual Works Certificate, Cap. 9* ml, Tol.± 0.02 ml",Vol. Glassware,10,52.43
77.301.0010IS,"Pipettes, Transfer, Volumetric, With One Mark, Class A With Individual Works Certificate, Cap. 10 ml, Tol.± 0.02 ml",Vol. Glassware,10,52.65
77.301.0015IS,"Pipettes, Transfer, Volumetric, With One Mark, Class A With Individual Works Certificate, Cap. 15* ml, Tol.± 0.02 ml",Vol. Glassware,10,54.59
77.301.0020IS,"Pipettes, Transfer, Volumetric, With One Mark, Class A With Individual Works Certificate, Cap. 20 ml, Tol.± 0.03 ml",Vol. Glassware,10,61.51
77.301.0025IS,"Pipettes, Transfer, Volumetric, With One Mark, Class A With Individual Works Certificate, Cap. 25 ml, Tol.± 0.03 ml",Vol. Glassware,10,62.08
77.301.0050IS,"Pipettes, Transfer, Volumetric, With One Mark, Class A With Individual Works Certificate, Cap. 50 ml, Tol.± 0.05 ml",Vol. Glassware,10,84.97
77.301.0100IS,"Pipettes, Transfer, Volumetric, With One Mark, Class A With Individual Works Certificate, Cap. 100 ml, Tol.± 0.08 ml",Vol. Glassware,4,110.30
70.301.0001IS,"Pipettes, Transfer, Volumetric, With One Mark, Class B, Cap. 1 ml, Tol.± 0.015 ml",Vol. Glassware,10,32.72
70.301.0002IS,"Pipettes, Transfer, Volumetric, With One Mark, Class B, Cap. 2 ml, Tol.± 0.02 ml",Vol. Glassware,10,32.76
70.301.0005IS,"Pipettes, Transfer, Volumetric, With One Mark, Class B, Cap. 5 ml, Tol.± 0.03 ml",Vol. Glassware,10,31.88
70.301.0010IS,"Pipettes, Transfer, Volumetric, With One Mark, Class B, Cap. 10 ml, Tol.± 0.04 ml",Vol. Glassware,10,32.66
70.301.0020IS,"Pipettes, Transfer, Volumetric, With One Mark, Class B, Cap. 20 ml, Tol.± 0.06 ml",Vol. Glassware,10,39.51
70.301.0025IS,"Pipettes, Transfer, Volumetric, With One Mark, Class B, Cap. 25 ml, Tol.± 0.06 ml",Vol. Glassware,10,39.99
70.301.0050IS,"Pipettes, Transfer, Volumetric, With One Mark, Class B, Cap. 50 ml, Tol.± 0.1 ml",Vol. Glassware,10,57.83
70.301.0100IS,"Pipettes, Transfer, Volumetric, With One Mark, Class B, Cap. 100 ml, Tol.± 0.15 ml",Vol. Glassware,4,78.12
75.301.0001IS,"Amber Color Pipettes, Transfer, Volumetric, With One Mark, Class A With Individual Works Certificate, Cap. 1 ml, Tol.± 0.008 ml",Vol. Glassware,10,152.22
75.301.0002IS,"Amber Color Pipettes, Transfer, Volumetric, With One Mark, Class A With Individual Works Certificate, Cap. 2 ml, Tol.± 0.01 ml",Vol. Glassware,10,152.30
75.301.0003IS,"Amber Color Pipettes, Transfer, Volumetric, With One Mark, Class A With Individual Works Certificate, Cap. 3* ml, Tol.± 0.01 ml",Vol. Glassware,10,150.08
75.301.0004IS,"Amber Color Pipettes, Transfer, Volumetric, With One Mark, Class A With Individual Works Certificate, Cap. 4* ml, Tol.± 0.01 ml",Vol. Glassware,10,150.49
75.301.0005IS,"Amber Color Pipettes, Transfer, Volumetric, With One Mark, Class A With Individual Works Certificate, Cap. 5 ml, Tol.± 0.015 ml",Vol. Glassware,10,150.75
75.301.0006IS,"Amber Color Pipettes, Transfer, Volumetric, With One Mark, Class A With Individual Works Certificate, Cap. 6* ml, Tol.± 0.015 ml",Vol. Glassware,10,151.94
75.301.0007IS,"Amber Color Pipettes, Transfer, Volumetric, With One Mark, Class A With Individual Works Certificate, Cap. 7* ml, Tol.± 0.015 ml",Vol. Glassware,10,152.20
75.301.0008IS,"Amber Color Pipettes, Transfer, Volumetric, With One Mark, Class A With Individual Works Certificate, Cap. 8* ml, Tol.± 0.02 ml",Vol. Glassware,10,152.73
75.301.0009IS,"Amber Color Pipettes, Transfer, Volumetric, With One Mark, Class A With Individual Works Certificate, Cap. 9* ml, Tol.± 0.02 ml",Vol. Glassware,10,153.26
75.301.0010IS,"Amber Color Pipettes, Transfer, Volumetric, With One Mark, Class A With Individual Works Certificate, Cap. 10 ml, Tol.± 0.02 ml",Vol. Glassware,10,153.27
75.301.0015IS,"Amber Color Pipettes, Transfer, Volumetric, With One Mark, Class A With Individual Works Certificate, Cap. 15* ml, Tol.± 0.02 ml",Vol. Glassware,10,157.48
75.301.0020IS,"Amber Color Pipettes, Transfer, Volumetric, With One Mark, Class A With Individual Works Certificate, Cap. 20 ml, Tol.± 0.03 ml",Vol. Glassware,10,179.17
75.301.0025IS,"Amber Color Pipettes, Transfer, Volumetric, With One Mark, Class A With Individual Works Certificate, Cap. 25 ml, Tol.± 0.03 ml",Vol. Glassware,10,180.32
75.301.0050IS,"Amber Color Pipettes, Transfer, Volumetric, With One Mark, Class A With Individual Works Certificate, Cap. 50 ml, Tol.± 0.05 ml",Vol. Glassware,10,256.47
75.301.0100IS,"Amber Color Pipettes, Transfer, Volumetric, With One Mark, Class A With Individual Works Certificate, Cap. 100 ml, Tol.± 0.08 ml",Vol. Glassware,4,288.12
50.311.0001,"USP Standard Pipettes, Transfer, Volumetric, With One Mark, Class A With Individual USP  Certificate, Cap. 1 ml, Tol.± 0.006 ml",Vol. Glassware,10,59.55
50.311.0501,"USP Standard Pipettes, Transfer, Volumetric, With One Mark, Class A With Individual USP  Certificate, Cap. 1.5 ml, Tol.± 0.006 ml",Vol. Glassware,10,60.06
50.311.0002,"USP Standard Pipettes, Transfer, Volumetric, With One Mark, Class A With Individual USP  Certificate, Cap. 2 ml, Tol.± 0.006 ml",Vol. Glassware,10,59.63
50.311.0502,"USP Standard Pipettes, Transfer, Volumetric, With One Mark, Class A With Individual USP  Certificate, Cap. 2.5 ml, Tol.± 0.01 ml",Vol. Glassware,10,60.06
50.311.0003,"USP Standard Pipettes, Transfer, Volumetric, With One Mark, Class A With Individual USP  Certificate, Cap. 3 ml, Tol.± 0.01 ml",Vol. Glassware,10,57.41
50.311.0004,"USP Standard Pipettes, Transfer, Volumetric, With One Mark, Class A With Individual USP  Certificate, Cap. 4 ml, Tol.± 0.01 ml",Vol. Glassware,10,57.82
50.311.0005,"USP Standard Pipettes, Transfer, Volumetric, With One Mark, Class A With Individual USP  Certificate, Cap. 5 ml, Tol.± 0.01 ml",Vol. Glassware,10,58.08
50.311.0006,"USP Standard Pipettes, Transfer, Volumetric, With One Mark, Class A With Individual USP  Certificate, Cap. 6 ml, Tol.± 0.01 ml",Vol. Glassware,10,59.27
50.311.0007,"USP Standard Pipettes, Transfer, Volumetric, With One Mark, Class A With Individual USP  Certificate, Cap. 7 ml, Tol.± 0.01 ml",Vol. Glassware,10,59.53
50.311.0008,"USP Standard Pipettes, Transfer, Volumetric, With One Mark, Class A With Individual USP  Certificate, Cap. 8 ml, Tol.± 0.02 ml",Vol. Glassware,10,60.06
50.311.0009,"USP Standard Pipettes, Transfer, Volumetric, With One Mark, Class A With Individual USP  Certificate, Cap. 9 ml, Tol.± 0.02 ml",Vol. Glassware,10,60.59
50.311.0010,"USP Standard Pipettes, Transfer, Volumetric, With One Mark, Class A With Individual USP  Certificate, Cap. 10 ml, Tol.± 0.02 ml",Vol. Glassware,10,60.60
50.311.0015,"USP Standard Pipettes, Transfer, Volumetric, With One Mark, Class A With Individual USP  Certificate, Cap. 15 ml, Tol.± 0.03 ml",Vol. Glassware,10,64.80
50.311.0020,"USP Standard Pipettes, Transfer, Volumetric, With One Mark, Class A With Individual USP  Certificate, Cap. 20 ml, Tol.± 0.03 ml",Vol. Glassware,10,70.80
50.311.0025,"USP Standard Pipettes, Transfer, Volumetric, With One Mark, Class A With Individual USP  Certificate, Cap. 25 ml, Tol.± 0.03 ml",Vol. Glassware,10,71.95
50.311.0030,"USP Standard Pipettes, Transfer, Volumetric, With One Mark, Class A With Individual USP  Certificate, Cap. 30 ml, Tol.± 0.03 ml",Vol. Glassware,10,88.31
50.311.0040,"USP Standard Pipettes, Transfer, Volumetric, With One Mark, Class A With Individual USP  Certificate, Cap. 40 ml, Tol.± 0.05 ml",Vol. Glassware,10,93.52
50.311.0050,"USP Standard Pipettes, Transfer, Volumetric, With One Mark, Class A With Individual USP  Certificate, Cap. 50 ml, Tol.± 0.05 ml",Vol. Glassware,10,101.01
50.311.0100,"USP Standard Pipettes, Transfer, Volumetric, With One Mark, Class A With Individual USP  Certificate, Cap. 100 ml, Tol.± 0.08 ml",Vol. Glassware,4,132.66
48.301.0001,"Pipettes-ASTM, Transfer, Volumetric, With One Mark, Class B, Cap. 1 ml, Tol.± 0.012 ml",Vol. Glassware,10,32.79
48.301.0002,"Pipettes-ASTM, Transfer, Volumetric, With One Mark, Class B, Cap. 2 ml, Tol.± 0.012 ml",Vol. Glassware,10,32.86
48.301.0003,"Pipettes-ASTM, Transfer, Volumetric, With One Mark, Class B, Cap. 3 ml, Tol.± 0.02 ml",Vol. Glassware,10,30.99
48.301.0004,"Pipettes-ASTM, Transfer, Volumetric, With One Mark, Class B, Cap. 4 ml, Tol.± 0.02 ml",Vol. Glassware,10,31.98
48.301.0005,"Pipettes-ASTM, Transfer, Volumetric, With One Mark, Class B, Cap. 5 ml, Tol.± 0.02 ml",Vol. Glassware,10,32.20
48.301.0006,"Pipettes-ASTM, Transfer, Volumetric, With One Mark, Class B, Cap. 6 ml, Tol.± 0.03 ml",Vol. Glassware,10,32.20
48.301.0007,"Pipettes-ASTM, Transfer, Volumetric, With One Mark, Class B, Cap. 7 ml, Tol.± 0.03 ml",Vol. Glassware,10,32.42
48.301.0008,"Pipettes-ASTM, Transfer, Volumetric, With One Mark, Class B, Cap. 8 ml, Tol.± 0.04 ml",Vol. Glassware,10,32.64
48.301.0009,"Pipettes-ASTM, Transfer, Volumetric, With One Mark, Class B, Cap. 9 ml, Tol.± 0.04 ml",Vol. Glassware,10,33.09
48.301.0010,"Pipettes-ASTM, Transfer, Volumetric, With One Mark, Class B, Cap. 10 ml, Tol.± 0.04 ml",Vol. Glassware,10,33.10
48.301.0015,"Pipettes-ASTM, Transfer, Volumetric, With One Mark, Class B, Cap. 15 ml, Tol.± 0.06 ml",Vol. Glassware,10,35.79
48.301.0020,"Pipettes-ASTM, Transfer, Volumetric, With One Mark, Class B, Cap. 20 ml, Tol.± 0.06 ml",Vol. Glassware,10,40.51
48.301.0025,"Pipettes-ASTM, Transfer, Volumetric, With One Mark, Class B, Cap. 25 ml, Tol.± 0.06 ml",Vol. Glassware,10,41.29
48.301.0030,"Pipettes-ASTM, Transfer, Volumetric, With One Mark, Class B, Cap. 30* ml, Tol.± 0.06 ml",Vol. Glassware,10,50.59
48.301.0040,"Pipettes-ASTM, Transfer, Volumetric, With One Mark, Class B, Cap. 40* ml, Tol.± 0.1 ml",Vol. Glassware,10,55.00
48.301.0050,"Pipettes-ASTM, Transfer, Volumetric, With One Mark, Class B, Cap. 50 ml, Tol.± 0.1 ml",Vol. Glassware,10,61.30
48.301.0100,"Pipettes-ASTM, Transfer, Volumetric, With One Mark, Class B, Cap. 100 ml, Tol.± 0.16 ml",Vol. Glassware,4,88.95
74.301.0001,"Amber Color USP Standard Pipettes, Transfer, Volumetric, With One Mark, Class A With Individual Certificate, Cap. 1 ml, Tol.± 0.006 ml",Vol. Glassware,10,142.13
74.301.0002,"Amber Color USP Standard Pipettes, Transfer, Volumetric, With One Mark, Class A With Individual Certificate, Cap. 2 ml, Tol.± 0.006 ml",Vol. Glassware,10,142.21
74.301.0005,"Amber Color USP Standard Pipettes, Transfer, Volumetric, With One Mark, Class A With Individual Certificate, Cap. 5 ml, Tol.± 0.01 ml",Vol. Glassware,10,140.66
74.301.0010,"Amber Color USP Standard Pipettes, Transfer, Volumetric, With One Mark, Class A With Individual Certificate, Cap. 10 ml, Tol.± 0.02 ml",Vol. Glassware,10,143.18
74.301.0020,"Amber Color USP Standard Pipettes, Transfer, Volumetric, With One Mark, Class A With Individual Certificate, Cap. 20 ml, Tol.± 0.03 ml",Vol. Glassware,10,167.40
74.301.0025,"Amber Color USP Standard Pipettes, Transfer, Volumetric, With One Mark, Class A With Individual Certificate, Cap. 25 ml, Tol.± 0.03 ml",Vol. Glassware,10,168.55
74.301.0050,"Amber Color USP Standard Pipettes, Transfer, Volumetric, With One Mark, Class A With Individual Certificate, Cap. 50 ml, Tol.± 0.05 ml",Vol. Glassware,10,239.65
74.301.0100,"Amber Color USP Standard Pipettes, Transfer, Volumetric, With One Mark, Class A With Individual Certificate, Cap. 100 ml, Tol.± 0.08 ml",Vol. Glassware,4,271.30
77.302.0101,"Pipettes, Graduated, Mohr Type, Class A With Individual Works Certificate, Cap. 0.1 ml, Sub. Div. 0.01 ml, Tol.± 0.006 ml",Vol. Glassware,10,108.56
77.302.0102,"Pipettes, Graduated, Mohr Type, Class A With Individual Works Certificate, Cap. 0.2 ml, Sub. Div. 0.01 ml, Tol.± 0.006 ml",Vol. Glassware,10,108.56
77.302.0001,"Pipettes, Graduated, Mohr Type, Class A With Individual Works Certificate, Cap. 1 ml, Sub. Div. 0.01 ml, Tol.± 0.007 ml",Vol. Glassware,10,108.93
77.302.0011,"Pipettes, Graduated, Mohr Type, Class A With Individual Works Certificate, Cap. 1 ml, Sub. Div. 0.1 ml, Tol.± 0.007 ml",Vol. Glassware,10,108.93
77.302.0002,"Pipettes, Graduated, Mohr Type, Class A With Individual Works Certificate, Cap. 2 ml, Sub. Div. 0.02 ml, Tol.± 0.01 ml",Vol. Glassware,10,110.82
77.302.0022,"Pipettes, Graduated, Mohr Type, Class A With Individual Works Certificate, Cap. 2 ml, Sub. Div. 0.1 ml, Tol.± 0.01 ml",Vol. Glassware,10,106.62
77.302.0005,"Pipettes, Graduated, Mohr Type, Class A With Individual Works Certificate, Cap. 5 ml, Sub. Div. 0.05 ml, Tol.± 0.03 ml",Vol. Glassware,10,114.90
77.302.0055,"Pipettes, Graduated, Mohr Type, Class A With Individual Works Certificate, Cap. 5 ml, Sub. Div. 0.1 ml, Tol.± 0.03 ml",Vol. Glassware,10,110.53
77.302.0010,"Pipettes, Graduated, Mohr Type, Class A With Individual Works Certificate, Cap. 10 ml, Sub. Div. 0.1 ml, Tol.± 0.05 ml",Vol. Glassware,10,120.14
77.302.0025,"Pipettes, Graduated, Mohr Type, Class A With Individual Works Certificate, Cap. 25 ml, Sub. Div. 0.2 ml, Tol.± 0.1 ml",Vol. Glassware,10,144.11
70.302.0101,"Pipettes, Graduated, Mohr Type, Class B, Cap. 0.1 ml, Sub. Div. 0.01 ml, Tol.± 0.01 ml",Vol. Glassware,10,81.50
70.302.0102,"Pipettes, Graduated, Mohr Type, Class B, Cap. 0.2 ml, Sub. Div. 0.01 ml, Tol.± 0.01 ml",Vol. Glassware,10,81.50
70.302.0001,"Pipettes, Graduated, Mohr Type, Class B, Cap. 1 ml, Sub. Div. 0.01 ml, Tol.± 0.01 ml",Vol. Glassware,10,81.81
70.302.0011,"Pipettes, Graduated, Mohr Type, Class B, Cap. 1 ml, Sub. Div. 0.1 ml, Tol.± 0.01 ml",Vol. Glassware,10,81.81
70.302.0002,"Pipettes, Graduated, Mohr Type, Class B, Cap. 2 ml, Sub. Div. 0.02 ml, Tol.± 0.02 ml",Vol. Glassware,10,83.27
70.302.0022,"Pipettes, Graduated, Mohr Type, Class B, Cap. 2 ml, Sub. Div. 0.1 ml, Tol.± 0.02 ml",Vol. Glassware,10,83.27
70.302.0005,"Pipettes, Graduated, Mohr Type, Class B, Cap. 5 ml, Sub. Div. 0.05 ml, Tol.± 0.05 ml",Vol. Glassware,10,86.65
70.302.0055,"Pipettes, Graduated, Mohr Type, Class B, Cap. 5 ml, Sub. Div. 0.1 ml, Tol.± 0.05 ml",Vol. Glassware,10,86.65
70.302.0010,"Pipettes, Graduated, Mohr Type, Class B, Cap. 10 ml, Sub. Div. 0.1 ml, Tol.± 0.1 ml",Vol. Glassware,10,90.77
70.302.0025,"Pipettes, Graduated, Mohr Type, Class B, Cap. 25 ml, Sub. Div. 0.2 ml, Tol.± 0.2 ml",Vol. Glassware,10,109.49
50.309.0101,"USP Graduated Pipettes, Serological, Class A  With Individual USP Certificate, Cap. 0.1 ml, Sub. Div. 0.01 ml, Tol.± 0.01 ml",Vol. Glassware,10,50.18
50.309.0102,"USP Graduated Pipettes, Serological, Class A  With Individual USP Certificate, Cap. 0.2 ml, Sub. Div. 0.01 ml, Tol.± 0.01 ml",Vol. Glassware,10,50.18
50.309.0001,"USP Graduated Pipettes, Serological, Class A  With Individual USP Certificate, Cap. 1 ml, Sub. Div. 0.01 ml, Tol.± 0.01 ml",Vol. Glassware,10,51.32
50.309.0002,"USP Graduated Pipettes, Serological, Class A  With Individual USP Certificate, Cap. 2 ml, Sub. Div. 0.02 ml, Tol.± 0.01 ml",Vol. Glassware,10,51.32
50.309.0005,"USP Graduated Pipettes, Serological, Class A  With Individual USP Certificate, Cap. 5 ml, Sub. Div. 0.05 ml, Tol.± 0.02 ml",Vol. Glassware,10,51.92
50.309.0010,"USP Graduated Pipettes, Serological, Class A  With Individual USP Certificate, Cap. 10 ml, Sub. Div. 0.1 ml, Tol.± 0.03 ml",Vol. Glassware,10,54.73
50.309.0025,"USP Graduated Pipettes, Serological, Class A  With Individual USP Certificate, Cap. 25 ml, Sub. Div. 0.1 ml, Tol.± 0.05 ml",Vol. Glassware,10,56.66
77.303.0101,"Pipettes, Graduated, Serological, Class A With Individual Works Certificate, Cap. 0.1 ml, Sub. Div. 0.01 ml, Tol.± 0.006 ml",Vol. Glassware,10,106.64
77.303.0102,"Pipettes, Graduated, Serological, Class A With Individual Works Certificate, Cap. 0.2 ml, Sub. Div. 0.01 ml, Tol.± 0.006 ml",Vol. Glassware,10,106.64
77.303.0001,"Pipettes, Graduated, Serological, Class A With Individual Works Certificate, Cap. 1 ml, Sub. Div. 0.01 ml, Tol.± 0.007 ml",Vol. Glassware,10,107.00
77.303.0011,"Pipettes, Graduated, Serological, Class A With Individual Works Certificate, Cap. 1 ml, Sub. Div. 0.1 ml, Tol.± 0.007 ml",Vol. Glassware,10,107.00
77.303.0002,"Pipettes, Graduated, Serological, Class A With Individual Works Certificate, Cap. 2 ml, Sub. Div. 0.02 ml, Tol.± 0.01 ml",Vol. Glassware,10,108.73
77.303.0022,"Pipettes, Graduated, Serological, Class A With Individual Works Certificate, Cap. 2 ml, Sub. Div. 0.1 ml, Tol.± 0.01 ml",Vol. Glassware,10,108.73
77.303.0005,"Pipettes, Graduated, Serological, Class A With Individual Works Certificate, Cap. 5 ml, Sub. Div. 0.05 ml, Tol.± 0.03 ml",Vol. Glassware,10,112.74
77.303.0055,"Pipettes, Graduated, Serological, Class A With Individual Works Certificate, Cap. 5 ml, Sub. Div. 0.1 ml, Tol.± 0.03 ml",Vol. Glassware,10,112.74
77.303.0010,"Pipettes, Graduated, Serological, Class A With Individual Works Certificate, Cap. 10 ml, Sub. Div. 0.1 ml, Tol.± 0.05 ml",Vol. Glassware,10,117.88
77.303.0025,"Pipettes, Graduated, Serological, Class A With Individual Works Certificate, Cap. 25 ml, Sub. Div. 0.2 ml, Tol.± 0.1 ml",Vol. Glassware,10,141.17
70.303.0101,"Pipettes, Graduated, Serological, Class B, Cap. 0.1 ml, Sub. Div. 0.01 ml, Tol.± 0.01 ml",Vol. Glassware,10,81.50
70.303.0102,"Pipettes, Graduated, Serological, Class B, Cap. 0.2 ml, Sub. Div. 0.01 ml, Tol.± 0.01 ml",Vol. Glassware,10,81.50
70.303.0001,"Pipettes, Graduated, Serological, Class B, Cap. 1 ml, Sub. Div. 0.01 ml, Tol.± 0.01 ml",Vol. Glassware,10,81.81
70.303.0011,"Pipettes, Graduated, Serological, Class B, Cap. 1 ml, Sub. Div. 0.1 ml, Tol.± 0.01 ml",Vol. Glassware,10,81.81
70.303.0002,"Pipettes, Graduated, Serological, Class B, Cap. 2 ml, Sub. Div. 0.02 ml, Tol.± 0.02 ml",Vol. Glassware,10,83.27
70.303.0022,"Pipettes, Graduated, Serological, Class B, Cap. 2 ml, Sub. Div. 0.1 ml, Tol.± 0.02 ml",Vol. Glassware,10,83.27
70.303.0005,"Pipettes, Graduated, Serological, Class B, Cap. 5 ml, Sub. Div. 0.05 ml, Tol.± 0.05 ml",Vol. Glassware,10,86.65
70.303.0055,"Pipettes, Graduated, Serological, Class B, Cap. 5 ml, Sub. Div. 0.1 ml, Tol.± 0.05 ml",Vol. Glassware,10,86.65
70.303.0010,"Pipettes, Graduated, Serological, Class B, Cap. 10 ml, Sub. Div. 0.1 ml, Tol.± 0.1 ml",Vol. Glassware,10,90.77
70.303.0025,"Pipettes, Graduated, Serological, Class B, Cap. 25 ml, Sub. Div. 0.2 ml, Tol.± 0.2 ml",Vol. Glassware,10,109.49
70.316.0111R,"Milk Pipettes Bacteriological, Cap. 1.1 ml, Tol.± 0.025 ml",Vol. Glassware,10,45.05
70.316.0222,"Milk Pipettes Bacteriological, Cap. 2.2 ml, Tol.± 0.04 ml",Vol. Glassware,10,45.05
70.318.1075,"Milk Pipettes Gerber, Cap. 10.75 ml, Tol.± 0.03 ml",Vol. Glassware,10,34.03
77.318.1075,"Milk Pipettes Gerber, Class A With Individual Works Certificate, Cap. 10.75 ml, Tol.± 0.015 ml",Vol. Glassware,10,54.05
70.322.1000,"Drum Sampling Tube Length 1000 Mm, Dia 19mm Heavy Wall, Length 1000mm",Vol. Glassware,1,136.36
72.318.1075,"Milk Pipettes Gerber, Class A With NABL Certificate, Cap. 10.75 ml, Tol.± 0.015 ml",Vol. Glassware,1,85.09
72.301.0001IS,"Pipettes, Transfer, Volumetric, With One Mark, Class A With NABL Certificate, Cap. 1 ml, Tol.± 0.008 ml",Vol. Glassware,1,82.24
72.301.0002IS,"Pipettes, Transfer, Volumetric, With One Mark, Class A With NABL Certificate, Cap. 2 ml, Tol.± 0.01 ml",Vol. Glassware,1,82.30
72.301.0005IS,"Pipettes, Transfer, Volumetric, With One Mark, Class A With NABL Certificate, Cap. 5 ml, Tol.± 0.015 ml",Vol. Glassware,1,80.65
72.301.0010IS,"Pipettes, Transfer, Volumetric, With One Mark, Class A With NABL Certificate, Cap. 10 ml, Tol.± 0.02 ml",Vol. Glassware,1,82.15
72.301.0020IS,"Pipettes, Transfer, Volumetric, With One Mark, Class A With NABL Certificate, Cap. 20 ml, Tol.± 0.03 ml",Vol. Glassware,1,94.84
72.301.0025IS,"Pipettes, Transfer, Volumetric, With One Mark, Class A With NABL Certificate, Cap. 25 ml, Tol.± 0.03 ml",Vol. Glassware,1,95.50
72.301.0050IS,"Pipettes, Transfer, Volumetric, With One Mark, Class A With NABL Certificate, Cap. 50 ml, Tol.± 0.05 ml",Vol. Glassware,1,127.65
72.301.0100IS,"Pipettes, Transfer, Volumetric, With One Mark, Class A With NABL Certificate, Cap. 100 ml, Tol.± 0.08 ml",Vol. Glassware,1,160.86
72.302.0101,"Pipettes, Graduated, Mohr Type,  Class A With NABL Certificate, Cap. 0.1 ml, Sub. Div. 0.01 ml, Tol.± 0.006 ml",Vol. Glassware,1,148.10
72.302.0102,"Pipettes, Graduated, Mohr Type,  Class A With NABL Certificate, Cap. 0.2 ml, Sub. Div. 0.01 ml, Tol.± 0.006 ml",Vol. Glassware,1,148.10
72.302.0001,"Pipettes, Graduated, Mohr Type,  Class A With NABL Certificate, Cap. 1 ml, Sub. Div. 0.01 ml, Tol.± 0.007 ml",Vol. Glassware,1,148.51
72.302.0011,"Pipettes, Graduated, Mohr Type,  Class A With NABL Certificate, Cap. 1 ml, Sub. Div. 0.1 ml, Tol.± 0.007 ml",Vol. Glassware,1,148.51
72.302.0002,"Pipettes, Graduated, Mohr Type,  Class A With NABL Certificate, Cap. 2 ml, Sub. Div. 0.02 ml, Tol.± 0.01 ml",Vol. Glassware,1,150.67
72.302.0022,"Pipettes, Graduated, Mohr Type,  Class A With NABL Certificate, Cap. 2 ml, Sub. Div. 0.1 ml, Tol.± 0.01 ml",Vol. Glassware,1,150.67
72.302.0005,"Pipettes, Graduated, Mohr Type,  Class A With NABL Certificate, Cap. 5 ml, Sub. Div. 0.05 ml, Tol.± 0.03 ml",Vol. Glassware,1,155.34
72.302.0055,"Pipettes, Graduated, Mohr Type,  Class A With NABL Certificate, Cap. 5 ml, Sub. Div. 0.1 ml, Tol.± 0.03 ml",Vol. Glassware,1,155.34
72.302.0010,"Pipettes, Graduated, Mohr Type,  Class A With NABL Certificate, Cap. 10 ml, Sub. Div. 0.1 ml, Tol.± 0.05 ml",Vol. Glassware,1,162.24
72.302.0025,"Pipettes, Graduated, Mohr Type,  Class A With NABL Certificate, Cap. 25 ml, Sub. Div. 0.2 ml, Tol.± 0.1 ml",Vol. Glassware,1,193.38
72.303.0101,"Pipettes, Graduated, Serological, Class A With NABL Certificate, Cap. 0.1 ml, Sub. Div. 0.01 ml, Tol.± 0.006 ml",Vol. Glassware,1,145.89
72.303.0102,"Pipettes, Graduated, Serological, Class A With NABL Certificate, Cap. 0.2 ml, Sub. Div. 0.01 ml, Tol.± 0.006 ml",Vol. Glassware,1,145.89
72.303.0001,"Pipettes, Graduated, Serological, Class A With NABL Certificate, Cap. 1 ml, Sub. Div. 0.01 ml, Tol.± 0.007 ml",Vol. Glassware,1,146.31
72.303.0011,"Pipettes, Graduated, Serological, Class A With NABL Certificate, Cap. 1 ml, Sub. Div. 0.1 ml, Tol.± 0.007 ml",Vol. Glassware,1,146.31
72.303.0002,"Pipettes, Graduated, Serological, Class A With NABL Certificate, Cap. 2 ml, Sub. Div. 0.02 ml, Tol.± 0.01 ml",Vol. Glassware,1,148.29
72.303.0022,"Pipettes, Graduated, Serological, Class A With NABL Certificate, Cap. 2 ml, Sub. Div. 0.1 ml, Tol.± 0.01 ml",Vol. Glassware,1,148.29
72.303.0005,"Pipettes, Graduated, Serological, Class A With NABL Certificate, Cap. 5 ml, Sub. Div. 0.05 ml, Tol.± 0.03 ml",Vol. Glassware,1,152.86
72.303.0055,"Pipettes, Graduated, Serological, Class A With NABL Certificate, Cap. 5 ml, Sub. Div. 0.1 ml, Tol.± 0.03 ml",Vol. Glassware,1,152.86
72.303.0010,"Pipettes, Graduated, Serological, Class A With NABL Certificate, Cap. 10 ml, Sub. Div. 0.1 ml, Tol.± 0.05 ml",Vol. Glassware,1,159.66
72.303.0025,"Pipettes, Graduated, Serological, Class A With NABL Certificate, Cap. 25 ml, Sub. Div. 0.2 ml, Tol.± 0.1 ml",Vol. Glassware,1,190.02
77.101.0001,"Burette, With Glass Screw Cap Stopcock, Class A With Individual Works Certificate, Cap.1** ml, Sub-div.0.01 ml,Tol.±0.006ml",Vol. Glassware,4,230.94
77.101.0002,"Burette, With Glass Screw Cap Stopcock, Class A With Individual Works Certificate, Cap.2** ml, Sub-div.0.01 ml,Tol.±0.01ml",Vol. Glassware,4,255.91
77.101.0005,"Burette, With Glass Screw Cap Stopcock, Class A With Individual Works Certificate, Cap.5** ml, Sub-div.0.02 ml,Tol.±0.01ml",Vol. Glassware,4,255.93
77.101.0010,"Burette, With Glass Screw Cap Stopcock, Class A With Individual Works Certificate, Cap.10 ml, Sub-div.0.05 ml,Tol.±0.03ml",Vol. Glassware,4,441.51
77.101.0025,"Burette, With Glass Screw Cap Stopcock, Class A With Individual Works Certificate, Cap.25 ml, Sub-div.0.1 ml,Tol.±0.05ml",Vol. Glassware,4,474.49
77.101.0050,"Burette, With Glass Screw Cap Stopcock, Class A With Individual Works Certificate, Cap.50 ml, Sub-div.0.1 ml,Tol.±0.05ml",Vol. Glassware,4,538.49
77.101.0100,"Burette, With Glass Screw Cap Stopcock, Class A With Individual Works Certificate, Cap.100 ml, Sub-div.0.2 ml,Tol.±0.1ml",Vol. Glassware,4,888.25
70.101.0010,"Burette, With Glass Screw Cap Stopcock, Class B, Cap.10 ml, Sub-div.0.05 ml,Tol.±0.05ml",Vol. Glassware,4,123.83
70.101.0025,"Burette, With Glass Screw Cap Stopcock, Class B, Cap.25 ml, Sub-div.0.1 ml,Tol.±0.1ml",Vol. Glassware,4,128.13
70.101.0050,"Burette, With Glass Screw Cap Stopcock, Class B, Cap.50 ml, Sub-div.0.1 ml,Tol.±0.1ml",Vol. Glassware,4,141.86
70.101.0100,"Burette, With Glass Screw Cap Stopcock, Class B, Cap.100 ml, Sub-div.0.2 ml,Tol.±0.2ml",Vol. Glassware,4,164.51
77.103.0001QR,"Burette, With Screw Type PTFE Needle Valve (Rotaflow) Stopcock, Class A With Individual Works Certificate with QR Code, Cap.1** ml, Sub-div.0.01 ml,Tol.±0.006ml",Vol. Glassware,4,196.58
77.103.0002QR,"Burette, With Screw Type PTFE Needle Valve (Rotaflow) Stopcock, Class A With Individual Works Certificate with QR Code, Cap.2** ml, Sub-div.0.01 ml,Tol.±0.01ml",Vol. Glassware,4,222.30
77.103.0005QR,"Burette, With Screw Type PTFE Needle Valve (Rotaflow) Stopcock, Class A With Individual Works Certificate with QR Code, Cap.5** ml, Sub-div.0.02 ml,Tol.±0.01ml",Vol. Glassware,4,222.32
77.103.0010QR,"Burette, With Screw Type PTFE Needle Valve (Rotaflow) Stopcock, Class A With Individual Works Certificate with QR Code, Cap.10 ml, Sub-div.0.05 ml,Tol.±0.03ml",Vol. Glassware,4,413.48
77.103.0025QR,"Burette, With Screw Type PTFE Needle Valve (Rotaflow) Stopcock, Class A With Individual Works Certificate with QR Code, Cap.25 ml, Sub-div.0.1 ml,Tol.±0.05ml",Vol. Glassware,4,458.81
77.103.0050QR,"Burette, With Screw Type PTFE Needle Valve (Rotaflow) Stopcock, Class A With Individual Works Certificate with QR Code, Cap.50 ml, Sub-div.0.1 ml,Tol.±0.05ml",Vol. Glassware,4,525.65
77.103.0100QR,"Burette, With Screw Type PTFE Needle Valve (Rotaflow) Stopcock, Class A With Individual Works Certificate with QR Code, Cap.100 ml, Sub-div.0.2 ml,Tol.±0.1ml",Vol. Glassware,4,886.92
77.103.0001,"Burette, With Screw Type PTFE Needle Valve (Rotaflow) Stopcock, Class A With Individual Works Certificate, Cap.1** ml, Sub-div.0.01 ml,Tol.±0.006ml",Vol. Glassware,4,190.86
77.103.0002,"Burette, With Screw Type PTFE Needle Valve (Rotaflow) Stopcock, Class A With Individual Works Certificate, Cap.2** ml, Sub-div.0.01 ml,Tol.±0.01ml",Vol. Glassware,4,215.82
77.103.0005,"Burette, With Screw Type PTFE Needle Valve (Rotaflow) Stopcock, Class A With Individual Works Certificate, Cap.5** ml, Sub-div.0.02 ml,Tol.±0.01ml",Vol. Glassware,4,215.84
77.103.0010,"Burette, With Screw Type PTFE Needle Valve (Rotaflow) Stopcock, Class A With Individual Works Certificate, Cap.10 ml, Sub-div.0.05 ml,Tol.±0.03ml",Vol. Glassware,4,401.43
77.103.0025,"Burette, With Screw Type PTFE Needle Valve (Rotaflow) Stopcock, Class A With Individual Works Certificate, Cap.25 ml, Sub-div.0.1 ml,Tol.±0.05ml",Vol. Glassware,4,434.40
77.103.0050,"Burette, With Screw Type PTFE Needle Valve (Rotaflow) Stopcock, Class A With Individual Works Certificate, Cap.50 ml, Sub-div.0.1 ml,Tol.±0.05ml",Vol. Glassware,4,498.41
77.103.0100,"Burette, With Screw Type PTFE Needle Valve (Rotaflow) Stopcock, Class A With Individual Works Certificate, Cap.100 ml, Sub-div.0.2 ml,Tol.±0.1ml",Vol. Glassware,4,848.17
70.103.0010,"Burette, With Screw Type PTFE Needle Valve (Rotaflow) Stopcock, Class B, Cap.10 ml, Sub-div.0.05 ml,Tol.±0.05ml",Vol. Glassware,4,89.48
70.103.0025,"Burette, With Screw Type PTFE Needle Valve (Rotaflow) Stopcock, Class B, Cap.25 ml, Sub-div.0.1 ml,Tol.±0.1ml",Vol. Glassware,4,93.77
70.103.0050,"Burette, With Screw Type PTFE Needle Valve (Rotaflow) Stopcock, Class B, Cap.50 ml, Sub-div.0.1 ml,Tol.±0.1ml",Vol. Glassware,4,107.51
70.103.0100,"Burette, With Screw Type PTFE Needle Valve (Rotaflow) Stopcock, Class B, Cap.100 ml, Sub-div.0.2 ml,Tol.±0.2ml",Vol. Glassware,4,130.16
77.102.0005,"Burette, With Straight Bore PTFE Key Stopcock, Class A With Individual Works Certificate, Cap.5** ml, Sub-div.0.02 ml,Tol.±0.01ml",Vol. Glassware,4,343.79
77.102.0010,"Burette, With Straight Bore PTFE Key Stopcock, Class A With Individual Works Certificate, Cap.10 ml, Sub-div.0.05 ml,Tol.±0.03ml",Vol. Glassware,4,529.38
77.102.0025,"Burette, With Straight Bore PTFE Key Stopcock, Class A With Individual Works Certificate, Cap.25 ml, Sub-div.0.1 ml,Tol.±0.05ml",Vol. Glassware,4,562.35
77.102.0050,"Burette, With Straight Bore PTFE Key Stopcock, Class A With Individual Works Certificate, Cap.50 ml, Sub-div.0.1 ml,Tol.±0.05ml",Vol. Glassware,4,626.36
77.102.0100,"Burette, With Straight Bore PTFE Key Stopcock, Class A With Individual Works Certificate, Cap.100 ml, Sub-div.0.2 ml,Tol.±0.1ml",Vol. Glassware,4,976.12
70.102.0010,"Burette, With Straight Bore PTFE Key Stopcock, Class B, Cap.10 ml, Sub-div.0.05 ml,Tol.±0.05ml",Vol. Glassware,4,199.15
70.102.0025,"Burette, With Straight Bore PTFE Key Stopcock, Class B, Cap.25 ml, Sub-div.0.1 ml,Tol.±0.1ml",Vol. Glassware,4,203.44
70.102.0050,"Burette, With Straight Bore PTFE Key Stopcock, Class B, Cap.50 ml, Sub-div.0.1 ml,Tol.±0.1ml",Vol. Glassware,4,217.18
70.102.0100,"Burette, With Straight Bore PTFE Key Stopcock, Class B, Cap.100 ml, Sub-div.0.2 ml,Tol.±0.2ml",Vol. Glassware,4,239.83
75.102.0010,"Amber Color Burette, With Straight Bore PTFE Key Stopcock, Class A With Individual Works Certificate, Cap.10 ml, Sub-div.0.05 ml,Tol.±0.03ml",Vol. Glassware,1,950.89
75.102.0025,"Amber Color Burette, With Straight Bore PTFE Key Stopcock, Class A With Individual Works Certificate, Cap.25 ml, Sub-div.0.1 ml,Tol.±0.05ml",Vol. Glassware,1,984.50
75.102.0050,"Amber Color Burette, With Straight Bore PTFE Key Stopcock, Class A With Individual Works Certificate, Cap.50 ml, Sub-div.0.1 ml,Tol.±0.05ml",Vol. Glassware,1,1048.51
75.102.0100,"Amber Color Burette, With Straight Bore PTFE Key Stopcock, Class A With Individual Works Certificate, Cap.100 ml, Sub-div.0.2 ml,Tol.±0.1ml",Vol. Glassware,1,1468.73
70.105.0010,"Burette, With Straight Bore Glass Key Stopcock, Class B, Cap.10 ml, Sub-div.0.05 ml,Tol.±0.05ml",Vol. Glassware,4,89.20
70.105.0025,"Burette, With Straight Bore Glass Key Stopcock, Class B, Cap.25 ml, Sub-div.0.1 ml,Tol.±0.1ml",Vol. Glassware,4,93.42
70.105.0050,"Burette, With Straight Bore Glass Key Stopcock, Class B, Cap.50 ml, Sub-div.0.1 ml,Tol.±0.1ml",Vol. Glassware,4,126.28
70.105.0100,"Burette, With Straight Bore Glass Key Stopcock, Class B, Cap.100 ml, Sub-div.0.2 ml,Tol.±0.2ml",Vol. Glassware,4,148.56
71.103.0010,"Amber Color Burette, With Screw Type PTFE Needle Valve (Rotaflow) Stopcock, Class B, Cap.10 ml, Sub-div.0.05 ml,Tol.±0.05ml",Vol. Glassware,1,449.84
71.103.0025,"Amber Color Burette, With Screw Type PTFE Needle Valve (Rotaflow) Stopcock, Class B, Cap.25 ml, Sub-div.0.1 ml,Tol.±0.1ml",Vol. Glassware,1,454.13
71.103.0050,"Amber Color Burette, With Screw Type PTFE Needle Valve (Rotaflow) Stopcock, Class B, Cap.50 ml, Sub-div.0.1 ml,Tol.±0.1ml",Vol. Glassware,1,467.87
77.114.0010R,"Burettes, Automatic Zero, Mounted on Reservoir, Rubber Bellow, Accuracy as per Class 'A' of IS 1997 : 2008, With Individual Works Certificate, Glass Screw Cap, Cap.10 ml, Sub-div.0.05 ml,Tol.±0.03ml, Bottle Cap.500ml",Vol. Glassware,1,2121.26
77.114.0025R,"Burettes, Automatic Zero, Mounted on Reservoir, Rubber Bellow, Accuracy as per Class 'A' of IS 1997 : 2008, With Individual Works Certificate, Glass Screw Cap, Cap.25 ml, Sub-div.0.1 ml,Tol.±0.05ml, Bottle Cap.2000ml",Vol. Glassware,1,2500.51
77.114.0050R,"Burettes, Automatic Zero, Mounted on Reservoir, Rubber Bellow, Accuracy as per Class 'A' of IS 1997 : 2008, With Individual Works Certificate, Glass Screw Cap, Cap.50 ml, Sub-div.0.1 ml,Tol.±0.05ml, Bottle Cap.2000ml",Vol. Glassware,1,2614.85
77.114.0100R,"Burettes, Automatic Zero, Mounted on Reservoir, Rubber Bellow, Accuracy as per Class 'A' of IS 1997 : 2008, With Individual Works Certificate, Glass Screw Cap, Cap.100 ml, Sub-div.0.2 ml,Tol.±0.1ml, Bottle Cap.2000ml",Vol. Glassware,1,3176.43
77.108.0010R,"Burettes, Automatic Zero, Mounted on Reservoir, Rubber Bellow, Accuracy as per Class 'A' of IS 1997 : 2008, With Individual Works Certificate, PTFE Needle Valve (Rotaflo), Cap.10 ml, Sub-div.0.05 ml,Tol.±0.03ml, Bottle Cap.500ml",Vol. Glassware,1,2084.82
77.108.0025R,"Burettes, Automatic Zero, Mounted on Reservoir, Rubber Bellow, Accuracy as per Class 'A' of IS 1997 : 2008, With Individual Works Certificate, PTFE Needle Valve (Rotaflo), Cap.25 ml, Sub-div.0.1 ml,Tol.±0.05ml, Bottle Cap.2000ml",Vol. Glassware,1,2464.07
77.108.0050R,"Burettes, Automatic Zero, Mounted on Reservoir, Rubber Bellow, Accuracy as per Class 'A' of IS 1997 : 2008, With Individual Works Certificate, PTFE Needle Valve (Rotaflo), Cap.50 ml, Sub-div.0.1 ml,Tol.±0.05ml, Bottle
Cap.2000ml",Vol. Glassware,1,2578.42
77.108.0100R,"Burettes, Automatic Zero, Mounted on Reservoir, Rubber Bellow, Accuracy as per Class 'A' of IS 1997 : 2008, With Individual Works Certificate, PTFE Needle Valve (Rotaflo), Cap.100 ml, Sub-div.0.2 ml,Tol.±0.1ml, Bottle Cap.2000ml",Vol. Glassware,1,3140.00
77.110.0010R,"Burettes, Automatic Zero, Mounted on Reservoir, Rubber Bellow, Accuracy as per Class 'A' of IS 1997 : 2008, With Individual Works Certificate, PTFE Key, Cap.10 ml, Sub-div.0.05 ml,Tol.±0.03ml, Bottle Cap.500ml",Vol. Glassware,1,2201.14
77.110.0025R,"Burettes, Automatic Zero, Mounted on Reservoir, Rubber Bellow, Accuracy as per Class 'A' of IS 1997 : 2008, With Individual Works Certificate, PTFE Key, Cap.25 ml, Sub-div.0.1 ml,Tol.±0.05ml, Bottle Cap.2000ml",Vol. Glassware,1,2580.39
77.110.0050R,"Burettes, Automatic Zero, Mounted on Reservoir, Rubber Bellow, Accuracy as per Class 'A' of IS 1997 : 2008, With Individual Works Certificate, PTFE Key, Cap.50 ml, Sub-div.0.1 ml,Tol.±0.05ml, Bottle Cap.2000ml",Vol. Glassware,1,2694.73
77.110.0100R,"Burettes, Automatic Zero, Mounted on Reservoir, Rubber Bellow, Accuracy as per Class 'A' of IS 1997 : 2008, With Individual Works Certificate, PTFE Key, Cap.100 ml, Sub-div.0.2 ml,Tol.±0.1ml, Bottle Cap.2000ml",Vol. Glassware,1,3256.31
75.114.0010R,"Amber Color Burettes, Automatic Zero, Mounted on Reservoir, Rubber Bellow, Accuracy as per Class 'A' of IS 1997 : 2008, With Individual Works Certificate, Glass Screw Cap, Cap.10 ml, Sub-div.0.05 ml,Tol.±0.03ml, Bottle Cap.500ml",Vol. Glassware,1,3208.77
75.114.0025R,"Amber Color Burettes, Automatic Zero, Mounted on Reservoir, Rubber Bellow, Accuracy as per Class 'A' of IS 1997 : 2008, With Individual Works Certificate, Glass Screw Cap, Cap.25 ml, Sub-div.0.1 ml,Tol.±0.05ml, Bottle Cap.2000ml",Vol. Glassware,1,3940.78
75.114.0050R,"Amber Color Burettes, Automatic Zero, Mounted on Reservoir, Rubber Bellow, Accuracy as per Class 'A' of IS 1997 : 2008, With Individual Works Certificate, Glass Screw Cap, Cap.50 ml, Sub-div.0.1 ml,Tol.±0.05ml, Bottle Cap.2000ml",Vol. Glassware,1,4055.12
75.114.0100R,"Amber Color Burettes, Automatic Zero, Mounted on Reservoir, Rubber Bellow, Accuracy as per Class 'A' of IS 1997 : 2008, With Individual Works Certificate, Glass Screw Cap, Cap.100 ml, Sub-div.0.2 ml,Tol.±0.1ml, Bottle Cap.2000ml",Vol. Glassware,1,4687.15
75.108.0010R,"Amber Color Burettes, Automatic Zero, Mounted on Reservoir, Rubber Bellow, Accuracy as per Class 'A' of IS 1997 : 2008, With Individual Works Certificate, PTFE Needle Valve (Rotaflo), Cap.10 ml, Sub-div.0.05 ml,Tol.±0.03ml, Bottle Cap.500ml",Vol. Glassware,1,3172.33
75.108.0025R,"Amber Color Burettes, Automatic Zero, Mounted on Reservoir, Rubber Bellow, Accuracy as per Class 'A' of IS 1997 : 2008, With Individual Works Certificate, PTFE Needle Valve (Rotaflo), Cap.25 ml, Sub-div.0.1 ml,Tol.±0.05ml, Bottle Cap.2000ml",Vol. Glassware,1,3904.34
75.108.0050R,"Amber Color Burettes, Automatic Zero, Mounted on Reservoir, Rubber Bellow, Accuracy as per Class 'A' of IS 1997 : 2008, With Individual Works Certificate, PTFE Needle Valve (Rotaflo), Cap.50 ml, Sub-div.0.1 ml,Tol.±0.05ml, Bottle Cap.2000ml",Vol. Glassware,1,4018.68
75.108.0100R,"Amber Color Burettes, Automatic Zero, Mounted on Reservoir, Rubber Bellow, Accuracy as per Class 'A' of IS 1997 : 2008, With Individual Works Certificate, PTFE Needle Valve (Rotaflo), Cap.100 ml, Sub-div.0.2 ml,Tol.±0.1ml, Bottle Cap.2000ml",Vol. Glassware,1,4650.72
75.110.0010R,"Amber Color Burettes, Automatic Zero, Mounted on Reservoir, Rubber Bellow, Accuracy as per Class 'A' of IS 1997 : 2008, With Individual Works Certificate, PTFE Key, Cap.10 ml, Sub-div.0.05 ml,Tol.±0.03ml, Bottle Cap.500ml",Vol. Glassware,1,3288.65
75.110.0025R,"Amber Color Burettes, Automatic Zero, Mounted on Reservoir, Rubber Bellow, Accuracy as per Class 'A' of IS 1997 : 2008, With Individual Works Certificate, PTFE Key, Cap.25 ml, Sub-div.0.1 ml,Tol.±0.05ml, Bottle Cap.2000ml",Vol. Glassware,1,4020.66
75.110.0050R,"Amber Color Burettes, Automatic Zero, Mounted on Reservoir, Rubber Bellow, Accuracy as per Class 'A' of IS 1997 : 2008, With Individual Works Certificate, PTFE Key, Cap.50 ml, Sub-div.0.1 ml,Tol.±0.05ml, Bottle Cap.2000ml",Vol. Glassware,1,4135.00
75.110.0100R,"Amber Color Burettes, Automatic Zero, Mounted on Reservoir, Rubber Bellow, Accuracy as per Class 'A' of IS 1997 : 2008, With Individual Works Certificate, PTFE Key, Cap.100 ml, Sub-div.0.2 ml,Tol.±0.1ml, Bottle Cap.2000ml",Vol. Glassware,1,4767.03
70.114.0010R,"Burettes, Automatic Zero, Mounted on Reservoir, Rubber Bellow, Accuracy as per Class 'B' of IS 1997 : 2008, Glass Screw Cap, Cap.10 ml, Sub-div.0.05 ml,Tol.±0.05ml, Bottle Cap.500ml",Vol. Glassware,1,1641.27
70.114.0025R,"Burettes, Automatic Zero, Mounted on Reservoir, Rubber Bellow, Accuracy as per Class 'B' of IS 1997 : 2008, Glass Screw Cap, Cap.25 ml, Sub-div.0.1 ml,Tol.±0.1ml, Bottle Cap.2000ml",Vol. Glassware,1,1957.19
70.114.0050R,"Burettes, Automatic Zero, Mounted on Reservoir, Rubber Bellow, Accuracy as per Class 'B' of IS 1997 : 2008, Glass Screw Cap, Cap.50 ml, Sub-div.0.1 ml,Tol.±0.1ml, Bottle Cap.2000ml",Vol. Glassware,1,2019.44
70.114.0100R,"Burettes, Automatic Zero, Mounted on Reservoir, Rubber Bellow, Accuracy as per Class 'B' of IS 1997 : 2008, Glass Screw Cap, Cap.100 ml, Sub-div.0.2 ml,Tol.±0.2ml, Bottle Cap.2000ml",Vol. Glassware,1,2257.33
70.108.0010R,"Burettes, Automatic Zero, Mounted on Reservoir, Rubber Bellow, Accuracy as per Class 'B' of IS 1997 : 2008, PTFE Needle Valve (Rotaflo), Cap.10 ml, Sub-div.0.05 ml,Tol.±0.05ml, Bottle Cap.500ml",Vol. Glassware,1,1608.74
70.108.0025R,"Burettes, Automatic Zero, Mounted on Reservoir, Rubber Bellow, Accuracy as per Class 'B' of IS 1997 : 2008, PTFE Needle Valve (Rotaflo), Cap.25 ml, Sub-div.0.1 ml,Tol.±0.1ml, Bottle
Cap.2000ml",Vol. Glassware,1,1924.65
70.108.0050R,"Burettes, Automatic Zero, Mounted on Reservoir, Rubber Bellow, Accuracy as per Class 'B' of IS 1997 : 2008, PTFE Needle Valve (Rotaflo), Cap.50 ml, Sub-div.0.1 ml,Tol.±0.1ml, Bottle
Cap.2000ml",Vol. Glassware,1,1986.90
70.108.0100R,"Burettes, Automatic Zero, Mounted on Reservoir, Rubber Bellow, Accuracy as per Class 'B' of IS 1997 : 2008, PTFE Needle Valve (Rotaflo), Cap.100 ml, Sub-div.0.2 ml,Tol.±0.2ml, Bottle
Cap.2000ml",Vol. Glassware,1,2224.79
70.110.0010R,"Burettes, Automatic Zero, Mounted on Reservoir, Rubber Bellow, Accuracy as per Class 'B' of IS 1997 : 2008, PTFE Key, Cap.10 ml, Sub-div.0.05 ml,Tol.±0.05ml, Bottle
Cap.500ml",Vol. Glassware,1,1712.59
70.110.0025R,"Burettes, Automatic Zero, Mounted on Reservoir, Rubber Bellow, Accuracy as per Class 'B' of IS 1997 : 2008, PTFE Key, Cap.25 ml, Sub-div.0.1 ml,Tol.±0.1ml, Bottle
Cap.2000ml",Vol. Glassware,1,2028.51
70.110.0050R,"Burettes, Automatic Zero, Mounted on Reservoir, Rubber Bellow, Accuracy as per Class 'B' of IS 1997 : 2008, PTFE Key, Cap.50 ml, Sub-div.0.1 ml,Tol.±0.1ml, Bottle
Cap.2000ml",Vol. Glassware,1,2090.76
70.110.0100R,"Burettes, Automatic Zero, Mounted on Reservoir, Rubber Bellow, Accuracy as per Class 'B' of IS 1997 : 2008, PTFE Key, Cap.100 ml, Sub-div.0.2 ml,Tol.±0.2ml, Bottle
Cap.2000ml",Vol. Glassware,1,2328.65
71.114.0010R,"Amber Color Burettes, Automatic Zero, Mounted on Reservoir, Rubber Bellow, Accuracy as per Class 'B' of IS 1997 : 2008, Glass Screw Cap, Cap.10 ml, Sub-div.0.05 ml,Tol.±0.05ml, Bottle
Cap.500ml",Vol. Glassware,1,2392.02
71.114.0025R,"Amber Color Burettes, Automatic Zero, Mounted on Reservoir, Rubber Bellow, Accuracy as per Class 'B' of IS 1997 : 2008, Glass Screw Cap, Cap.25 ml, Sub-div.0.1 ml,Tol.±0.1ml, Bottle
Cap.2000ml",Vol. Glassware,1,2707.94
71.114.0050R,"Amber Color Burettes, Automatic Zero, Mounted on Reservoir, Rubber Bellow, Accuracy as per Class 'B' of IS 1997 : 2008, Glass Screw Cap, Cap.50 ml, Sub-div.0.1 ml,Tol.±0.1ml, Bottle
Cap.2000ml",Vol. Glassware,1,2770.19
71.114.0100R,"Amber Color Burettes, Automatic Zero, Mounted on Reservoir, Rubber Bellow, Accuracy as per Class 'B' of IS 1997 : 2008, Glass Screw Cap, Cap.100 ml, Sub-div.0.2 ml,Tol.±0.2ml, Bottle
Cap.2000ml",Vol. Glassware,1,3070.64
77.108.1111R,Spare Rubber Bellow With Cotton Net for Automatic Burettes,Vol. Glassware,2,120.12
72.101.0010,"Burette, With Glass Screw Cap Stopcock Class A With NABL Certificate, Cap.10 ml, Sub-div.0.05 ml, Tol.±0.03ml",Vol. Glassware,1,545.42
72.101.0025,"Burette, With Glass Screw Cap Stopcock Class A With NABL Certificate, Cap.25 ml, Sub-div.0.1 ml, Tol.±0.05ml",Vol. Glassware,1,583.10
72.101.0050,"Burette, With Glass Screw Cap Stopcock Class A With NABL Certificate, Cap.50 ml, Sub-div.0.1 ml, Tol.±0.05ml",Vol. Glassware,1,662.19
72.101.0100,"Burette, With Glass Screw Cap Stopcock Class A With NABL Certificate, Cap.100 ml, Sub-div.0.2 ml, Tol.±0.1ml",Vol. Glassware,1,1070.79
72.103.0010,"Burette, With Screw Type PTFE Needle Valve (Rotaflow) Stopcock, Class A With NABL Certificate, Cap.10 ml, Sub-div.0.05 ml,Tol.±0.03ml",Vol. Glassware,1,495.62
72.103.0025,"Burette, With Screw Type PTFE Needle Valve (Rotaflow) Stopcock, Class A With NABL Certificate, Cap.25 ml, Sub-div.0.1 ml,Tol.±0.05ml",Vol. Glassware,1,533.29
72.103.0050,"Burette, With Screw Type PTFE Needle Valve (Rotaflow) Stopcock, Class A With NABL Certificate, Cap.50 ml, Sub-div.0.1 ml,Tol.±0.05ml",Vol. Glassware,1,610.38
72.103.0100,"Burette, With Screw Type PTFE Needle Valve (Rotaflow) Stopcock, Class A With NABL Certificate, Cap.100 ml, Sub-div.0.2 ml,Tol.±0.1ml",Vol. Glassware,1,1018.98
72.102.0010,"Burette, With Straight Bore PTFE Key Stopcock, Class A With NABL Certificate, Cap.10 ml, Sub-div.0.05 ml,Tol.±0.03ml",Vol. Glassware,1,641.84
72.102.0025,"Burette, With Straight Bore PTFE Key Stopcock, Class A With NABL Certificate, Cap.25 ml, Sub-div.0.1 ml,Tol.±0.05ml",Vol. Glassware,1,679.52
72.102.0050,"Burette, With Straight Bore PTFE Key Stopcock, Class A With NABL Certificate, Cap.50 ml, Sub-div.0.1 ml,Tol.±0.05ml",Vol. Glassware,1,756.61
72.102.0100,"Burette, With Straight Bore PTFE Key Stopcock, Class A With NABL Certificate, Cap.100 ml, Sub-div.0.2 ml,Tol.±0.1ml",Vol. Glassware,1,1165.20
12.150.0030,"Bottle,  Reagent  Interchangeable  Flat  Head  Glass  Stopper, Narrow Mouth, Clear, Cap.30ml, NS 14/23, O.D. X Ht.36x78mm",Non Volumetric Glassware,12,81.34
12.150.0060,"Bottle,  Reagent  Interchangeable  Flat  Head  Glass  Stopper, Narrow Mouth, Clear, Cap.60*ml, NS 14/23, O.D. X Ht.42x90mm",Non Volumetric Glassware,12,93.77
12.150.0100,"Bottle,  Reagent  Interchangeable  Flat  Head  Glass  Stopper, Narrow Mouth, Clear, Cap.100ml, NS 14/23, O.D. X Ht.55x95mm",Non Volumetric Glassware,12,102.76
12.150.0125,"Bottle,  Reagent  Interchangeable  Flat  Head  Glass  Stopper, Narrow Mouth, Clear, Cap.125*ml, NS 19/26, O.D. X Ht.55x120mm",Non Volumetric Glassware,12,110.56
12.150.0250,"Bottle,  Reagent  Interchangeable  Flat  Head  Glass  Stopper, Narrow Mouth, Clear, Cap.250ml, NS 19/26, O.D. X Ht.70x128mm",Non Volumetric Glassware,12,143.62
12.150.0500,"Bottle,  Reagent  Interchangeable  Flat  Head  Glass  Stopper, Narrow Mouth, Clear, Cap.500ml, NS 24/29, O.D. X Ht.86x162mm",Non Volumetric Glassware,6,233.67
12.150.1000,"Bottle,  Reagent  Interchangeable  Flat  Head  Glass  Stopper, Narrow Mouth, Clear, Cap.1000ml, NS 29/32, O.D. X Ht.107x198mm",Non Volumetric Glassware,4,325.69
12.150.2000,"Bottle,  Reagent  Interchangeable  Flat  Head  Glass  Stopper, Narrow Mouth, Clear, Cap.2000ml, NS 29/32, O.D. X Ht.133x246mm",Non Volumetric Glassware,2,502.72
12.150.3000,"Bottle,  Reagent  Interchangeable  Flat  Head  Glass  Stopper, Narrow Mouth, Clear, Cap.3000ml, NS 34/35, O.D. X Ht.150x300mm",Non Volumetric Glassware,1,1234.55
12.151.0030,"Bottle, Reagent Interchangeable Glass Stopper, Narrow Mouth, Amber, Cap.30*ml, NS 14/23, O.D. X Ht.36x78mm",Non Volumetric Glassware,12,138.73
12.151.0060,"Bottle, Reagent Interchangeable Glass Stopper, Narrow Mouth, Amber, Cap.60*ml, NS 14/23, O.D. X Ht.42x90mm",Non Volumetric Glassware,12,170.78
12.151.0100,"Bottle, Reagent Interchangeable Glass Stopper, Narrow Mouth, Amber, Cap.100ml, NS 14/23, O.D. X Ht.55x95mm",Non Volumetric Glassware,12,193.22
12.151.0125,"Bottle, Reagent Interchangeable Glass Stopper, Narrow Mouth, Amber, Cap.125*ml, NS 19/26, O.D. X Ht.55x120mm",Non Volumetric Glassware,12,214.20
12.151.0250,"Bottle, Reagent Interchangeable Glass Stopper, Narrow Mouth, Amber, Cap.250ml, NS 19/26, O.D. X Ht.70x128mm",Non Volumetric Glassware,12,252.72
12.151.0500,"Bottle, Reagent Interchangeable Glass Stopper, Narrow Mouth, Amber, Cap.500ml, NS 24/29, O.D. X Ht.86x162mm",Non Volumetric Glassware,6,394.41
12.151.1000,"Bottle, Reagent Interchangeable Glass Stopper, Narrow Mouth, Amber, Cap.1000ml, NS 29/32, O.D. X Ht.107x198mm",Non Volumetric Glassware,4,629.83
12.151.2000,"Bottle, Reagent Interchangeable Glass Stopper, Narrow Mouth, Amber, Cap.2000ml, NS 29/32, O.D. X Ht.133x246mm",Non Volumetric Glassware,2,933.62
12.180.0100,"Bottle, Reagent, Heavy Duty, Graduated with Interchangeable Flat Head Glass Stopper, Narrow Mouth, Clear, Cap.100ml, NS 14/23, O.D. X Ht.56x100mm",Non Volumetric Glassware,10,170.17
12.180.0250,"Bottle, Reagent, Heavy Duty, Graduated with Interchangeable Flat Head Glass Stopper, Narrow Mouth, Clear, Cap.250ml, NS 19/26, O.D. X Ht.70x145mm",Non Volumetric Glassware,10,198.95
12.180.0500,"Bottle, Reagent, Heavy Duty, Graduated with Interchangeable Flat Head Glass Stopper, Narrow Mouth, Clear, Cap.500ml, NS 24/29, O.D. X Ht.86x173mm",Non Volumetric Glassware,10,279.12
12.180.1000,"Bottle, Reagent, Heavy Duty, Graduated with Interchangeable Flat Head Glass Stopper, Narrow Mouth, Clear, Cap.1000ml, NS 29/32, O.D. X Ht.101x225mm",Non Volumetric Glassware,10,431.98
12.180.2000,"Bottle, Reagent, Heavy Duty, Graduated with Interchangeable Flat Head Glass Stopper, Narrow Mouth, Clear, Cap.2000ml, NS 29/32, O.D. X Ht.136x260mm",Non Volumetric Glassware,10,698.53
12.181.0100,"Bottle, Reagent, Heavy Duty, Graduated with Interchangeable Glass Stopper, Narrow Mouth, Amber, Cap.100ml, NS 14/23, O.D. X Ht.56x100mm",Non Volumetric Glassware,10,411.31
12.181.0250,"Bottle, Reagent, Heavy Duty, Graduated with Interchangeable Glass Stopper, Narrow Mouth, Amber, Cap.250ml, NS 19/26, O.D. X Ht.70x145mm",Non Volumetric Glassware,10,510.54
12.181.0500,"Bottle, Reagent, Heavy Duty, Graduated with Interchangeable Glass Stopper, Narrow Mouth, Amber, Cap.500ml, NS 24/29, O.D. X Ht.86x173mm",Non Volumetric Glassware,10,647.32
12.181.1000,"Bottle, Reagent, Heavy Duty, Graduated with Interchangeable Glass Stopper, Narrow Mouth, Amber, Cap.1000ml, NS 29/32, O.D. X Ht.101x225mm",Non Volumetric Glassware,10,947.75
12.181.2000,"Bottle, Reagent, Heavy Duty, Graduated with Interchangeable Glass Stopper, Narrow Mouth, Amber, Cap.2000ml, NS 29/32, O.D. X Ht.136x260mm",Non Volumetric Glassware,10,1475.39
12.108.0010,"Bottle, Reagent, With Screw Cap, Clear, Cap.10**ml, TS GL 25, O.D. X Ht.34x50mm",Non Volumetric Glassware,10,70.60
12.108.0025,"Bottle, Reagent, With Screw Cap, Clear, Cap.25ml, TS GL 25, O.D. X Ht.36x70mm",Non Volumetric Glassware,10,87.44
12.108.0050,"Bottle, Reagent, With Screw Cap, Clear, Cap.50ml, TS GL 32, O.D. X Ht.46x87mm",Non Volumetric Glassware,10,93.54
12.108.0100,"Bottle, Reagent, With Screw Cap, Clear, Cap.100ml, TS GL 45, O.D. X Ht.56x100mm",Non Volumetric Glassware,10,104.57
12.108.0250,"Bottle, Reagent, With Screw Cap, Clear, Cap.250ml, TS GL 45, O.D. X Ht.70x138mm",Non Volumetric Glassware,10,116.88
12.108.0500,"Bottle, Reagent, With Screw Cap, Clear, Cap.500ml, TS GL 45, O.D. X Ht.86x176mm",Non Volumetric Glassware,10,165.10
12.108.1000,"Bottle, Reagent, With Screw Cap, Clear, Cap.1000ml, TS GL 45, O.D. X Ht.101x225mm",Non Volumetric Glassware,10,266.12
12.108.2000,"Bottle, Reagent, With Screw Cap, Clear, Cap.2000ml, TS GL 45, O.D. X Ht.136x260mm",Non Volumetric Glassware,10,482.87
12.108.3000,"Bottle, Reagent, With Screw Cap, Clear, Cap.3000**ml, TS GL 45, O.D. X Ht.166x285mm",Non Volumetric Glassware,1,1241.34
12.108.5000,"Bottle, Reagent, With Screw Cap, Clear, Cap.5000ml, TS GL 45, O.D. X Ht.181x330mm",Non Volumetric Glassware,1,1727.06
12.108.9910,"Bottle, Reagent, With Screw Cap, Clear, Cap.10000ml, TS GL 45, O.D. X Ht.227x410mm",Non Volumetric Glassware,1,2929.68
12.108.9920,"Bottle, Reagent, With Screw Cap, Clear, Cap.20000ml, TS GL 45, O.D. X Ht.288x505mm",Non Volumetric Glassware,1,6656.57
12.112.0010,"Bottle, Reagent, With Screw Cap, Amber, Cap.10*ml, TS GL 25, O.D. X Ht.34x50mm",Non Volumetric Glassware,10,115.12
12.112.0025,"Bottle, Reagent, With Screw Cap, Amber, Cap.25ml, TS GL 25, O.D. X Ht.36x70mm",Non Volumetric Glassware,10,135.13
12.112.0050,"Bottle, Reagent, With Screw Cap, Amber, Cap.50ml, TS GL 32, O.D. X Ht.46x87mm",Non Volumetric Glassware,10,173.17
12.112.0100,"Bottle, Reagent, With Screw Cap, Amber, Cap.100ml, TS GL 45, O.D. X Ht.56x100mm",Non Volumetric Glassware,10,322.09
12.112.0250,"Bottle, Reagent, With Screw Cap, Amber, Cap.250ml, TS GL 45, O.D. X Ht.70x138mm",Non Volumetric Glassware,10,398.97
12.112.0500,"Bottle, Reagent, With Screw Cap, Amber, Cap.500ml, TS GL 45, O.D. X Ht.86x176mm",Non Volumetric Glassware,10,489.62
12.112.1000,"Bottle, Reagent, With Screw Cap, Amber, Cap.1000ml, TS GL 45, O.D. X Ht.101x225mm",Non Volumetric Glassware,10,629.29
12.112.2000,"Bottle, Reagent, With Screw Cap, Amber, Cap.2000ml, TS GL 45, O.D. X Ht.136x260mm",Non Volumetric Glassware,10,1235.49
12.112.3000,"Bottle, Reagent, With Screw Cap, Amber, Cap.3000**ml, TS GL 45, O.D. X Ht.166x285mm",Non Volumetric Glassware,1,2264.92
12.112.5000,"Bottle, Reagent, With Screw Cap, Amber, Cap.5000ml, TS GL 45, O.D. X Ht.181x330mm",Non Volumetric Glassware,1,3220.55
12.112.9910,"Bottle, Reagent, With Screw Cap, Amber, Cap.10000ml, TS GL 45, O.D. X Ht.227x410mm",Non Volumetric Glassware,1,7107.00
12.112.9920,"Bottle, Reagent, With Screw Cap, Amber, Cap.20000ml, TS GL 45, O.D. X Ht.288x505mm",Non Volumetric Glassware,1,14508.59
12.106.5000,"Reagent  Bottle  Clear, Extra Wide  Mouth With  Polypropylene Screw Cap And With Pouring Ring, Repeatedly Autoclaveable, Graduated, Cap.5000ml, Din Th GL80",Non Volumetric Glassware,1,2529.18
12.106.9910,"Reagent  Bottle  Clear, Extra Wide  Mouth With  Polypropylene Screw Cap And With Pouring Ring, Repeatedly Autoclaveable, Graduated, Cap.10000ml, Din Th GL80",Non Volumetric Glassware,1,3352.04
12.106.9920,"Reagent  Bottle  Clear, Extra Wide  Mouth With  Polypropylene Screw Cap And With Pouring Ring, Repeatedly Autoclaveable, Graduated, Cap.20000ml, Din Th GL80",Non Volumetric Glassware,1,8060.02
12.125.1000,"Storage Bottle with High Solvent Recovery for HPLC, Cap.1000ml, TS GL 45, O.D. X Ht.103 X 200mm",Non Volumetric Glassware,10,1301.30
12.125.2000,"Storage Bottle with High Solvent Recovery for HPLC, Cap.2000ml, TS GL 45, O.D. X Ht.131 X 280mm",Non Volumetric Glassware,10,1601.60
12.103.0005,"Caps, PP Screw Cap with Pouring Ring for Laboratory Reagent Bottles, Colour TypeBlue, Din Th GL 45",Non Volumetric Glassware,10,12.01
12.103.0010,"Caps, PP Screw Cap with Pouring Ring for Laboratory Reagent Bottles, Colour TypeOrange, Din Th GL 45",Non Volumetric Glassware,10,12.01
12.103.0015,"Caps, PP Screw Cap with Pouring Ring for Laboratory Reagent Bottles, Colour TypeYellow, Din Th GL 45",Non Volumetric Glassware,10,12.01
12.103.0020,"Caps, PP Screw Cap with Pouring Ring for Laboratory Reagent Bottles, Colour TypeGreen, Din Th GL 45",Non Volumetric Glassware,10,12.01
12.103.0025,"Caps, PP Screw Cap with Pouring Ring for Laboratory Reagent Bottles, Colour TypeGrey, Din Th GL 45",Non Volumetric Glassware,10,12.01
12.103.0030,"Caps, PP Screw Cap with Pouring Ring for Laboratory Reagent Bottles, Colour TypeBlue, Din Th GL 25",Non Volumetric Glassware,10,10.01
12.103.0035,"Caps, PP Screw Cap with Pouring Ring for Laboratory Reagent Bottles, Colour TypeBlue, Din Th GL 32",Non Volumetric Glassware,10,10.01
12.103.0110,"Caps, Screw Cap High Temperature Resistant for Laboratory Reagent Bottles, Colour TypeRed, Mat. PBT, Din Th GL 45",Non Volumetric Glassware,25,0.00
12.103.0040,"PP Screw Cap GL45 with vent and PTFE Filter, Colour TypeBlue, No. of Vents 3, Din, MaterialPP, Din Th. GL 45",Non Volumetric Glassware,25,0.00
12.103.0050,"PP Screw Cap GL45 with vent and PTFE Filter, Colour TypeBlue, No. of Vents 6, Din, MaterialPP, Din Th. GL 45",Non Volumetric Glassware,25,0.00
12.116.0030,"Bottle,  Dropping  Bottle  With  Rubber  Teat,  Dropping  Pipette Ground Into Bottle Neck, Clear, Cap.30ml",Non Volumetric Glassware,12,93.40
12.116.0060,"Bottle,  Dropping  Bottle  With  Rubber  Teat,  Dropping  Pipette Ground Into Bottle Neck, Clear, Cap.60ml",Non Volumetric Glassware,12,106.04
12.116.0125,"Bottle,  Dropping  Bottle  With  Rubber  Teat,  Dropping  Pipette Ground Into Bottle Neck, Clear, Cap.125ml",Non Volumetric Glassware,12,123.01
12.116.0250,"Bottle,  Dropping  Bottle  With  Rubber  Teat,  Dropping  Pipette Ground Into Bottle Neck, Clear, Cap.250ml",Non Volumetric Glassware,12,163.54
12.120.0030,"Bottle,  Dropping  Bottle  With  Rubber  Teat,  Dropping  Pipette Ground Into Bottle Neck, Amber, Cap.30ml",Non Volumetric Glassware,12,147.73
12.120.0060,"Bottle,  Dropping  Bottle  With  Rubber  Teat,  Dropping  Pipette Ground Into Bottle Neck, Amber, Cap.60ml",Non Volumetric Glassware,12,155.53
12.120.0125,"Bottle,  Dropping  Bottle  With  Rubber  Teat,  Dropping  Pipette Ground Into Bottle Neck, Amber, Cap.125ml",Non Volumetric Glassware,12,186.56
12.120.0250,"Bottle,  Dropping  Bottle  With  Rubber  Teat,  Dropping  Pipette Ground Into Bottle Neck, Amber, Cap.250ml",Non Volumetric Glassware,12,255.25
12.110.0250,"Bottles, Solution, Amber, Tooled Neck, Cap.250ml, App Neck I. D. 18mm",Non Volumetric Glassware,10,190.19
12.110.0500,"Bottles, Solution, Amber, Tooled Neck, Cap.500ml, App Neck I. D. 23mm",Non Volumetric Glassware,10,310.31
12.110.1000,"Bottles, Solution, Amber, Tooled Neck, Cap.1000ml, App Neck I. D. 28mm",Non Volumetric Glassware,6,522.52
12.110.2000,"Bottles, Solution, Amber, Tooled Neck, Cap.2000ml, App Neck I. D. 33mm",Non Volumetric Glassware,2,830.83
12.129.0250,"Bottles, Solution, Plain, Tooled Neck, Cap.250ml, App Neck I. D. 18mm",Non Volumetric Glassware,10,90.09
12.129.0500,"Bottles, Solution, Plain, Tooled Neck, Cap.500ml, App Neck I. D. 23mm",Non Volumetric Glassware,10,182.30
12.129.1000,"Bottles, Solution, Plain, Tooled Neck, Cap.1000ml, App Neck I. D. 28mm",Non Volumetric Glassware,10,256.95
12.129.2000,"Bottles, Solution, Plain, Tooled Neck, Cap.2000ml, App Neck I. D. 33mm",Non Volumetric Glassware,10,429.54
12.129.3000,"Bottles, Solution, Plain, Tooled Neck, Cap.3000ml, App Neck I. D. 44mm",Non Volumetric Glassware,1,1049.02
12.129.5000,"Bottles, Solution, Plain, Tooled Neck, Cap.5000ml, App Neck I. D. 44mm",Non Volumetric Glassware,1,1937.40
12.129.9910,"Bottles, Solution, Plain, Tooled Neck, Cap.10000ml, App Neck I. D. 54mm",Non Volumetric Glassware,1,4095.33
12.129.9920,"Bottles, Solution, Plain, Tooled Neck, Cap.20000ml, App Neck I. D. 54mm",Non Volumetric Glassware,1,7476.98
12.122.1000,"Roux, Culture Bottle, Off-Set Neck, Cap.1000ml",Non Volumetric Glassware,20,481.13
12.174.0060,"BOD Bottles, Penny Head Stopper, Cap.60*ml",Non Volumetric Glassware,6,117.57
12.174.0125,"BOD Bottles, Penny Head Stopper, Cap.125*ml",Non Volumetric Glassware,6,127.79
12.174.0300,"BOD Bottles, Penny Head Stopper, Cap.300ml",Non Volumetric Glassware,2,190.02
12.172.0060,"BOD Bottles, Robotic Stopper, Cap.60*ml",Non Volumetric Glassware,6,117.57
12.172.0125,"BOD Bottles, Robotic Stopper, Cap.125*ml",Non Volumetric Glassware,6,127.79
12.172.0300,"BOD Bottles, Robotic Stopper, Cap.300ml",Non Volumetric Glassware,2,190.02
12.155.1000,"Aspirator Bottle GL 45 With Screw Cap and Stopcock, Cap.1000ml, SS14/23",Non Volumetric Glassware,1,601.60
12.155.2000,"Aspirator Bottle GL 45 With Screw Cap and Stopcock, Cap.2000ml, SS19/26",Non Volumetric Glassware,1,967.95
12.155.3000,"Aspirator Bottle GL 45 With Screw Cap and Stopcock, Cap.3000ml, SS24/29",Non Volumetric Glassware,1,1902.47
12.155.5000,"Aspirator Bottle GL 45 With Screw Cap and Stopcock, Cap.5000ml, SS29/32",Non Volumetric Glassware,1,2575.41
12.155.9910,"Aspirator Bottle GL 45 With Screw Cap and Stopcock, Cap.10000ml, SS29/32",Non Volumetric Glassware,1,4091.03
12.155.9920,"Aspirator Bottle GL 45 With Screw Cap and Stopcock, Cap.20000ml, SS29/32",Non Volumetric Glassware,1,9339.44
12.156.0250,"Aspirator Bottle GL 45 With Screw Cap and Tubulation (IS-4796-3), Cap.250ml",Non Volumetric Glassware,1,193.05
12.156.0500,"Aspirator Bottle GL 45 With Screw Cap and Tubulation (IS-4796-3), Cap.500ml",Non Volumetric Glassware,1,276.78
12.156.1000,"Aspirator Bottle GL 45 With Screw Cap and Tubulation (IS-4796-3), Cap.1000ml",Non Volumetric Glassware,1,430.13
12.156.2000,"Aspirator Bottle GL 45 With Screw Cap and Tubulation (IS-4796-3), Cap.2000ml",Non Volumetric Glassware,1,729.15
12.156.3000,"Aspirator Bottle GL 45 With Screw Cap and Tubulation (IS-4796-3), Cap.3000ml",Non Volumetric Glassware,1,0.00
12.156.5000,"Aspirator Bottle GL 45 With Screw Cap and Tubulation (IS-4796-3), Cap.5000ml",Non Volumetric Glassware,1,2370.00
12.164.0250,"Washing Bottle - Flat Bottom Flask With Stopper And Inlet & Outlet Glass Tubes, Cap.250ml",Non Volumetric Glassware,1,163.03
12.164.0500,"Washing Bottle - Flat Bottom Flask With Stopper And Inlet & Outlet Glass Tubes, Cap.500ml",Non Volumetric Glassware,1,232.20
12.164.1000,"Washing Bottle - Flat Bottom Flask With Stopper And Inlet & Outlet Glass Tubes, Cap.1000ml",Non Volumetric Glassware,1,293.39
12.164.2000,"Washing Bottle - Flat Bottom Flask With Stopper And Inlet & Outlet Glass Tubes, Cap.2000ml",Non Volumetric Glassware,1,518.34
12.164.5000,"Washing Bottle - Flat Bottom Flask With Stopper And Inlet & Outlet Glass Tubes, Cap.5000ml",Non Volumetric Glassware,1,1396.50
12.164.9910,"Washing Bottle - Flat Bottom Flask With Stopper And Inlet & Outlet Glass Tubes, Cap.10000ml",Non Volumetric Glassware,1,3008.86
12.164.0005,"Spare Head, For Flask Type Wash Bottles, Cap.250ml",Non Volumetric Glassware,2,76.89
12.164.0010,"Spare Head, For Flask Type Wash Bottles, Cap.500ml",Non Volumetric Glassware,2,84.92
12.164.0015,"Spare Head, For Flask Type Wash Bottles, Cap.1000ml",Non Volumetric Glassware,2,88.92
12.165.0250,"Bottles, Only For Flask Type Washing Bottles, Cap.250ml",Non Volumetric Glassware,2,132.13
12.165.0500,"Bottles, Only For Flask Type Washing Bottles, Cap.500ml",Non Volumetric Glassware,2,215.22
12.165.1000,"Bottles, Only For Flask Type Washing Bottles, Cap.1000ml",Non Volumetric Glassware,2,221.09
12.168.0125,"Gas Washing Bottle, Dreschel's, Cap.125ml",Non Volumetric Glassware,1,171.88
12.168.0250,"Gas Washing Bottle, Dreschel's, Cap.250ml",Non Volumetric Glassware,1,209.04
12.168.0500,"Gas Washing Bottle, Dreschel's, Cap.500ml",Non Volumetric Glassware,1,294.70
12.168.0005,"Spare Head, For Dreschel's Gas Wash Bottles, Cap.125ml",Non Volumetric Glassware,2,75.39
12.168.0010,"Spare Head, For Dreschel's Gas Wash Bottles, Cap.250ml",Non Volumetric Glassware,2,83.92
12.168.0015,"Spare Head, For Dreschel's Gas Wash Bottles, Cap.500ml",Non Volumetric Glassware,2,98.97
12.169.0125,"Bottles, Only For Dreschel's Gas Washing Bottles, Cap.125ml",Non Volumetric Glassware,2,102.10
12.169.0250,"Bottles, Only For Dreschel's Gas Washing Bottles, Cap.250ml",Non Volumetric Glassware,2,135.13
12.169.0500,"Bottles, Only For Dreschel's Gas Washing Bottles, Cap.500ml",Non Volumetric Glassware,2,198.20
12.167.0100,"Gas Washing Bottle, Dreschel's Head with Reagent Bottle, Cap.100ml",Non Volumetric Glassware,1,0.00
12.167.0250,"Gas Washing Bottle, Dreschel's Head with Reagent Bottle, Cap.250ml",Non Volumetric Glassware,1,0.00
12.167.0500,"Gas Washing Bottle, Dreschel's Head with Reagent Bottle, Cap.500ml",Non Volumetric Glassware,1,0.00
12.167.1000,"Gas Washing Bottle, Dreschel's Head with Reagent Bottle, Cap.1000ml",Non Volumetric Glassware,1,0.00
12.167.2000,"Gas Washing Bottle, Dreschel's Head with Reagent Bottle, Cap.2000ml",Non Volumetric Glassware,1,0.00
12.136.4030R,"Weighing Bottle, Squat Form, Dia., x Ht. 40 x 30mm, Cap.15ml",Non Volumetric Glassware,10,92.17
12.136.5025,"Weighing Bottle, Squat Form, Dia., x Ht. 50 x 25mm, Cap.15ml",Non Volumetric Glassware,10,105.47
12.136.5035,"Weighing Bottle, Squat Form, Dia., x Ht. 50 x 35mm, Cap.25ml",Non Volumetric Glassware,10,105.47
12.136.5050,"Weighing Bottle, Squat Form, Dia., x Ht. 50 x 50mm, Cap.50ml",Non Volumetric Glassware,10,106.48
12.136.6040,"Weighing Bottle, Squat Form, Dia., x Ht. 60 x 40mm, Cap.40ml",Non Volumetric Glassware,10,133.01
12.140.2040,"Weighing Bottle, Tall Form, Dia., x Ht. 20 x 40mm, Cap.5ml",Non Volumetric Glassware,10,36.26
12.140.2560,"Weighing Bottle, Tall Form, Dia., x Ht. 25 x 60mm, Cap.15ml",Non Volumetric Glassware,10,40.17
12.140.3060,"Weighing Bottle, Tall Form, Dia., x Ht. 30 x 60mm, Cap.25ml",Non Volumetric Glassware,10,53.83
12.140.4090,"Weighing Bottle, Tall Form, Dia., x Ht. 40 x 90mm, Cap.60ml",Non Volumetric Glassware,10,100.69
12.141.0010,"Specific Gravity Bottles, Weld With Cap, Cap.10ml, IJ10/19ml, OJ 14/23",Non Volumetric Glassware,6,120.10
12.141.0025,"Specific Gravity Bottles, Weld With Cap, Cap.25ml, IJ10/19ml, OJ 14/23",Non Volumetric Glassware,6,122.03
12.141.0050,"Specific Gravity Bottles, Weld With Cap, Cap.50ml, IJ10/19ml, OJ 14/23",Non Volumetric Glassware,6,124.00
12.130.0005,"Pyknometer, Gay- Lussac (S.G. Bottle), Un Calibrated, Cap.5*ml",Non Volumetric Glassware,2,67.75
12.130.0010,"Pyknometer, Gay- Lussac (S.G. Bottle), Un Calibrated, Cap.10ml",Non Volumetric Glassware,2,73.83
12.130.0020,"Pyknometer, Gay- Lussac (S.G. Bottle), Un Calibrated, Cap.20ml",Non Volumetric Glassware,2,76.44
12.130.0025,"Pyknometer, Gay- Lussac (S.G. Bottle), Un Calibrated, Cap.25ml",Non Volumetric Glassware,2,76.56
12.130.0050,"Pyknometer, Gay- Lussac (S.G. Bottle), Un Calibrated, Cap.50ml",Non Volumetric Glassware,2,83.98
12.130.0100,"Pyknometer, Gay- Lussac (S.G. Bottle), Un Calibrated, Cap.100ml",Non Volumetric Glassware,2,95.69
12.142.0005,"Pyknometer, Gay- Lussac (S.G. Bottle), Calibrated, Class A, Cap.5*ml, Tol. ±0.1ml",Non Volumetric Glassware,1,87.52
12.142.0010,"Pyknometer, Gay- Lussac (S.G. Bottle), Calibrated, Class A, Cap.10ml, Tol. ±0.3ml",Non Volumetric Glassware,1,95.63
12.142.0020,"Pyknometer, Gay- Lussac (S.G. Bottle), Calibrated, Class A, Cap.20ml, Tol. ±0.8ml",Non Volumetric Glassware,1,98.65
12.142.0025,"Pyknometer, Gay- Lussac (S.G. Bottle), Calibrated, Class A, Cap.25ml, Tol. ±0.8ml",Non Volumetric Glassware,1,98.81
12.142.0050,"Pyknometer, Gay- Lussac (S.G. Bottle), Calibrated, Class A, Cap.50ml, Tol. ±1ml",Non Volumetric Glassware,1,106.92
12.142.0100,"Pyknometer, Gay- Lussac (S.G. Bottle), Calibrated, Class A, Cap.100ml, Tol. ±2ml",Non Volumetric Glassware,1,118.73
12.139.0005,"Pyknometer, Gay- Lussac (S.G. Bottle), Class A, With NABL Works Certificate, Cap.5*ml, Tol. ±0.1ml",Non Volumetric Glassware,1,104.11
12.139.0010,"Pyknometer, Gay- Lussac (S.G. Bottle), Class A, With NABL Works Certificate, Cap.10ml, Tol. ±0.3ml",Non Volumetric Glassware,1,110.28
12.139.0020,"Pyknometer, Gay- Lussac (S.G. Bottle), Class A, With NABL Works Certificate, Cap.20ml, Tol. ±0.8ml",Non Volumetric Glassware,1,113.63
12.139.0025,"Pyknometer, Gay- Lussac (S.G. Bottle), Class A, With NABL Works Certificate, Cap.25ml, Tol. ±0.8ml",Non Volumetric Glassware,1,113.80
12.139.0050,"Pyknometer, Gay- Lussac (S.G. Bottle), Class A, With NABL Works Certificate, Cap.50ml, Tol. ±1ml",Non Volumetric Glassware,1,125.30
12.139.0100,"Pyknometer, Gay- Lussac (S.G. Bottle), Class A, With NABL Works Certificate, Cap.100ml, Tol. ±2ml",Non Volumetric Glassware,1,138.35
12.134.0010,"Pyknometer With Ground-in Thermometer, Cap.10ml",Non Volumetric Glassware,1,265.27
12.134.0025,"Pyknometer With Ground-in Thermometer, Cap.25ml",Non Volumetric Glassware,1,265.27
12.134.0050,"Pyknometer With Ground-in Thermometer, Cap.50ml",Non Volumetric Glassware,1,265.27
12.134.0100,"Pyknometer With Ground-in Thermometer, Cap.100ml",Non Volumetric Glassware,1,328.33
12.145.0010,"Pyknometer  With  Ground-in  Thermometer,  Class  A  With Individual Works Certificate, Cap.10ml",Non Volumetric Glassware,1,383.20
12.145.0025,"Pyknometer  With  Ground-in  Thermometer,  Class  A  With Individual Works Certificate, Cap.25ml",Non Volumetric Glassware,1,386.56
12.145.0050,"Pyknometer  With  Ground-in  Thermometer,  Class  A  With Individual Works Certificate, Cap.50ml",Non Volumetric Glassware,1,392.91
12.145.0100,"Pyknometer  With  Ground-in  Thermometer,  Class  A  With Individual Works Certificate, Cap.100ml",Non Volumetric Glassware,1,405.63
15.101.0005IS,"Beaker, Low Form, With Graduation & Spout, Cap.5 ml, O.D. x Ht.22x30 mm",Non Volumetric Glassware,12,14.52
15.101.0010IS,"Beaker, Low Form, With Graduation & Spout, Cap.10 ml, O.D. x Ht.26x35 mm",Non Volumetric Glassware,12,14.52
15.101.0025IS,"Beaker, Low Form, With Graduation & Spout, Cap.25 ml, O.D. x Ht.34x50 mm",Non Volumetric Glassware,10,15.32
15.101.0050IS,"Beaker, Low Form, With Graduation & Spout, Cap.50 ml, O.D. x Ht.42x60 mm",Non Volumetric Glassware,10,18.04
15.101.0100IS,"Beaker, Low Form, With Graduation & Spout, Cap.100 ml, O.D. x Ht.50x70 mm",Non Volumetric Glassware,10,21.71
15.101.0150IS,"Beaker, Low Form, With Graduation & Spout, Cap.150 ml, O.D. x Ht.60x80 mm",Non Volumetric Glassware,10,28.67
15.101.0250IS,"Beaker, Low Form, With Graduation & Spout, Cap.250 ml, O.D. x Ht.70x95 mm",Non Volumetric Glassware,10,30.82
15.101.0400IS,"Beaker, Low Form, With Graduation & Spout, Cap.400 ml, O.D. x Ht.80x110 mm",Non Volumetric Glassware,10,63.63
15.101.0500IS,"Beaker, Low Form, With Graduation & Spout, Cap.500 ml, O.D. x Ht.83x115 mm",Non Volumetric Glassware,6,66.46
15.101.0600IS,"Beaker, Low Form, With Graduation & Spout, Cap.600 ml, O.D. x Ht.90x125 mm",Non Volumetric Glassware,6,73.14
15.101.0800IS,"Beaker, Low Form, With Graduation & Spout, Cap.800 ml, O.D. x Ht.100x135 mm",Non Volumetric Glassware,6,106.29
15.101.1000IS,"Beaker, Low Form, With Graduation & Spout, Cap.1000 ml, O.D. x Ht.105x146 mm",Non Volumetric Glassware,6,120.33
15.101.2000IS,"Beaker, Low Form, With Graduation & Spout, Cap.2000 ml, O.D. x Ht.130x185 mm",Non Volumetric Glassware,4,247.16
15.101.3000IS,"Beaker, Low Form, With Graduation & Spout, Cap.3000 ml, O.D. x Ht.150x210 mm",Non Volumetric Glassware,1,767.14
15.101.5000IS,"Beaker, Low Form, With Graduation & Spout, Cap.5000 ml, O.D. x Ht.170x270 mm",Non Volumetric Glassware,1,837.07
15.101.9910IS,"Beaker, Low Form, With Graduation & Spout, Cap.10000 ml, O.D. x Ht.220x350 mm",Non Volumetric Glassware,1,2502.50
15.102.0050IS,"Amber Colour Beaker, Low Form, With Graduation & Spout, Cap.50 ml, O.D. x Ht.42x60 mm",Non Volumetric Glassware,10,143.15
15.102.0100IS,"Amber Colour Beaker, Low Form, With Graduation & Spout, Cap.100 ml, O.D. x Ht.50x70 mm",Non Volumetric Glassware,10,206.43
15.102.0150IS,"Amber Colour Beaker, Low Form, With Graduation & Spout, Cap.150 ml, O.D. x Ht.60x80 mm",Non Volumetric Glassware,10,227.83
15.102.0250IS,"Amber Colour Beaker, Low Form, With Graduation & Spout, Cap.250 ml, O.D. x Ht.70x95 mm",Non Volumetric Glassware,10,277.94
15.102.0500IS,"Amber Colour Beaker, Low Form, With Graduation & Spout, Cap.500 ml, O.D. x Ht.83x115 mm",Non Volumetric Glassware,6,349.75
15.104.0050IS,"Beaker, Tall Form, With Graduation & Spout, Cap.50 ml, O.D. x Ht.38x70 mm",Non Volumetric Glassware,10,19.17
15.104.0100IS,"Beaker, Tall Form, With Graduation & Spout, Cap.100 ml, O.D. x Ht.48x80 mm",Non Volumetric Glassware,10,23.03
15.104.0150IS,"Beaker, Tall Form, With Graduation & Spout, Cap.150 ml, O.D. x Ht.55x95 mm",Non Volumetric Glassware,10,29.10
15.104.0250IS,"Beaker, Tall Form, With Graduation & Spout, Cap.250 ml, O.D. x Ht.60x120 mm",Non Volumetric Glassware,10,41.91
15.104.0400IS,"Beaker, Tall Form, With Graduation & Spout, Cap.400 ml, O.D. x Ht.70x130 mm",Non Volumetric Glassware,10,63.72
15.104.0500IS,"Beaker, Tall Form, With Graduation & Spout, Cap.500 ml, O.D. x Ht.80x138 mm",Non Volumetric Glassware,6,73.00
15.104.0600IS,"Beaker, Tall Form, With Graduation & Spout, Cap.600 ml, O.D. x Ht.80x150 mm",Non Volumetric Glassware,6,80.16
15.104.0800IS,"Beaker, Tall Form, With Graduation & Spout, Cap.800 ml, O.D. x Ht.90x175 mm",Non Volumetric Glassware,6,99.34
15.104.1000IS,"Beaker, Tall Form, With Graduation & Spout, Cap.1000 ml, O.D. x Ht.95x180 mm",Non Volumetric Glassware,6,118.47
15.104.2000IS,"Beaker, Tall Form, With Graduation & Spout, Cap.2000 ml, O.D. x Ht.120x240 mm",Non Volumetric Glassware,4,519.88
15.104.3000IS,"Beaker, Tall Form, With Graduation & Spout, Cap.3000 ml, O.D. x Ht.135x280 mm",Non Volumetric Glassware,4,569.00
15.105.0010,"Beaker, Low Form, With Double Capacity Scale, Cap.10 ml, Grad.Int. - , O.D. x Ht.25x35 mm",Non Volumetric Glassware,12,12.42
15.105.0020,"Beaker, Low Form, With Double Capacity Scale, Cap.20 ml, Grad.Int. 10 ml , O.D. x Ht.32x40 mm",Non Volumetric Glassware,10,12.42
15.105.0030,"Beaker, Low Form, With Double Capacity Scale, Cap.30 ml, Grad.Int. 10 ml , O.D. x Ht.36x55 mm",Non Volumetric Glassware,10,14.79
15.105.0050,"Beaker, Low Form, With Double Capacity Scale, Cap.50 ml, Grad.Int. 10 ml , O.D. x Ht.42x60 mm",Non Volumetric Glassware,10,15.94
15.105.0100,"Beaker, Low Form, With Double Capacity Scale, Cap.100 ml, Grad.Int. 10 ml , O.D. x Ht.50x72 mm",Non Volumetric Glassware,10,19.61
15.105.0150,"Beaker, Low Form, With Double Capacity Scale, Cap.150 ml, Grad.Int. 20 ml , O.D. x Ht.60x80 mm",Non Volumetric Glassware,10,26.81
15.105.0250,"Beaker, Low Form, With Double Capacity Scale, Cap.250 ml, Grad.Int. 25 ml , O.D. x Ht.70x95 mm",Non Volumetric Glassware,10,29.60
15.105.0400,"Beaker, Low Form, With Double Capacity Scale, Cap.400 ml, Grad.Int. 25 ml , O.D. x Ht.80x110 mm",Non Volumetric Glassware,10,62.08
15.105.0600,"Beaker, Low Form, With Double Capacity Scale, Cap.600 ml, Grad.Int. 50 ml , O.D. x Ht.90x125 mm",Non Volumetric Glassware,6,71.04
15.105.1000,"Beaker, Low Form, With Double Capacity Scale, Cap.1000 ml, Grad.Int. 50 ml , O.D. x Ht.105x146 mm",Non Volumetric Glassware,6,118.23
15.105.2000,"Beaker, Low Form, With Double Capacity Scale, Cap.2000 ml, Grad.Int. 200 ml , O.D. x Ht.130x185 mm",Non Volumetric Glassware,4,245.06
15.105.4000,"Beaker, Low Form, With Double Capacity Scale, Cap.4000 ml, Grad.Int. 500 ml , O.D. x Ht.160x250 mm",Non Volumetric Glassware,1,909.79
15.106.0250,"Beakers Philips, Conical With Spout, Cap.250 ml, O.D. x Ht.68x110 mm",Non Volumetric Glassware,2,156.26
15.106.0500,"Beakers Philips, Conical With Spout, Cap.500 ml, O.D. x Ht.87x145 mm",Non Volumetric Glassware,2,205.50
15.108.0005IS,"Flask, Flat Bottom, Cap.5 ml, O.D. x Ht.30x55 mm",Non Volumetric Glassware,10,28.82
15.108.0010IS,"Flask, Flat Bottom, Cap.10 ml, O.D. x Ht.35x65 mm",Non Volumetric Glassware,10,29.76
15.108.0025IS,"Flask, Flat Bottom, Cap.25 ml, O.D. x Ht.42x75 mm",Non Volumetric Glassware,10,30.75
15.108.0050IS,"Flask, Flat Bottom, Cap.50 ml, O.D. x Ht.51x90 mm",Non Volumetric Glassware,10,41.93
15.108.0100IS,"Flask, Flat Bottom, Cap.100 ml, O.D. x Ht.64x105 mm",Non Volumetric Glassware,10,46.51
15.108.0150IS,"Flask, Flat Bottom, Cap.150 ml, O.D. x Ht.75x130 mm",Non Volumetric Glassware,10,47.77
15.108.0250IS,"Flask, Flat Bottom, Cap.250 ml, O.D. x Ht.85x138 mm",Non Volumetric Glassware,10,60.97
15.108.0500IS,"Flask, Flat Bottom, Cap.500 ml, O.D. x Ht.105x163 mm",Non Volumetric Glassware,10,84.85
15.108.1000IS,"Flask, Flat Bottom, Cap.1000 ml, O.D. x Ht.131x190 mm",Non Volumetric Glassware,6,149.27
15.108.2000IS,"Flask, Flat Bottom, Cap.2000 ml, O.D. x Ht.166x230 mm",Non Volumetric Glassware,6,316.62
15.108.3000IS,"Flask, Flat Bottom, Cap.3000 ml, O.D. x Ht.190x260 mm",Non Volumetric Glassware,1,464.91
15.108.4000IS,"Flask, Flat Bottom, Cap.4000 ml, O.D. x Ht.207x275 mm",Non Volumetric Glassware,1,998.18
15.108.5000IS,"Flask, Flat Bottom, Cap.5000 ml, O.D. x Ht.224x315 mm",Non Volumetric Glassware,1,1017.01
15.108.6000IS,"Flask, Flat Bottom, Cap.6000 ml, O.D. x Ht.236x315 mm",Non Volumetric Glassware,1,1351.75
15.108.9910IS,"Flask, Flat Bottom, Cap.10000 ml, O.D. x Ht.279x360 mm",Non Volumetric Glassware,1,3539.42
15.108.9920IS,"Flask, Flat Bottom, Cap.20000 ml, O.D. x Ht.350x495 mm",Non Volumetric Glassware,1,5595.11
15.112.0050,"Flask  Flat Bottom, Wide Neck, Cap.50 ml, O.D. x Ht.51x90 mm",Non Volumetric Glassware,10,47.75
15.112.0100,"Flask  Flat Bottom, Wide Neck, Cap.100 ml, O.D. x Ht.64x105 mm",Non Volumetric Glassware,10,52.95
15.112.0250,"Flask  Flat Bottom, Wide Neck, Cap.250 ml, O.D. x Ht.85x138 mm",Non Volumetric Glassware,10,65.19
15.112.0500,"Flask  Flat Bottom, Wide Neck, Cap.500 ml, O.D. x Ht.105x163 mm",Non Volumetric Glassware,10,84.70
15.112.1000,"Flask  Flat Bottom, Wide Neck, Cap.1000 ml, O.D. x Ht.131x190 mm",Non Volumetric Glassware,6,131.67
15.116.0005IS,"Flask, Round Bottom, Cap.5 ml, O.D. x Ht.30x60 mm",Non Volumetric Glassware,10,28.82
15.116.0010IS,"Flask, Round Bottom, Cap.10 ml, O.D. x Ht.35x70 mm",Non Volumetric Glassware,10,29.77
15.116.0025IS,"Flask, Round Bottom, Cap.25 ml, O.D. x Ht.42x90 mm",Non Volumetric Glassware,10,30.75
15.116.0050IS,"Flask, Round Bottom, Cap.50 ml, O.D. x Ht.51x95 mm",Non Volumetric Glassware,10,41.93
15.116.0100IS,"Flask, Round Bottom, Cap.100 ml, O.D. x Ht.64x110 mm",Non Volumetric Glassware,10,46.41
15.116.0150IS,"Flask, Round Bottom, Cap.150 ml, O.D. x Ht.75x137 mm",Non Volumetric Glassware,10,47.77
15.116.0250IS,"Flask, Round Bottom, Cap.250 ml, O.D. x Ht.85x143 mm",Non Volumetric Glassware,10,64.00
15.116.0500IS,"Flask, Round Bottom, Cap.500 ml, O.D. x Ht.105x168 mm",Non Volumetric Glassware,10,84.85
15.116.1000IS,"Flask, Round Bottom, Cap.1000 ml, O.D. x Ht.131x200 mm",Non Volumetric Glassware,6,149.27
15.116.2000IS,"Flask, Round Bottom, Cap.2000 ml, O.D. x Ht.166x240 mm",Non Volumetric Glassware,6,316.62
15.116.3000IS,"Flask, Round Bottom, Cap.3000 ml, O.D. x Ht.190x305 mm",Non Volumetric Glassware,1,464.92
15.116.4000IS,"Flask, Round Bottom, Cap.4000 ml, O.D. x Ht.207x290 mm",Non Volumetric Glassware,1,964.02
15.116.5000IS,"Flask, Round Bottom, Cap.5000 ml, O.D. x Ht.223x350 mm",Non Volumetric Glassware,1,1012.67
15.116.6000IS,"Flask, Round Bottom, Cap.6000 ml, O.D. x Ht.236x330 mm",Non Volumetric Glassware,1,1317.60
15.116.9910IS,"Flask, Round Bottom, Cap.10000 ml, O.D. x Ht.279x380 mm",Non Volumetric Glassware,1,3264.99
15.116.9920IS,"Flask, Round Bottom, Cap.20000 ml, O.D. x Ht.350x515 mm",Non Volumetric Glassware,1,5595.11
15.120.0050,"Flask, Round Bottom, Wide Neck, Cap.50 ml, O.D. x Ht.51x95 mm",Non Volumetric Glassware,10,44.91
15.120.0100,"Flask, Round Bottom, Wide Neck, Cap.100 ml, O.D. x Ht.64x110 mm",Non Volumetric Glassware,10,49.53
15.120.0250,"Flask, Round Bottom, Wide Neck, Cap.250 ml, O.D. x Ht.85x143 mm",Non Volumetric Glassware,10,65.19
15.120.0500,"Flask, Round Bottom, Wide Neck, Cap.500 ml, O.D. x Ht.105x168 mm",Non Volumetric Glassware,10,84.70
15.120.1000,"Flask, Round Bottom, Wide Neck, Cap.1000 ml, O.D. x Ht.131x200 mm",Non Volumetric Glassware,6,131.67
15.124.0005IS,"Flask, Conical (Erlenmeyer) Graduated, Cap.5 ml, O.D. x Ht.30x50 mm",Non Volumetric Glassware,10,34.11
15.124.0010IS,"Flask, Conical (Erlenmeyer) Graduated, Cap.10 ml, O.D. x Ht.30x60 mm",Non Volumetric Glassware,10,34.11
15.124.0025IS,"Flask, Conical (Erlenmeyer) Graduated, Cap.25 ml, O.D. x Ht.42x75 mm",Non Volumetric Glassware,10,30.26
15.124.0050IS,"Flask, Conical (Erlenmeyer) Graduated, Cap.50 ml, O.D. x Ht.51x90 mm",Non Volumetric Glassware,10,39.84
15.124.0100IS,"Flask, Conical (Erlenmeyer) Graduated, Cap.100 ml, O.D. x Ht.64x105 mm",Non Volumetric Glassware,10,45.29
15.124.0150IS,"Flask, Conical (Erlenmeyer) Graduated, Cap.150 ml, O.D. x Ht.72x124 mm",Non Volumetric Glassware,10,45.48
15.124.0250IS,"Flask, Conical (Erlenmeyer) Graduated, Cap.250 ml, O.D. x Ht.85x145 mm",Non Volumetric Glassware,10,59.70
15.124.0500IS,"Flask, Conical (Erlenmeyer) Graduated, Cap.500 ml, O.D. x Ht.105x180 mm",Non Volumetric Glassware,10,78.89
15.124.1000IS,"Flask, Conical (Erlenmeyer) Graduated, Cap.1000 ml, O.D. x Ht.131x220 mm",Non Volumetric Glassware,6,144.84
15.124.2000IS,"Flask, Conical (Erlenmeyer) Graduated, Cap.2000 ml, O.D. x Ht.166x280 mm",Non Volumetric Glassware,6,329.57
15.124.3000IS,"Flask, Conical (Erlenmeyer) Graduated, Cap.3000 ml, O.D. x Ht.187x310 mm",Non Volumetric Glassware,1,480.91
15.124.4000IS,"Flask, Conical (Erlenmeyer) Graduated, Cap.4000 ml, O.D. x Ht.198x356 mm",Non Volumetric Glassware,1,958.90
15.124.5000IS,"Flask, Conical (Erlenmeyer) Graduated, Cap.5000 ml, O.D. x Ht.220x365 mm",Non Volumetric Glassware,1,1039.79
15.126.0100IS,"Amber Color Flask, Conical (Erlenmeyer) Graduated, Cap.100 ml, O.D. x Ht.64x105 mm",Non Volumetric Glassware,10,129.64
15.126.0250IS,"Amber Color Flask, Conical (Erlenmeyer) Graduated, Cap.250 ml, O.D. x Ht.85x145 mm",Non Volumetric Glassware,10,172.47
15.126.0500IS,"Amber Color Flask, Conical (Erlenmeyer) Graduated, Cap.500 ml, O.D. x Ht.105x180 mm",Non Volumetric Glassware,10,226.82
15.126.1000IS,"Amber Color Flask, Conical (Erlenmeyer) Graduated, Cap.1000 ml, O.D. x Ht.131x220 mm",Non Volumetric Glassware,6,426.10
15.128.0025,"Flask, Conical (Erlenmeyer) Graduated, Wide Neck, Cap.25 ml, O.D. x Ht.42x75 mm",Non Volumetric Glassware,10,41.01
15.128.0050,"Flask, Conical (Erlenmeyer) Graduated, Wide Neck, Cap.50 ml, O.D. x Ht.51x85 mm",Non Volumetric Glassware,10,46.99
15.128.0100,"Flask, Conical (Erlenmeyer) Graduated, Wide Neck, Cap.100 ml, O.D. x Ht.64x105 mm",Non Volumetric Glassware,10,53.19
15.128.0250,"Flask, Conical (Erlenmeyer) Graduated, Wide Neck, Cap.250 ml, O.D. x Ht.85x140 mm",Non Volumetric Glassware,10,72.07
15.128.0500,"Flask, Conical (Erlenmeyer) Graduated, Wide Neck, Cap.500 ml, O.D. x Ht.105x175 mm",Non Volumetric Glassware,10,98.90
15.128.1000,"Flask, Conical (Erlenmeyer) Graduated, Wide Neck, Cap.1000 ml, O.D. x Ht.131x220 mm",Non Volumetric Glassware,6,154.71
15.129.0250,"Flasks Erlenmeyer, Conical, Long Neck, Without Rim, Cap.250mm, Neck OD 78mm, Ht.154 mm",Non Volumetric Glassware,6,57.06
15.252.0003,"Flask, Conical, (Erlenmeyer) With Joint, Cap.25ml, SS 10/19, OD x Ht.42x70 mm",Non Volumetric Glassware,10,55.13
15.252.0005,"Flask, Conical, (Erlenmeyer) With Joint, Cap.25ml, SS 14/23, OD x Ht.42x70 mm",Non Volumetric Glassware,10,55.13
15.252.0010,"Flask, Conical, (Erlenmeyer) With Joint, Cap.25ml, SS 19/26, OD x Ht.42x70 mm",Non Volumetric Glassware,10,55.13
15.252.0015,"Flask, Conical, (Erlenmeyer) With Joint, Cap.50ml, SS 14/23, OD x Ht.51x85 mm",Non Volumetric Glassware,10,64.92
15.252.0020,"Flask, Conical, (Erlenmeyer) With Joint, Cap.50ml, SS 19/26, OD x Ht.51x85 mm",Non Volumetric Glassware,10,64.92
15.252.0025,"Flask, Conical, (Erlenmeyer) With Joint, Cap.50ml, SS 24/29, OD x Ht.51x85 mm",Non Volumetric Glassware,10,66.36
15.252.0030,"Flask, Conical, (Erlenmeyer) With Joint, Cap.50ml, SS 29/32, OD x Ht.51x85 mm",Non Volumetric Glassware,10,66.36
15.252.0035,"Flask, Conical, (Erlenmeyer) With Joint, Cap.100ml, SS 14/23, OD x Ht.64x105 mm",Non Volumetric Glassware,10,71.03
15.252.0040,"Flask, Conical, (Erlenmeyer) With Joint, Cap.100ml, SS 19/26, OD x Ht.64x105 mm",Non Volumetric Glassware,10,71.03
15.252.0045,"Flask, Conical, (Erlenmeyer) With Joint, Cap.100ml, SS 24/29, OD x Ht.64x105 mm",Non Volumetric Glassware,10,72.46
15.252.0050,"Flask, Conical, (Erlenmeyer) With Joint, Cap.100ml, SS 29/32, OD x Ht.64x105 mm",Non Volumetric Glassware,10,72.46
15.252.0052,"Flask, Conical, (Erlenmeyer) With Joint, Cap.150ml, SS 19/26, OD x Ht.72x120 mm",Non Volumetric Glassware,10,84.66
15.252.0053,"Flask, Conical, (Erlenmeyer) With Joint, Cap.150ml, SS 24/29, OD x Ht.72x120 mm",Non Volumetric Glassware,10,86.09
15.252.0054,"Flask, Conical, (Erlenmeyer) With Joint, Cap.150ml, SS 29/32, OD x Ht.72x120 mm",Non Volumetric Glassware,10,86.09
15.252.0055,"Flask, Conical, (Erlenmeyer) With Joint, Cap.200ml, SS 29/32, OD x Ht.80x143 mm",Non Volumetric Glassware,10,88.09
15.252.0060,"Flask, Conical, (Erlenmeyer) With Joint, Cap.250ml, SS 19/26, OD x Ht.85x135 mm",Non Volumetric Glassware,10,93.19
15.252.0065,"Flask, Conical, (Erlenmeyer) With Joint, Cap.250ml, SS 24/29, OD x Ht.85x135 mm",Non Volumetric Glassware,10,94.63
15.252.0070,"Flask, Conical, (Erlenmeyer) With Joint, Cap.250ml, SS 29/32, OD x Ht.85x135 mm",Non Volumetric Glassware,10,94.63
15.252.0072,"Flask, Conical, (Erlenmeyer) With Joint, Cap.250ml, SS 34/35, OD x Ht.85x135 mm",Non Volumetric Glassware,10,96.06
15.252.0075,"Flask, Conical, (Erlenmeyer) With Joint, Cap.300ml, SS 29/32, OD x Ht.90x145 mm",Non Volumetric Glassware,10,112.11
15.252.0080,"Flask, Conical, (Erlenmeyer) With Joint, Cap.500ml, SS 19/26, OD x Ht.105x170 mm",Non Volumetric Glassware,10,127.53
15.252.0085,"Flask, Conical, (Erlenmeyer) With Joint, Cap.500ml, SS 24/29, OD x Ht.105x170 mm",Non Volumetric Glassware,10,128.96
15.252.0090,"Flask, Conical, (Erlenmeyer) With Joint, Cap.500ml, SS 29/32, OD x Ht.105x170 mm",Non Volumetric Glassware,10,128.96
15.252.0093,"Flask, Conical, (Erlenmeyer) With Joint, Cap.500ml, SS 34/35, OD x Ht.105x170 mm",Non Volumetric Glassware,10,130.39
15.252.0095,"Flask, Conical, (Erlenmeyer) With Joint, Cap.1000ml, SS 24/29, OD x Ht.131x210 mm",Non Volumetric Glassware,6,202.16
15.252.0100,"Flask, Conical, (Erlenmeyer) With Joint, Cap.1000ml, SS 29/32, OD x Ht.131x210 mm",Non Volumetric Glassware,6,203.59
15.252.0105,"Flask, Conical, (Erlenmeyer) With Joint, Cap.1000ml, SS 34/35, OD x Ht.131x210 mm",Non Volumetric Glassware,6,203.59
15.252.0108,"Flask, Conical, (Erlenmeyer) With Joint, Cap.2000ml, SS 24/29, OD x Ht.166x275 mm",Non Volumetric Glassware,6,381.99
15.252.0110,"Flask, Conical, (Erlenmeyer) With Joint, Cap.2000ml, SS 29/32, OD x Ht.166x275 mm",Non Volumetric Glassware,6,381.99
15.252.0120,"Flask, Conical, (Erlenmeyer) With Joint, Cap.2000ml, SS 34/35, OD x Ht.166x275 mm",Non Volumetric Glassware,6,383.42
15.256.0025,"Flask, Conical, (Erlenmeyer) With Screw Cap, Cap.25ml, Cap Size  GL-25",Non Volumetric Glassware,10,69.32
15.256.0050,"Flask, Conical, (Erlenmeyer) With Screw Cap, Cap.50ml, Cap Size  GL-25",Non Volumetric Glassware,10,74.53
15.256.0100,"Flask, Conical, (Erlenmeyer) With Screw Cap, Cap.100ml, Cap Size  GL-25",Non Volumetric Glassware,10,86.52
15.256.0150,"Flask, Conical, (Erlenmeyer) With Screw Cap, Cap.150ml, Cap Size  GL-25",Non Volumetric Glassware,10,88.09
15.256.0250,"Flask, Conical, (Erlenmeyer) With Screw Cap, Cap.250ml, Cap Size  GL-32",Non Volumetric Glassware,10,95.16
15.256.0250A,"Flask, Conical, (Erlenmeyer) With Screw Cap, Cap.250ml, Cap Size  GL-45",Non Volumetric Glassware,10,100.17
15.256.0500,"Flask, Conical, (Erlenmeyer) With Screw Cap, Cap.500ml, Cap Size  GL-32",Non Volumetric Glassware,10,153.29
15.256.0500A,"Flask, Conical, (Erlenmeyer) With Screw Cap, Cap.500ml, Cap Size  GL-45",Non Volumetric Glassware,10,218.45
15.256.1000,"Flask, Conical, (Erlenmeyer) With Screw Cap, Cap.1000ml, Cap Size  GL-32",Non Volumetric Glassware,6,215.22
15.256.1000A,"Flask, Conical, (Erlenmeyer) With Screw Cap, Cap.1000ml, Cap Size  GL-45",Non Volumetric Glassware,6,226.23
15.256.2000,"Flask, Conical, (Erlenmeyer) With Screw Cap, Cap.2000ml, Cap Size  GL-45",Non Volumetric Glassware,6,374.38
15.256.5000,"Flask, Conical, (Erlenmeyer) With Screw Cap, Cap.5000ml, Cap Size  GL-45",Non Volumetric Glassware,1,1050.00
15.260.0025,"Flasks Conical, With Interchangeable Stopper, Hollow, Cap.25ml, SS 14/23",Non Volumetric Glassware,10,64.30
15.260.0050,"Flasks Conical, With Interchangeable Stopper, Hollow, Cap.50ml, SS 19/26",Non Volumetric Glassware,10,79.28
15.260.0100E,"Flasks Conical, With Interchangeable Stopper, Hollow, Cap.100ml, SS 24/29",Non Volumetric Glassware,10,107.80
15.260.0100,"Flasks Conical, With Interchangeable Stopper, Hollow, Cap.100ml, SS 29/32",Non Volumetric Glassware,10,107.80
15.260.0250E,"Flasks Conical, With Interchangeable Stopper, Hollow, Cap.250ml, SS 24/29",Non Volumetric Glassware,10,128.73
15.260.0250,"Flasks Conical, With Interchangeable Stopper, Hollow, Cap.250ml, SS 29/32",Non Volumetric Glassware,10,128.73
15.260.0500E,"Flasks Conical, With Interchangeable Stopper, Hollow, Cap.500ml, SS 24/29",Non Volumetric Glassware,10,155.16
15.260.0500,"Flasks Conical, With Interchangeable Stopper, Hollow, Cap.500ml, SS 29/32",Non Volumetric Glassware,10,161.74
15.260.1000E,"Flasks Conical, With Interchangeable Stopper, Hollow, Cap.1000ml, SS 24/29",Non Volumetric Glassware,6,225.58
15.260.1000,"Flasks Conical, With Interchangeable Stopper, Hollow, Cap.1000ml, SS 29/32",Non Volumetric Glassware,6,225.59
15.260.2000,"Flasks Conical, With Interchangeable Stopper, Hollow, Cap.2000ml, SS 29/32",Non Volumetric Glassware,6,410.83
15.262.0025,"Amber Color Flask Conical With Interchangeable Stopper, Hollow, Cap.25ml, SS 14/23",Non Volumetric Glassware,10,146.94
15.262.0050,"Amber Color Flask Conical With Interchangeable Stopper, Hollow, Cap.50ml, SS 19/26",Non Volumetric Glassware,10,160.00
15.262.0100,"Amber Color Flask Conical With Interchangeable Stopper, Hollow, Cap.100ml, SS 29/32",Non Volumetric Glassware,10,221.62
15.262.0250,"Amber Color Flask Conical With Interchangeable Stopper, Hollow, Cap.250ml, SS 29/32",Non Volumetric Glassware,10,281.40
15.262.0500,"Amber Color Flask Conical With Interchangeable Stopper, Hollow, Cap.500ml, SS 29/32",Non Volumetric Glassware,10,340.49
15.262.1000,"Amber Color Flask Conical With Interchangeable Stopper, Hollow, Cap.1000ml, SS 29/32",Non Volumetric Glassware,6,608.31
15.262.2000,"Amber Color Flask Conical With Interchangeable Stopper, Hollow, Cap.2000ml, SS 29/32",Non Volumetric Glassware,6,899.84
15.264.0003,"Flask, Iodine, Cap.100ml, JS 24/29",Non Volumetric Glassware,10,120.12
15.264.0005,"Flask, Iodine, Cap.250ml, JS 24/29",Non Volumetric Glassware,10,131.28
15.264.0010,"Flask, Iodine, Cap.250ml, JS 29/32",Non Volumetric Glassware,10,142.31
15.264.0015,"Flask, Iodine, Cap.500ml, JS 24/29",Non Volumetric Glassware,10,159.44
15.264.0020,"Flask, Iodine, Cap.500ml, JS 29/32",Non Volumetric Glassware,10,168.45
15.264.0025,"Flask, Iodine, Cap.1000ml, JS 24/29",Non Volumetric Glassware,6,253.93
15.131.0100,"TLC Spray Bottle, Cap.100",Non Volumetric Glassware,1,523.47
15.131.0250,"TLC Spray Bottle, Cap.250",Non Volumetric Glassware,1,550.55
15.132.0010R,"Flask, Kjeldahl, Long Neck, Cap.10ml, Dia. 30ml, Ht.180 mm",Non Volumetric Glassware,2,44.80
15.132.0030R,"Flask, Kjeldahl, Long Neck, Cap.30ml, Dia. 40ml, Ht.180 mm",Non Volumetric Glassware,2,52.53
15.132.0100R,"Flask, Kjeldahl, Long Neck, Cap.100ml, Dia. 60ml, Ht.200 mm",Non Volumetric Glassware,2,75.05
15.132.0300R,"Flask, Kjeldahl, Long Neck, Cap.300ml, Dia. 85ml, Ht.295 mm",Non Volumetric Glassware,2,108.06
15.132.0500R,"Flask, Kjeldahl, Long Neck, Cap.500ml, Dia. 101ml, Ht.300 mm",Non Volumetric Glassware,2,131.61
15.132.0500A,"Flask, Kjeldahl, Long Neck, Cap.500ml, Dia. 101ml, Ht.325 mm",Non Volumetric Glassware,2,140.00
15.132.0800R,"Flask, Kjeldahl, Long Neck, Cap.800ml, Dia. 113ml, Ht.375 mm",Non Volumetric Glassware,2,217.95
15.132.0800A,"Flask, Kjeldahl, Long Neck, Cap.800ml, Dia. 118ml, Ht.340 mm",Non Volumetric Glassware,2,217.95
15.136.0005,"Flask, Kjeldahl with Joint, Cap.50ml, SS 19/26, app.Ht.200mm, OD x Ht.51x200 mm",Non Volumetric Glassware,2,73.92
15.136.0010,"Flask, Kjeldahl with Joint, Cap.100ml, SS 19/26, app.Ht.200mm, OD x Ht.60x200 mm",Non Volumetric Glassware,2,81.58
15.136.0015,"Flask, Kjeldahl with Joint, Cap.100ml, SS 24/29, app.Ht.200mm, OD x Ht.60x200 mm",Non Volumetric Glassware,2,88.11
15.136.0020,"Flask, Kjeldahl with Joint, Cap.300ml, SS 24/29, app.Ht.295mm, OD x Ht.85x295 mm",Non Volumetric Glassware,2,118.83
15.136.0025,"Flask, Kjeldahl with Joint, Cap.500ml, SS 24/29, app.Ht.300mm, OD x Ht.101x300 mm",Non Volumetric Glassware,2,145.53
15.136.0025A,"Flask, Kjeldahl with Joint, Cap.500ml, SS 24/29, app.Ht.325mm, OD x Ht.101x325 mm",Non Volumetric Glassware,2,145.53
15.136.0030,"Flask, Kjeldahl with Joint, Cap.800ml, SS 24/29, app.Ht.340mm, OD x Ht.118x340 mm",Non Volumetric Glassware,2,214.93
15.136.0030A,"Flask, Kjeldahl with Joint, Cap.800ml, SS 24/29, app.Ht.375mm, OD x Ht.113x375 mm",Non Volumetric Glassware,2,214.93
15.139.0500,"Schoinger Micro Combustion Flask, (Oxygen Flask)with Platinum wire gauge sample carrier, for determination of Halogens, Sulphur, Phosphorous metal etc., Cap.500 ml",Non Volumetric Glassware,1,0.00
15.139.1000,"Schoinger Micro Combustion Flask, (Oxygen Flask)with Platinum wire gauge sample carrier, for determination of Halogens, Sulphur, Phosphorous metal etc., Cap.1000 ml",Non Volumetric Glassware,1,0.00
15.140.0025,"Flask, Distillation, With Side Tube, Cap.25 ml",Non Volumetric Glassware,2,60.06
15.140.0050,"Flask, Distillation, With Side Tube, Cap.50 ml",Non Volumetric Glassware,2,60.06
15.140.0100,"Flask, Distillation, With Side Tube, Cap.100 ml",Non Volumetric Glassware,2,66.41
15.140.0125,"Flask, Distillation, With Side Tube, Cap.125 ml",Non Volumetric Glassware,2,74.97
15.140.0250,"Flask, Distillation, With Side Tube, Cap.250 ml",Non Volumetric Glassware,2,97.47
15.140.0500,"Flask, Distillation, With Side Tube, Cap.500 ml",Non Volumetric Glassware,1,129.60
15.140.1000,"Flask, Distillation, With Side Tube, Cap.1000 ml",Non Volumetric Glassware,1,216.36
15.144.0125,"Flask, Distillation, Cap.125ml, OD x Ht.70x215 mm",Non Volumetric Glassware,2,84.61
15.152.0050,"Flask, Filter Bolt Neck With Tubule At Side, Cap.50ml, OD x Ht.50x90 mm",Non Volumetric Glassware,10,84.41
15.152.0100,"Flask, Filter Bolt Neck With Tubule At Side, Cap.100ml, OD x Ht.70x110 mm",Non Volumetric Glassware,10,97.07
15.152.0250,"Flask, Filter Bolt Neck With Tubule At Side, Cap.250ml, OD x Ht.85x155 mm",Non Volumetric Glassware,10,294.94
15.152.0500,"Flask, Filter Bolt Neck With Tubule At Side, Cap.500ml, OD x Ht.105x185 mm",Non Volumetric Glassware,10,377.57
15.152.1000,"Flask, Filter Bolt Neck With Tubule At Side, Cap.1000ml, OD x Ht.135x230 mm",Non Volumetric Glassware,6,577.42
15.152.2000,"Flask, Filter Bolt Neck With Tubule At Side, Cap.2000ml, OD x Ht.165x290 mm",Non Volumetric Glassware,6,497.61
15.152.5000,"Flask, Filter Bolt Neck With Tubule At Side, Cap.5000ml, OD x Ht.240x445 mm",Non Volumetric Glassware,1,3227.77
15.152.9910,"Flask, Filter Bolt Neck With Tubule At Side, Cap.10000*ml, OD x Ht.237x420 mm",Non Volumetric Glassware,1,0.00
15.152.9920,"Flask, Filter Bolt Neck With Tubule At Side, Cap.20000*ml, OD x Ht.287x535 mm",Non Volumetric Glassware,1,0.00
15.201.0001,"Flask Round Bottom, Single Neck, Cap.5ml, SS 10/19",Non Volumetric Glassware,10,44.04
15.201.0002,"Flask Round Bottom, Single Neck, Cap.5ml, SS 14/23",Non Volumetric Glassware,10,44.04
15.201.0003,"Flask Round Bottom, Single Neck, Cap.10ml, SS 10/19",Non Volumetric Glassware,10,46.05
15.201.0004,"Flask Round Bottom, Single Neck, Cap.10ml, SS 14/23",Non Volumetric Glassware,10,46.05
15.201.0005,"Flask Round Bottom, Single Neck, Cap.25ml, SS 14/23",Non Volumetric Glassware,10,49.05
15.201.0010,"Flask Round Bottom, Single Neck, Cap.25ml, SS 19/26",Non Volumetric Glassware,10,49.05
15.201.0015,"Flask Round Bottom, Single Neck, Cap.25ml, SS 24/29",Non Volumetric Glassware,10,49.05
15.201.0020,"Flask Round Bottom, Single Neck, Cap.50ml, SS 14/23",Non Volumetric Glassware,10,58.06
15.201.0025,"Flask Round Bottom, Single Neck, Cap.50ml, SS 19/26",Non Volumetric Glassware,10,58.06
15.201.0030,"Flask Round Bottom, Single Neck, Cap.50ml, SS 24/29",Non Volumetric Glassware,10,60.06
15.201.0035,"Flask Round Bottom, Single Neck, Cap.50ml, SS 29/32",Non Volumetric Glassware,10,60.06
15.201.0036,"Flask Round Bottom, Single Neck, Cap.50ml, SS 34/35",Non Volumetric Glassware,10,60.06
15.201.0040,"Flask Round Bottom, Single Neck, Cap.100ml, SS 14/23",Non Volumetric Glassware,10,68.07
15.201.0045,"Flask Round Bottom, Single Neck, Cap.100ml, SS 19/26",Non Volumetric Glassware,10,69.07
15.201.0050,"Flask Round Bottom, Single Neck, Cap.100ml, SS 24/29",Non Volumetric Glassware,10,71.07
15.201.0055,"Flask Round Bottom, Single Neck, Cap.100ml, SS 29/32",Non Volumetric Glassware,10,71.07
15.201.0056,"Flask Round Bottom, Single Neck, Cap.100ml, SS 34/35",Non Volumetric Glassware,10,71.07
15.201.0057,"Flask Round Bottom, Single Neck, Cap.150ml, SS 19/26",Non Volumetric Glassware,10,76.98
15.201.0058,"Flask Round Bottom, Single Neck, Cap.150ml, SS 24/29",Non Volumetric Glassware,10,76.98
15.201.0059,"Flask Round Bottom, Single Neck, Cap.150ml, SS 29/32",Non Volumetric Glassware,10,76.98
15.201.0059A,"Flask Round Bottom, Single Neck, Cap.150ml, SS 34/35",Non Volumetric Glassware,10,76.98
15.201.0060,"Flask Round Bottom, Single Neck, Cap.250ml, SS 14/23",Non Volumetric Glassware,10,96.10
15.201.0065,"Flask Round Bottom, Single Neck, Cap.250ml, SS 19/26",Non Volumetric Glassware,10,96.10
15.201.0070,"Flask Round Bottom, Single Neck, Cap.250ml, SS 24/29",Non Volumetric Glassware,10,97.10
15.201.0075,"Flask Round Bottom, Single Neck, Cap.250ml, SS 29/32",Non Volumetric Glassware,10,97.10
15.201.0080,"Flask Round Bottom, Single Neck, Cap.250ml, SS 34/35",Non Volumetric Glassware,10,98.10
15.201.0085,"Flask Round Bottom, Single Neck, Cap.500ml, SS 19/26",Non Volumetric Glassware,10,125.13
15.201.0090,"Flask Round Bottom, Single Neck, Cap.500ml, SS 24/29",Non Volumetric Glassware,10,126.13
15.201.0095,"Flask Round Bottom, Single Neck, Cap.500ml, SS 29/32",Non Volumetric Glassware,10,126.13
15.201.0100,"Flask Round Bottom, Single Neck, Cap.500ml, SS 34/35",Non Volumetric Glassware,10,128.13
15.201.0105,"Flask Round Bottom, Single Neck, Cap.1000ml, SS 19/26",Non Volumetric Glassware,6,192.19
15.201.0110,"Flask Round Bottom, Single Neck, Cap.1000ml, SS 24/29",Non Volumetric Glassware,6,196.20
15.201.0115,"Flask Round Bottom, Single Neck, Cap.1000ml, SS 29/32",Non Volumetric Glassware,6,197.20
15.201.0120,"Flask Round Bottom, Single Neck, Cap.1000ml, SS 34/35",Non Volumetric Glassware,6,360.39
15.201.0125,"Flask Round Bottom, Single Neck, Cap.2000ml, SS 24/29",Non Volumetric Glassware,6,394.65
15.201.0130,"Flask Round Bottom, Single Neck, Cap.2000ml, SS 29/32",Non Volumetric Glassware,6,394.65
15.201.0135,"Flask Round Bottom, Single Neck, Cap.2000ml, SS 34/35",Non Volumetric Glassware,6,396.09
15.201.0138,"Flask Round Bottom, Single Neck, Cap.3000ml, SS 24/29",Non Volumetric Glassware,1,573.77
15.201.0140,"Flask Round Bottom, Single Neck, Cap.3000ml, SS 29/32",Non Volumetric Glassware,1,775.00
15.201.0145,"Flask Round Bottom, Single Neck, Cap.3000ml, SS 34/35",Non Volumetric Glassware,1,578.23
15.201.0147,"Flask Round Bottom, Single Neck, Cap.3000ml, SS 40/38",Non Volumetric Glassware,1,581.38
15.201.0148,"Flask Round Bottom, Single Neck, Cap.5000ml, SS 24/29",Non Volumetric Glassware,1,1220.23
15.201.0150,"Flask Round Bottom, Single Neck, Cap.5000ml, SS 29/32",Non Volumetric Glassware,1,1220.23
15.201.0155,"Flask Round Bottom, Single Neck, Cap.5000ml, SS 34/35",Non Volumetric Glassware,1,1220.23
15.201.0157,"Flask Round Bottom, Single Neck, Cap.5000ml, SS 40/38",Non Volumetric Glassware,1,1220.23
15.201.0160,"Flask Round Bottom, Single Neck, Cap.5000ml, SS 45/40",Non Volumetric Glassware,1,1220.23
15.201.0162,"Flask Round Bottom, Single Neck, Cap.5000ml, SS 50/42",Non Volumetric Glassware,1,1220.23
15.201.0163,"Flask Round Bottom, Single Neck, Cap.5000ml, SS 55/44",Non Volumetric Glassware,1,1220.23
15.201.0165,"Flask Round Bottom, Single Neck, Cap.10000ml, SS 34/35",Non Volumetric Glassware,1,2336.91
15.201.0168,"Flask Round Bottom, Single Neck, Cap.10000ml, SS 40/38",Non Volumetric Glassware,1,2336.91
15.201.0170,"Flask Round Bottom, Single Neck, Cap.10000ml, SS 45/40",Non Volumetric Glassware,1,2396.89
15.201.0185,"Flask Round Bottom, Single Neck, Cap.10000ml, SS 50/42",Non Volumetric Glassware,1,2396.89
15.201.0190,"Flask Round Bottom, Single Neck, Cap.10000ml, SS 55/44",Non Volumetric Glassware,1,2396.89
15.201.0195,"Flask Round Bottom, Single Neck, Cap.20000ml, SS 40/38",Non Volumetric Glassware,1,4969.72
15.201.0200,"Flask Round Bottom, Single Neck, Cap.20000ml, SS 50/42",Non Volumetric Glassware,1,4969.72
15.201.0205,"Flask Round Bottom, Single Neck, Cap.20000ml, SS 55/44",Non Volumetric Glassware,1,4969.72
15.204.0001A,"Flask Flat Bottom, Single Neck, Cap.5ml, SS 10/19",Non Volumetric Glassware,10,49.55
15.204.0001B,"Flask Flat Bottom, Single Neck, Cap.5ml, SS 14/23",Non Volumetric Glassware,10,49.55
15.204.0002A,"Flask Flat Bottom, Single Neck, Cap.10ml, SS 10/19",Non Volumetric Glassware,10,51.73
15.204.0002B,"Flask Flat Bottom, Single Neck, Cap.10ml, SS 14/23",Non Volumetric Glassware,10,51.73
15.204.0003A,"Flask Flat Bottom, Single Neck, Cap.25ml, SS 14/23",Non Volumetric Glassware,10,53.92
15.204.0003B,"Flask Flat Bottom, Single Neck, Cap.25ml, SS 19/26",Non Volumetric Glassware,10,53.92
15.204.0003C,"Flask Flat Bottom, Single Neck, Cap.25ml, SS 24/29",Non Volumetric Glassware,10,53.92
15.204.0004,"Flask Flat Bottom, Single Neck, Cap.50ml, SS 14/23",Non Volumetric Glassware,10,66.28
15.204.0005,"Flask Flat Bottom, Single Neck, Cap.50ml, SS 19/26",Non Volumetric Glassware,10,68.80
15.204.0010,"Flask Flat Bottom, Single Neck, Cap.50ml, SS 24/29",Non Volumetric Glassware,10,68.80
15.204.0015,"Flask Flat Bottom, Single Neck, Cap.50ml, SS 29/32",Non Volumetric Glassware,10,68.80
15.204.0016,"Flask Flat Bottom, Single Neck, Cap.50ml, SS 34/35",Non Volumetric Glassware,10,69.05
15.204.0018,"Flask Flat Bottom, Single Neck, Cap.100ml, SS 14/23",Non Volumetric Glassware,10,74.49
15.204.0020,"Flask Flat Bottom, Single Neck, Cap.100ml, SS 19/26",Non Volumetric Glassware,10,74.49
15.204.0025,"Flask Flat Bottom, Single Neck, Cap.100ml, SS 24/29",Non Volumetric Glassware,10,74.49
15.204.0030,"Flask Flat Bottom, Single Neck, Cap.100ml, SS 29/32",Non Volumetric Glassware,10,74.49
15.204.0032,"Flask Flat Bottom, Single Neck, Cap.100ml, SS 34/35",Non Volumetric Glassware,10,74.49
15.204.0035,"Flask Flat Bottom, Single Neck, Cap.150ml, SS 19/26",Non Volumetric Glassware,10,76.23
15.204.0040,"Flask Flat Bottom, Single Neck, Cap.150ml, SS 24/29",Non Volumetric Glassware,10,76.23
15.204.0045,"Flask Flat Bottom, Single Neck, Cap.150ml, SS 29/32",Non Volumetric Glassware,10,76.23
15.204.0048,"Flask Flat Bottom, Single Neck, Cap.150ml, SS 34/35",Non Volumetric Glassware,10,76.23
15.204.0050,"Flask Flat Bottom, Single Neck, Cap.250ml, SS 19/26",Non Volumetric Glassware,10,99.21
15.204.0055,"Flask Flat Bottom, Single Neck, Cap.250ml, SS 24/29",Non Volumetric Glassware,10,99.21
15.204.0060,"Flask Flat Bottom, Single Neck, Cap.250ml, SS 29/32",Non Volumetric Glassware,10,99.21
15.204.0065,"Flask Flat Bottom, Single Neck, Cap.250ml, SS 34/35",Non Volumetric Glassware,10,99.21
15.204.0067,"Flask Flat Bottom, Single Neck, Cap.300ml, SS 24/29",Non Volumetric Glassware,10,119.03
15.204.0070,"Flask Flat Bottom, Single Neck, Cap.500ml, SS 19/26",Non Volumetric Glassware,10,123.44
15.204.0075,"Flask Flat Bottom, Single Neck, Cap.500ml, SS 24/29",Non Volumetric Glassware,10,123.44
15.204.0080,"Flask Flat Bottom, Single Neck, Cap.500ml, SS 29/32",Non Volumetric Glassware,10,123.44
15.204.0085,"Flask Flat Bottom, Single Neck, Cap.500ml, SS 34/35",Non Volumetric Glassware,10,123.44
15.204.0090,"Flask Flat Bottom, Single Neck, Cap.1000ml, SS 24/29",Non Volumetric Glassware,6,190.61
15.204.0095,"Flask Flat Bottom, Single Neck, Cap.1000ml, SS 29/32",Non Volumetric Glassware,6,190.61
15.204.0100,"Flask Flat Bottom, Single Neck, Cap.1000ml, SS 34/35",Non Volumetric Glassware,6,190.61
15.204.0105,"Flask Flat Bottom, Single Neck, Cap.2000ml, SS 24/29",Non Volumetric Glassware,6,388.90
15.204.0110,"Flask Flat Bottom, Single Neck, Cap.2000ml, SS 29/32",Non Volumetric Glassware,6,388.90
15.204.0115,"Flask Flat Bottom, Single Neck, Cap.2000ml, SS 34/35",Non Volumetric Glassware,6,388.90
15.204.0120,"Flask Flat Bottom, Single Neck, Cap.3000ml, SS 24/29",Non Volumetric Glassware,1,775.78
15.204.0125,"Flask Flat Bottom, Single Neck, Cap.3000ml, SS 34/35",Non Volumetric Glassware,1,775.78
15.204.0130,"Flask Flat Bottom, Single Neck, Cap.3000ml, SS 40/38",Non Volumetric Glassware,1,790.79
15.204.0135,"Flask Flat Bottom, Single Neck, Cap.5000ml, SS 24/29",Non Volumetric Glassware,1,1220.23
15.204.0140,"Flask Flat Bottom, Single Neck, Cap.5000ml, SS 34/35",Non Volumetric Glassware,1,1220.23
15.204.0145,"Flask Flat Bottom, Single Neck, Cap.5000ml, SS 40/38",Non Volumetric Glassware,1,1220.23
15.204.0150,"Flask Flat Bottom, Single Neck, Cap.5000ml, SS 45/40",Non Volumetric Glassware,1,1220.23
15.204.0155,"Flask Flat Bottom, Single Neck, Cap.5000ml, SS 50/42",Non Volumetric Glassware,1,1220.23
15.204.0160,"Flask Flat Bottom, Single Neck, Cap.10000ml, SS 34/35",Non Volumetric Glassware,1,0.00
15.204.0165,"Flask Flat Bottom, Single Neck, Cap.10000ml, SS 40/38",Non Volumetric Glassware,1,0.00
15.204.0170,"Flask Flat Bottom, Single Neck, Cap.10000ml, SS 45/40",Non Volumetric Glassware,1,0.00
15.204.0175,"Flask Flat Bottom, Single Neck, Cap.10000ml, SS 50/42",Non Volumetric Glassware,1,0.00
15.204.0180,"Flask Flat Bottom, Single Neck, Cap.10000ml, SS 55/44",Non Volumetric Glassware,1,0.00
15.204.0185,"Flask Flat Bottom, Single Neck, Cap.20000ml, SS 40/38",Non Volumetric Glassware,1,0.00
15.204.0190,"Flask Flat Bottom, Single Neck, Cap.20000ml, SS 50/42",Non Volumetric Glassware,1,0.00
15.204.0195,"Flask Flat Bottom, Single Neck, Cap.20000ml, SS 55/44",Non Volumetric Glassware,1,0.00
15.208.0002,"Flask Round Bottom, Two Necks (Side neck at Angle), Cap.25ml, Soc.CN 19/26, Soc.SN 14/23",Non Volumetric Glassware,2,106.86
15.208.0003,"Flask Round Bottom, Two Necks (Side neck at Angle), Cap.25ml, Soc.CN 24/29, Soc.SN 19/26",Non Volumetric Glassware,2,108.75
15.208.0004,"Flask Round Bottom, Two Necks (Side neck at Angle), Cap.50ml, Soc.CN 19/26, Soc.SN 14/23",Non Volumetric Glassware,2,119.05
15.208.0005,"Flask Round Bottom, Two Necks (Side neck at Angle), Cap.50ml, Soc.CN 24/29, Soc.SN 14/23",Non Volumetric Glassware,2,120.57
15.208.0010,"Flask Round Bottom, Two Necks (Side neck at Angle), Cap.50ml, Soc.CN 29/32, Soc.SN 14/23",Non Volumetric Glassware,2,120.57
15.208.0015,"Flask Round Bottom, Two Necks (Side neck at Angle), Cap.100ml, Soc.CN 24/29, Soc.SN 14/23",Non Volumetric Glassware,2,129.19
15.208.0020,"Flask Round Bottom, Two Necks (Side neck at Angle), Cap.100ml, Soc.CN 24/29, Soc.SN 19/26",Non Volumetric Glassware,2,131.08
15.208.0025,"Flask Round Bottom, Two Necks (Side neck at Angle), Cap.100ml, Soc.CN 29/32, Soc.SN 14/23",Non Volumetric Glassware,2,130.71
15.208.0030,"Flask Round Bottom, Two Necks (Side neck at Angle), Cap.250ml, Soc.CN 24/29, Soc.SN 14/23",Non Volumetric Glassware,1,165.99
15.208.0035,"Flask Round Bottom, Two Necks (Side neck at Angle), Cap.250ml, Soc.CN 24/29, Soc.SN 19/26",Non Volumetric Glassware,1,167.88
15.208.0040,"Flask Round Bottom, Two Necks (Side neck at Angle), Cap.250ml, Soc.CN 29/32, Soc.SN 14/23",Non Volumetric Glassware,1,165.99
15.208.0045,"Flask Round Bottom, Two Necks (Side neck at Angle), Cap.500ml, Soc.CN 24/29, Soc.SN 14/23",Non Volumetric Glassware,1,230.19
15.208.0050,"Flask Round Bottom, Two Necks (Side neck at Angle), Cap.500ml, Soc.CN 24/29, Soc.SN 19/26",Non Volumetric Glassware,1,232.08
15.208.0055,"Flask Round Bottom, Two Necks (Side neck at Angle), Cap.500ml, Soc.CN 29/32, Soc.SN 14/23",Non Volumetric Glassware,1,230.19
15.208.0060,"Flask Round Bottom, Two Necks (Side neck at Angle), Cap.1000ml, Soc.CN 24/29, Soc.SN 14/23",Non Volumetric Glassware,1,314.13
15.208.0065,"Flask Round Bottom, Two Necks (Side neck at Angle), Cap.1000ml, Soc.CN 24/29, Soc.SN 19/26",Non Volumetric Glassware,1,316.03
15.208.0070,"Flask Round Bottom, Two Necks (Side neck at Angle), Cap.1000ml, Soc.CN 29/32, Soc.SN 14/23",Non Volumetric Glassware,1,315.65
15.208.0071,"Flask Round Bottom, Two Necks (Side neck at Angle), Cap.1000ml, Soc.CN 34/35, Soc.SN 14/23",Non Volumetric Glassware,1,318.65
15.208.0072,"Flask Round Bottom, Two Necks (Side neck at Angle), Cap.1000ml, Soc.CN 34/35, Soc.SN 19/26",Non Volumetric Glassware,1,320.55
15.208.0073,"Flask Round Bottom, Two Necks (Side neck at Angle), Cap.2000ml, Soc.CN 24/29, Soc.SN 19/26",Non Volumetric Glassware,1,559.70
15.208.0074,"Flask Round Bottom, Two Necks (Side neck at Angle), Cap.2000ml, Soc.CN 24/29, Soc.SN 24/29",Non Volumetric Glassware,1,510.95
15.208.0075,"Flask Round Bottom, Two Necks (Side neck at Angle), Cap.2000ml, Soc.CN 34/35, Soc.SN 19/26",Non Volumetric Glassware,1,505.32
15.208.0080,"Flask Round Bottom, Two Necks (Side neck at Angle), Cap.2000ml, Soc.CN 34/35, Soc.SN 24/29",Non Volumetric Glassware,1,526.28
15.208.0085,"Flask Round Bottom, Two Necks (Side neck at Angle), Cap.3000ml, Soc.CN 24/29, Soc.SN 14/23",Non Volumetric Glassware,1,0.00
15.208.0090,"Flask Round Bottom, Two Necks (Side neck at Angle), Cap.3000ml, Soc.CN 24/29, Soc.SN 19/26",Non Volumetric Glassware,1,0.00
15.208.0095,"Flask Round Bottom, Two Necks (Side neck at Angle), Cap.3000ml, Soc.CN 24/29, Soc.SN 24/29",Non Volumetric Glassware,1,0.00
15.208.0100,"Flask Round Bottom, Two Necks (Side neck at Angle), Cap.3000ml, Soc.CN 34/35, Soc.SN 14/23",Non Volumetric Glassware,1,0.00
15.208.0105,"Flask Round Bottom, Two Necks (Side neck at Angle), Cap.3000ml, Soc.CN 34/35, Soc.SN 19/26",Non Volumetric Glassware,1,0.00
15.208.0110,"Flask Round Bottom, Two Necks (Side neck at Angle), Cap.3000ml, Soc.CN 34/35, Soc.SN 24/29",Non Volumetric Glassware,1,0.00
15.208.0115,"Flask Round Bottom, Two Necks (Side neck at Angle), Cap.5000ml, Soc.CN 24/29, Soc.SN 14/23",Non Volumetric Glassware,1,1800.57
15.208.0120,"Flask Round Bottom, Two Necks (Side neck at Angle), Cap.5000ml, Soc.CN 24/29, Soc.SN 19/26",Non Volumetric Glassware,1,1800.57
15.208.0125,"Flask Round Bottom, Two Necks (Side neck at Angle), Cap.5000ml, Soc.CN 24/29, Soc.SN 24/29",Non Volumetric Glassware,1,1800.57
15.208.0130,"Flask Round Bottom, Two Necks (Side neck at Angle), Cap.5000ml, Soc.CN 34/35, Soc.SN 14/23",Non Volumetric Glassware,1,1800.57
15.208.0135,"Flask Round Bottom, Two Necks (Side neck at Angle), Cap.5000ml, Soc.CN 34/35, Soc.SN 19/26",Non Volumetric Glassware,1,1800.57
15.208.0140,"Flask Round Bottom, Two Necks (Side neck at Angle), Cap.5000ml, Soc.CN 34/35, Soc.SN 24/29",Non Volumetric Glassware,1,1800.57
15.208.0145,"Flask Round Bottom, Two Necks (Side neck at Angle), Cap.5000ml, Soc.CN 40/38, Soc.SN 14/23",Non Volumetric Glassware,1,1800.57
15.208.0150,"Flask Round Bottom, Two Necks (Side neck at Angle), Cap.5000ml, Soc.CN 40/38, Soc.SN 19/26",Non Volumetric Glassware,1,1800.57
15.208.0155,"Flask Round Bottom, Two Necks (Side neck at Angle), Cap.5000ml, Soc.CN 40/38, Soc.SN 24/29",Non Volumetric Glassware,1,1800.57
15.208.0160,"Flask Round Bottom, Two Necks (Side neck at Angle), Cap.10000ml, Soc.CN 50/42, Soc.SN 19/26",Non Volumetric Glassware,1,3537.87
15.208.0165,"Flask Round Bottom, Two Necks (Side neck at Angle), Cap.10000ml, Soc.CN 50/42, Soc.SN 24/29",Non Volumetric Glassware,1,3537.87
15.208.0170,"Flask Round Bottom, Two Necks (Side neck at Angle), Cap.10000ml, Soc.CN 50/42, Soc.SN 34/35",Non Volumetric Glassware,1,3537.87
15.208.0175,"Flask Round Bottom, Two Necks (Side neck at Angle), Cap.10000ml, Soc.CN 55/44, Soc.SN 19/26",Non Volumetric Glassware,1,3537.87
15.208.0180,"Flask Round Bottom, Two Necks (Side neck at Angle), Cap.10000ml, Soc.CN 55/44, Soc.SN 24/29",Non Volumetric Glassware,1,3537.87
15.208.0185,"Flask Round Bottom, Two Necks (Side neck at Angle), Cap.10000ml, Soc.CN 55/44, Soc.SN 34/35",Non Volumetric Glassware,1,3537.87
15.208.0190,"Flask Round Bottom, Two Necks (Side neck at Angle), Cap.20000ml, Soc.CN 50/42, Soc.SN 19/26",Non Volumetric Glassware,1,6323.68
15.208.0195,"Flask Round Bottom, Two Necks (Side neck at Angle), Cap.20000ml, Soc.CN 50/42, Soc.SN 24/29",Non Volumetric Glassware,1,6323.68
15.208.0200,"Flask Round Bottom, Two Necks (Side neck at Angle), Cap.20000ml, Soc.CN 50/42, Soc.SN 34/35",Non Volumetric Glassware,1,6323.68
15.208.0205,"Flask Round Bottom, Two Necks (Side neck at Angle), Cap.20000ml, Soc.CN 55/44, Soc.SN 19/26",Non Volumetric Glassware,1,6323.68
15.208.0210,"Flask Round Bottom, Two Necks (Side neck at Angle), Cap.20000ml, Soc.CN 55/44, Soc.SN 24/29",Non Volumetric Glassware,1,6323.68
15.208.0215,"Flask Round Bottom, Two Necks (Side neck at Angle), Cap.20000ml, Soc.CN 55/44, Soc.SN 34/35",Non Volumetric Glassware,1,6323.68
15.210.0020,"Flask Round Bottom, Two Necks (Side Neck Parallel), Cap.50ml, Soc.CN 24/29, Soc.SN 14/23",Non Volumetric Glassware,2,120.57
15.210.0025,"Flask Round Bottom, Two Necks (Side Neck Parallel), Cap.50ml, Soc.CN 29/32, Soc.SN 14/23",Non Volumetric Glassware,2,120.57
15.210.0030,"Flask Round Bottom, Two Necks (Side Neck Parallel), Cap.100ml, Soc.CN 24/29, Soc.SN 14/23",Non Volumetric Glassware,2,129.19
15.210.0035,"Flask Round Bottom, Two Necks (Side Neck Parallel), Cap.100ml, Soc.CN 24/29, Soc.SN 19/26",Non Volumetric Glassware,2,131.08
15.210.0040,"Flask Round Bottom, Two Necks (Side Neck Parallel), Cap.100ml, Soc.CN 29/32, Soc.SN 14/23",Non Volumetric Glassware,2,130.71
15.210.0045,"Flask Round Bottom, Two Necks (Side Neck Parallel), Cap.250ml, Soc.CN 24/29, Soc.SN 14/23",Non Volumetric Glassware,1,165.99
15.210.0050,"Flask Round Bottom, Two Necks (Side Neck Parallel), Cap.250ml, Soc.CN 24/29, Soc.SN 19/26",Non Volumetric Glassware,1,167.88
15.210.0055,"Flask Round Bottom, Two Necks (Side Neck Parallel), Cap.250ml, Soc.CN 29/32, Soc.SN 14/23",Non Volumetric Glassware,1,165.99
15.210.0060,"Flask Round Bottom, Two Necks (Side Neck Parallel), Cap.500ml, Soc.CN 24/29, Soc.SN 14/23",Non Volumetric Glassware,1,230.19
15.210.0065,"Flask Round Bottom, Two Necks (Side Neck Parallel), Cap.500ml, Soc.CN 24/29, Soc.SN 19/26",Non Volumetric Glassware,1,232.08
15.210.0070,"Flask Round Bottom, Two Necks (Side Neck Parallel), Cap.500ml, Soc.CN 29/32, Soc.SN 14/23",Non Volumetric Glassware,1,230.19
15.210.0075,"Flask Round Bottom, Two Necks (Side Neck Parallel), Cap.1000ml, Soc.CN 24/29, Soc.SN 14/23",Non Volumetric Glassware,1,329.15
15.210.0080,"Flask Round Bottom, Two Necks (Side Neck Parallel), Cap.1000ml, Soc.CN 24/29, Soc.SN 19/26",Non Volumetric Glassware,1,331.04
15.210.0085,"Flask Round Bottom, Two Necks (Side Neck Parallel), Cap.1000ml, Soc.CN 29/32, Soc.SN 14/23",Non Volumetric Glassware,1,330.66
15.210.0100,"Flask Round Bottom, Two Necks (Side Neck Parallel), Cap.2000ml, Soc.CN 24/29, Soc.SN 19/26",Non Volumetric Glassware,1,520.04
15.210.0110,"Flask Round Bottom, Two Necks (Side Neck Parallel), Cap.2000ml, Soc.CN 34/35, Soc.SN 19/26",Non Volumetric Glassware,1,535.35
15.210.0140,"Flask Round Bottom, Two Necks (Side Neck Parallel), Cap.3000ml, Soc.CN 34/35, Soc.SN 19/26",Non Volumetric Glassware,1,768.97
15.210.0145,"Flask Round Bottom, Two Necks (Side Neck Parallel), Cap.3000ml, Soc.CN 34/35, Soc.SN 24/29",Non Volumetric Glassware,1,774.90
15.210.0170,"Flask Round Bottom, Two Necks (Side Neck Parallel), Cap.5000ml, Soc.CN 34/35, Soc.SN 19/26",Non Volumetric Glassware,1,1706.87
15.210.0175,"Flask Round Bottom, Two Necks (Side Neck Parallel), Cap.5000ml, Soc.CN 34/35, Soc.SN 24/29",Non Volumetric Glassware,1,1706.87
15.210.0215,"Flask Round Bottom, Two Necks (Side Neck Parallel), Cap.10000ml, Soc.CN 55/44, Soc.SN 24/29",Non Volumetric Glassware,1,3537.87
15.210.0245,"Flask Round Bottom, Two Necks (Side Neck Parallel), Cap.20000ml, Soc.CN 55/44, Soc.SN 24/29",Non Volumetric Glassware,1,6323.68
15.210.0250,"Flask Round Bottom, Two Necks (Side Neck Parallel), Cap.20000ml, Soc.CN 55/44, Soc.SN 34/35",Non Volumetric Glassware,1,6323.68
15.212.0002,"Flask Round Bottom, Three Necks At Angle, Cap.50ml, CS 19/26, SS 14/23",Non Volumetric Glassware,2,150.57
15.212.0003,"Flask Round Bottom, Three Necks At Angle, Cap.50ml, CS 24/29, SS 19/26",Non Volumetric Glassware,2,155.88
15.212.0005,"Flask Round Bottom, Three Necks At Angle, Cap.100ml, CS 19/26, SS 14/23",Non Volumetric Glassware,2,159.96
15.212.0010,"Flask Round Bottom, Three Necks At Angle, Cap.100ml, CS 24/29, SS 14/23",Non Volumetric Glassware,2,159.96
15.212.0015,"Flask Round Bottom, Three Necks At Angle, Cap.100ml, CS 24/29, SS 19/26",Non Volumetric Glassware,2,163.75
15.212.0020,"Flask Round Bottom, Three Necks At Angle, Cap.100ml, CS 29/32, SS 14/23",Non Volumetric Glassware,2,161.48
15.212.0025,"Flask Round Bottom, Three Necks At Angle, Cap.250ml, CS 19/26, SS 19/26",Non Volumetric Glassware,1,206.95
15.212.0030,"Flask Round Bottom, Three Necks At Angle, Cap.250ml, CS 24/29, SS 14/23",Non Volumetric Glassware,1,204.67
15.212.0035,"Flask Round Bottom, Three Necks At Angle, Cap.250ml, CS 24/29, SS 19/26",Non Volumetric Glassware,1,208.47
15.212.0040,"Flask Round Bottom, Three Necks At Angle, Cap.250ml, CS 29/32, SS 14/23",Non Volumetric Glassware,1,204.67
15.212.0045,"Flask Round Bottom, Three Necks At Angle, Cap.250ml, CS 29/32, SS 19/26",Non Volumetric Glassware,1,208.47
15.212.0050,"Flask Round Bottom, Three Necks At Angle, Cap.250ml, CS 29/32, SS 29/32",Non Volumetric Glassware,1,237.97
15.212.0055,"Flask Round Bottom, Three Necks At Angle, Cap.500ml, CS 24/29, SS 14/23",Non Volumetric Glassware,1,273.74
15.212.0060,"Flask Round Bottom, Three Necks At Angle, Cap.500ml, CS 24/29, SS 19/26",Non Volumetric Glassware,1,277.54
15.212.0065,"Flask Round Bottom, Three Necks At Angle, Cap.500ml, CS 29/32, SS 14/23",Non Volumetric Glassware,1,273.74
15.212.0070,"Flask Round Bottom, Three Necks At Angle, Cap.500ml, CS 29/32, SS 19/26",Non Volumetric Glassware,1,277.54
15.212.0075,"Flask Round Bottom, Three Necks At Angle, Cap.500ml, CS 29/32, SS 29/32",Non Volumetric Glassware,1,307.04
15.212.0080,"Flask Round Bottom, Three Necks At Angle, Cap.1000ml, CS 24/29, SS 14/23",Non Volumetric Glassware,1,363.88
15.212.0085,"Flask Round Bottom, Three Necks At Angle, Cap.1000ml, CS 24/29, SS 19/26",Non Volumetric Glassware,1,373.66
15.212.0090,"Flask Round Bottom, Three Necks At Angle, Cap.1000ml, CS 29/32, SS 14/23",Non Volumetric Glassware,1,382.11
15.212.0095,"Flask Round Bottom, Three Necks At Angle, Cap.1000ml, CS 29/32, SS 19/26",Non Volumetric Glassware,1,384.00
15.212.0100,"Flask Round Bottom, Three Necks At Angle, Cap.1000ml, CS 29/32, SS 29/32",Non Volumetric Glassware,1,398.76
15.212.0102,"Flask Round Bottom, Three Necks At Angle, Cap.1000ml, CS 34/35, SS 19/26",Non Volumetric Glassware,1,489.49
15.212.0105,"Flask Round Bottom, Three Necks At Angle, Cap.2000ml, CS 24/29, SS 19/26",Non Volumetric Glassware,1,583.41
15.212.0110,"Flask Round Bottom, Three Necks At Angle, Cap.2000ml, CS 29/32, SS 24/29",Non Volumetric Glassware,1,611.98
15.212.0115,"Flask Round Bottom, Three Necks At Angle, Cap.2000ml, CS 29/32, SS 29/32",Non Volumetric Glassware,1,620.80
15.212.0125,"Flask Round Bottom, Three Necks At Angle, Cap.2000ml, CS 34/35, SS 19/26",Non Volumetric Glassware,1,612.38
15.212.0130,"Flask Round Bottom, Three Necks At Angle, Cap.2000ml, CS 34/35, SS 24/29",Non Volumetric Glassware,1,618.32
15.212.0135,"Flask Round Bottom, Three Necks At Angle, Cap.3000ml, CS 34/35, SS 19/26",Non Volumetric Glassware,1,1631.57
15.212.0140,"Flask Round Bottom, Three Necks At Angle, Cap.3000ml, CS 34/35, SS 24/29",Non Volumetric Glassware,1,1631.57
15.212.0145,"Flask Round Bottom, Three Necks At Angle, Cap.5000ml, CS 34/35, SS 19/26",Non Volumetric Glassware,1,2266.38
15.212.0165,"Flask Round Bottom, Three Necks At Angle, Cap.5000ml, CS 34/35, SS 24/29",Non Volumetric Glassware,1,2266.38
15.212.0205,"Flask Round Bottom, Three Necks At Angle, Cap.10000ml, CS 34/35, SS 24/29",Non Volumetric Glassware,1,3620.19
15.212.0250,"Flask Round Bottom, Three Necks At Angle, Cap.20000ml, CS 55/44, SS 24/29",Non Volumetric Glassware,1,6922.54
15.216.0003,"Flask Round Bottom, Three Necks Parallel, Cap.100ml, CS 24/29, SS 14/23",Non Volumetric Glassware,2,175.76
15.216.0004,"Flask Round Bottom, Three Necks Parallel, Cap.250ml, CS 24/29, SS 14/23",Non Volumetric Glassware,1,200.10
15.216.0005,"Flask Round Bottom, Three Necks Parallel, Cap.250ml, CS 24/29, SS 19/26",Non Volumetric Glassware,1,200.80
15.216.0010,"Flask Round Bottom, Three Necks Parallel, Cap.250ml, CS 29/32, SS 14/23",Non Volumetric Glassware,1,197.23
15.216.0015,"Flask Round Bottom, Three Necks Parallel, Cap.250ml, CS 29/32, SS 29/32",Non Volumetric Glassware,1,228.63
15.216.0017,"Flask Round Bottom, Three Necks Parallel, Cap.500ml, CS 24/29, SS 14/23",Non Volumetric Glassware,1,263.59
15.216.0020,"Flask Round Bottom, Three Necks Parallel, Cap.500ml, CS 24/29, SS 19/26",Non Volumetric Glassware,1,267.17
15.216.0025,"Flask Round Bottom, Three Necks Parallel, Cap.500ml, CS 29/32, SS 14/23",Non Volumetric Glassware,1,263.59
15.216.0030,"Flask Round Bottom, Three Necks Parallel, Cap.500ml, CS 29/32, SS 19/26",Non Volumetric Glassware,1,267.17
15.216.0035,"Flask Round Bottom, Three Necks Parallel, Cap.500ml, CS 29/32, SS 29/32",Non Volumetric Glassware,1,295.00
15.216.0037,"Flask Round Bottom, Three Necks Parallel, Cap.1000ml, CS 24/29, SS 14/23",Non Volumetric Glassware,1,350.48
15.216.0040,"Flask Round Bottom, Three Necks Parallel, Cap.1000ml, CS 24/29, SS 19/26",Non Volumetric Glassware,1,354.05
15.216.0045,"Flask Round Bottom, Three Necks Parallel, Cap.1000ml, CS 29/32, SS 14/23",Non Volumetric Glassware,1,355.49
15.216.0050,"Flask Round Bottom, Three Necks Parallel, Cap.1000ml, CS 29/32, SS 19/26",Non Volumetric Glassware,1,383.32
15.216.0055,"Flask Round Bottom, Three Necks Parallel, Cap.1000ml, CS 29/32, SS 24/29",Non Volumetric Glassware,1,355.49
15.216.0060,"Flask Round Bottom, Three Necks Parallel, Cap.1000ml, CS 29/32, SS 29/32",Non Volumetric Glassware,1,383.32
15.216.0062,"Flask Round Bottom, Three Necks Parallel, Cap.1000ml, CS 34/35, SS 19/26",Non Volumetric Glassware,1,400.00
15.216.0065,"Flask Round Bottom, Three Necks Parallel, Cap.2000ml, CS 24/29, SS 19/26",Non Volumetric Glassware,1,555.12
15.216.0070,"Flask Round Bottom, Three Necks Parallel, Cap.2000ml, CS 29/32, SS 19/26",Non Volumetric Glassware,1,568.16
15.216.0075,"Flask Round Bottom, Three Necks Parallel, Cap.2000ml, CS 29/32, SS 29/32",Non Volumetric Glassware,1,595.99
15.216.0080,"Flask Round Bottom, Three Necks Parallel, Cap.2000ml, CS 34/35, SS 19/26",Non Volumetric Glassware,1,569.59
15.216.0085,"Flask Round Bottom, Three Necks Parallel, Cap.2000ml, CS 34/35, SS 24/29",Non Volumetric Glassware,1,637.46
15.216.0090,"Flask Round Bottom, Three Necks Parallel, Cap.2000ml, CS 45/40, SS 29/32",Non Volumetric Glassware,1,0.00
15.216.0095,"Flask Round Bottom, Three Necks Parallel, Cap.3000ml, CS 34/35, SS 19/26",Non Volumetric Glassware,1,1543.96
15.216.0100,"Flask Round Bottom, Three Necks Parallel, Cap.3000ml, CS 34/35, SS 24/29",Non Volumetric Glassware,1,1543.96
15.216.0105,"Flask Round Bottom, Three Necks Parallel, Cap.5000ml, CS 34/35, SS 19/26",Non Volumetric Glassware,1,2146.92
15.216.0110,"Flask Round Bottom, Three Necks Parallel, Cap.5000ml, CS 34/35, SS 24/29",Non Volumetric Glassware,1,2146.92
15.216.0165,"Flask Round Bottom, Three Necks Parallel, Cap.10000ml, CS 34/35, SS 24/29",Non Volumetric Glassware,1,3429.05
15.216.0210,"Flask Round Bottom, Three Necks Parallel, Cap.20000ml, CS 55/44, SS 24/29",Non Volumetric Glassware,1,6922.54
15.217.0005,"Round Bottom Flask, Four Necks (Parallel), Cap.50ml, CS 24/29, SS 24/29",Non Volumetric Glassware,1,218.47
15.217.0010,"Round Bottom Flask, Four Necks (Parallel), Cap.100ml, CS 24/29, SS 14/23",Non Volumetric Glassware,1,202.17
15.217.0015,"Round Bottom Flask, Four Necks (Parallel), Cap.100ml, CS 24/29, SS 19/26",Non Volumetric Glassware,1,207.33
15.217.0020,"Round Bottom Flask, Four Necks (Parallel), Cap.250ml, CS 19/26, SS 19/26",Non Volumetric Glassware,1,258.84
15.217.0025,"Round Bottom Flask, Four Necks (Parallel), Cap.250ml, CS 24/29, SS 14/23",Non Volumetric Glassware,1,255.06
15.217.0030,"Round Bottom Flask, Four Necks (Parallel), Cap.250ml, CS 24/29, SS 19/26",Non Volumetric Glassware,1,260.22
15.217.0035,"Round Bottom Flask, Four Necks (Parallel), Cap.250ml, CS 29/32, SS 14/23",Non Volumetric Glassware,1,255.06
15.217.0040,"Round Bottom Flask, Four Necks (Parallel), Cap.250ml, CS 29/32, SS 29/32",Non Volumetric Glassware,1,300.36
15.217.0045,"Round Bottom Flask, Four Necks (Parallel), Cap.500ml, CS 19/26, SS 19/26",Non Volumetric Glassware,1,314.45
15.217.0050,"Round Bottom Flask, Four Necks (Parallel), Cap.500ml, CS 24/29, SS 14/23",Non Volumetric Glassware,1,317.73
15.217.0055,"Round Bottom Flask, Four Necks (Parallel), Cap.500ml, CS 24/29, SS 19/26",Non Volumetric Glassware,1,322.88
15.217.0065,"Round Bottom Flask, Four Necks (Parallel), Cap.500ml, CS 24/29, SS 24/29",Non Volumetric Glassware,1,339.04
15.217.0070,"Round Bottom Flask, Four Necks (Parallel), Cap.500ml, CS 29/32, SS 14/23",Non Volumetric Glassware,1,317.73
15.217.0075,"Round Bottom Flask, Four Necks (Parallel), Cap.500ml, CS 29/32, SS 19/26",Non Volumetric Glassware,1,322.88
15.217.0080,"Round Bottom Flask, Four Necks (Parallel), Cap.500ml, CS 29/32, SS 29/32",Non Volumetric Glassware,1,363.03
15.217.0085,"Round Bottom Flask, Four Necks (Parallel), Cap.500ml, CS 34/35, SS 24/29",Non Volumetric Glassware,1,339.04
15.217.0090,"Round Bottom Flask, Four Necks (Parallel), Cap.1000ml, CS 24/29, SS 14/23",Non Volumetric Glassware,1,411.83
15.217.0095,"Round Bottom Flask, Four Necks (Parallel), Cap.1000ml, CS 24/29, SS 19/26",Non Volumetric Glassware,1,416.99
15.217.0100,"Round Bottom Flask, Four Necks (Parallel), Cap.1000ml, CS 24/29, SS 24/29",Non Volumetric Glassware,1,433.13
15.217.0105,"Round Bottom Flask, Four Necks (Parallel), Cap.1000ml, CS 29/32, SS 14/23",Non Volumetric Glassware,1,413.20
15.217.0110,"Round Bottom Flask, Four Necks (Parallel), Cap.1000ml, CS 29/32, SS 19/26",Non Volumetric Glassware,1,418.36
15.217.0115,"Round Bottom Flask, Four Necks (Parallel), Cap.1000ml, CS 29/32, SS 24/29",Non Volumetric Glassware,1,434.51
15.217.0120,"Round Bottom Flask, Four Necks (Parallel), Cap.1000ml, CS 29/32, SS 29/32",Non Volumetric Glassware,1,458.51
15.217.0125,"Round Bottom Flask, Four Necks (Parallel), Cap.1000ml, CS 34/35, SS 24/29",Non Volumetric Glassware,1,434.51
15.217.0130,"Round Bottom Flask, Four Necks (Parallel), Cap.2000ml, CS 24/29, SS 14/23",Non Volumetric Glassware,1,602.24
15.217.0135,"Round Bottom Flask, Four Necks (Parallel), Cap.2000ml, CS 24/29, SS 19/26",Non Volumetric Glassware,1,607.40
15.217.0140,"Round Bottom Flask, Four Necks (Parallel), Cap.2000ml, CS 29/32, SS 19/26",Non Volumetric Glassware,1,619.93
15.217.0145,"Round Bottom Flask, Four Necks (Parallel), Cap.2000ml, CS 29/32, SS 29/32",Non Volumetric Glassware,1,660.07
15.217.0150,"Round Bottom Flask, Four Necks (Parallel), Cap.2000ml, CS 34/35, SS 19/26",Non Volumetric Glassware,1,621.30
15.217.0155,"Round Bottom Flask, Four Necks (Parallel), Cap.2000ml, CS 34/35, SS 24/29",Non Volumetric Glassware,1,637.46
15.217.0160,"Round Bottom Flask, Four Necks (Parallel), Cap.3000ml, CS 34/35, SS 19/26",Non Volumetric Glassware,1,1875.13
15.217.0165,"Round Bottom Flask, Four Necks (Parallel), Cap.3000ml, CS 34/35, SS 24/29",Non Volumetric Glassware,1,1875.13
15.217.0170,"Round Bottom Flask, Four Necks (Parallel), Cap.5000ml, CS 34/35, SS 19/26",Non Volumetric Glassware,1,2323.83
15.217.0175,"Round Bottom Flask, Four Necks (Parallel), Cap.5000ml, CS 34/35, SS 24/29",Non Volumetric Glassware,1,2323.83
15.217.0180,"Round Bottom Flask, Four Necks (Parallel), Cap.10000ml, CS 34/35, SS 24/29",Non Volumetric Glassware,1,3925.43
15.217.0185,"Round Bottom Flask, Four Necks (Parallel), Cap.10000ml, CS 45/40, SS 24/29",Non Volumetric Glassware,1,3925.43
15.217.0190,"Round Bottom Flask, Four Necks (Parallel), Cap.10000ml, CS 55/44, SS 24/29",Non Volumetric Glassware,1,3925.43
15.217.0195,"Round Bottom Flask, Four Necks (Parallel), Cap.20000ml, CS 55/44, SS 24/29",Non Volumetric Glassware,1,0.00
15.218.0005,"Round Bottom Flask, Four Necks (At An Angle), Cap.50ml, CS 24/29, SS 24/29",Non Volumetric Glassware,1,226.60
15.218.0010,"Round Bottom Flask, Four Necks (At An Angle), Cap.100ml, CS 14/23, SS 14/23",Non Volumetric Glassware,1,209.23
15.218.0015,"Round Bottom Flask, Four Necks (At An Angle), Cap.100ml, CS 19/26, SS 14/23",Non Volumetric Glassware,1,209.23
15.218.0020,"Round Bottom Flask, Four Necks (At An Angle), Cap.100ml, CS 24/29, SS 14/23",Non Volumetric Glassware,1,209.23
15.218.0025,"Round Bottom Flask, Four Necks (At An Angle), Cap.100ml, CS 24/29, SS 19/26",Non Volumetric Glassware,1,214.68
15.218.0030,"Round Bottom Flask, Four Necks (At An Angle), Cap.100ml, CS 29/32, SS 14/23",Non Volumetric Glassware,1,210.68
15.218.0035,"Round Bottom Flask, Four Necks (At An Angle), Cap.250ml, CS 19/26, SS 14/23",Non Volumetric Glassware,1,261.88
15.218.0040,"Round Bottom Flask, Four Necks (At An Angle), Cap.250ml, CS 19/26, SS 19/26",Non Volumetric Glassware,1,267.34
15.218.0045,"Round Bottom Flask, Four Necks (At An Angle), Cap.250ml, CS 24/29, SS 14/23",Non Volumetric Glassware,1,263.73
15.218.0050,"Round Bottom Flask, Four Necks (At An Angle), Cap.250ml, CS 24/29, SS 19/26",Non Volumetric Glassware,1,269.20
15.218.0055,"Round Bottom Flask, Four Necks (At An Angle), Cap.250ml, CS 29/32, SS 14/23",Non Volumetric Glassware,1,263.73
15.218.0060,"Round Bottom Flask, Four Necks (At An Angle), Cap.250ml, CS 29/32, SS 19/26",Non Volumetric Glassware,1,269.20
15.218.0065,"Round Bottom Flask, Four Necks (At An Angle), Cap.250ml, CS 29/32, SS 29/32",Non Volumetric Glassware,1,311.76
15.218.0070,"Round Bottom Flask, Four Necks (At An Angle), Cap.500ml, CS 24/29, SS 14/23",Non Volumetric Glassware,1,328.60
15.218.0080,"Round Bottom Flask, Four Necks (At An Angle), Cap.500ml, CS 24/29, SS 19/26",Non Volumetric Glassware,1,334.06
15.218.0085,"Round Bottom Flask, Four Necks (At An Angle), Cap.500ml, CS 24/29, SS 24/29",Non Volumetric Glassware,1,351.18
15.218.0090,"Round Bottom Flask, Four Necks (At An Angle), Cap.500ml, CS 29/32, SS 14/23",Non Volumetric Glassware,1,328.92
15.218.0095,"Round Bottom Flask, Four Necks (At An Angle), Cap.500ml, CS 29/32, SS 19/26",Non Volumetric Glassware,1,334.38
15.218.0100,"Round Bottom Flask, Four Necks (At An Angle), Cap.500ml, CS 29/32, SS 29/32",Non Volumetric Glassware,1,376.95
15.218.0105,"Round Bottom Flask, Four Necks (At An Angle), Cap.500ml, CS 34/35, SS 24/29",Non Volumetric Glassware,1,351.50
15.218.0110,"Round Bottom Flask, Four Necks (At An Angle), Cap.1000ml, CS 24/29, SS 14/23",Non Volumetric Glassware,1,433.41
15.218.0115,"Round Bottom Flask, Four Necks (At An Angle), Cap.1000ml, CS 24/29, SS 19/26",Non Volumetric Glassware,1,437.06
15.218.0120,"Round Bottom Flask, Four Necks (At An Angle), Cap.1000ml, CS 24/29, SS 24/29",Non Volumetric Glassware,1,448.47
15.218.0125,"Round Bottom Flask, Four Necks (At An Angle), Cap.1000ml, CS 29/32, SS 14/23",Non Volumetric Glassware,1,443.35
15.218.0130,"Round Bottom Flask, Four Necks (At An Angle), Cap.1000ml, CS 29/32, SS 19/26",Non Volumetric Glassware,1,447.48
15.218.0135,"Round Bottom Flask, Four Necks (At An Angle), Cap.1000ml, CS 29/32, SS 29/32",Non Volumetric Glassware,1,475.85
15.218.0140,"Round Bottom Flask, Four Necks (At An Angle), Cap.1000ml, CS 34/35, SS 24/29",Non Volumetric Glassware,1,463.52
15.218.0145,"Round Bottom Flask, Four Necks (At An Angle), Cap.2000ml, CS 24/29, SS 14/23",Non Volumetric Glassware,1,632.17
15.218.0150,"Round Bottom Flask, Four Necks (At An Angle), Cap.2000ml, CS 24/29, SS 19/26",Non Volumetric Glassware,1,630.11
15.218.0155,"Round Bottom Flask, Four Necks (At An Angle), Cap.2000ml, CS 29/32, SS 24/29",Non Volumetric Glassware,1,660.50
15.218.0160,"Round Bottom Flask, Four Necks (At An Angle), Cap.2000ml, CS 29/32, SS 29/32",Non Volumetric Glassware,1,671.75
15.218.0165,"Round Bottom Flask, Four Necks (At An Angle), Cap.2000ml, CS 34/35, SS 19/26",Non Volumetric Glassware,1,650.55
15.218.0170,"Round Bottom Flask, Four Necks (At An Angle), Cap.2000ml, CS 34/35, SS 24/29",Non Volumetric Glassware,1,664.36
15.218.0175,"Round Bottom Flask, Four Necks (At An Angle), Cap.3000ml, CS 34/35, SS 19/26",Non Volumetric Glassware,1,1876.93
15.218.0180,"Round Bottom Flask, Four Necks (At An Angle), Cap.3000ml, CS 34/35, SS 24/29",Non Volumetric Glassware,1,1878.13
15.218.0185,"Round Bottom Flask, Four Necks (At An Angle), Cap.5000ml, CS 34/35, SS 19/26",Non Volumetric Glassware,1,2456.01
15.218.0190,"Round Bottom Flask, Four Necks (At An Angle), Cap.5000ml, CS 34/35, SS 24/29",Non Volumetric Glassware,1,2456.01
15.218.0195,"Round Bottom Flask, Four Necks (At An Angle), Cap.10000ml, CS 34/35, SS 24/29",Non Volumetric Glassware,1,4139.85
15.218.0200,"Round Bottom Flask, Four Necks (At An Angle), Cap.10000ml, CS 45/40, SS 24/29",Non Volumetric Glassware,1,4139.85
15.218.0205,"Round Bottom Flask, Four Necks (At An Angle), Cap.10000ml, CS 55/44, SS 24/29",Non Volumetric Glassware,1,4139.85
15.218.0210,"Round Bottom Flask, Four Necks (At An Angle), Cap.20000ml, CS 55/44, SS 24/29",Non Volumetric Glassware,1,7977.48
15.219.0025,"Flasks, Solvent Storage, Glass stopcock, Cap.25ml, SS  14/23",Non Volumetric Glassware,1,165.53
15.219.0050,"Flasks, Solvent Storage, Glass stopcock, Cap.50ml, SS  14/23",Non Volumetric Glassware,1,176.14
15.219.0100,"Flasks, Solvent Storage, Glass stopcock, Cap.100ml, SS  19/26",Non Volumetric Glassware,1,204.78
15.219.0250,"Flasks, Solvent Storage, Glass stopcock, Cap.250ml, SS  24/29",Non Volumetric Glassware,1,184.62
15.219.0500,"Flasks, Solvent Storage, Glass stopcock, Cap.500ml, SS  24/29",Non Volumetric Glassware,1,220.70
15.220.0005A,"Flask Pear Shape, Single Neck, Cap.5ml, SS  10/19, Ht.67mm, Dia.24mm",Non Volumetric Glassware,25,42.04
15.220.0010A,"Flask Pear Shape, Single Neck, Cap.10ml, SS  10/19,Ht.75mm, Dia.28mm",Non Volumetric Glassware,25,42.04
15.220.0010B,"Flask Pear Shape, Single Neck, Cap.10ml, SS  14/23,Ht.75mm, Dia.28mm",Non Volumetric Glassware,25,42.04
15.220.0025A,"Flask Pear Shape, Single Neck, Cap.25ml, SS  10/19,Ht.95mm, Dia.40mm",Non Volumetric Glassware,10,45.05
15.220.0025,"Flask Pear Shape, Single Neck, Cap.25ml, SS  14/23,Ht.95mm, Dia.40mm",Non Volumetric Glassware,10,54.05
15.220.0050,"Flask Pear Shape, Single Neck, Cap.50ml, SS  14/23,Ht.110mm, Dia.50mm",Non Volumetric Glassware,10,60.06
15.220.0050B,"Flask Pear Shape, Single Neck, Cap.50ml, SS  19/26,Ht.110mm, Dia.50mm",Non Volumetric Glassware,10,60.06
15.220.0100,"Flask Pear Shape, Single Neck, Cap.100ml, SS  14/23,Ht.120mm, Dia.64mm",Non Volumetric Glassware,10,70.07
15.220.0100B,"Flask Pear Shape, Single Neck, Cap.100ml, SS  19/26,Ht.120mm, Dia.64mm",Non Volumetric Glassware,10,70.07
15.220.0100C,"Flask Pear Shape, Single Neck, Cap.100ml, SS  24/29,Ht.120mm, Dia.64mm",Non Volumetric Glassware,10,70.07
15.224.0025,"Flask Pear Shape, Two Necks, Cap.25ml, Soc.Cent.Neck 14/23, Soc.Side Neck  14/23",Non Volumetric Glassware,1,70.07
15.224.0050,"Flask Pear Shape, Two Necks, Cap.50ml, Soc.Cent.Neck  14/23, Soc.Side Neck  14/23",Non Volumetric Glassware,1,120.12
15.224.0100,"Flask Pear Shape, Two Necks, Cap.100ml, Soc.Cent.Neck  14/23, Soc.Side Neck  14/23",Non Volumetric Glassware,1,140.14
15.248.0050AR,"Flask, Evaporating, Florentine, Cap.50ml, SS  24/29,Ht.85mm",Non Volumetric Glassware,2,84.08
15.248.0050R,"Flask, Evaporating, Florentine, Cap.50ml, SS  29/32,Ht.85mm",Non Volumetric Glassware,2,86.03
15.248.0100AR,"Flask, Evaporating, Florentine, Cap.100ml, SS  24/29,Ht.105mm",Non Volumetric Glassware,2,96.09
15.248.0100R,"Flask, Evaporating, Florentine, Cap.100ml, SS  29/32,Ht.105mm",Non Volumetric Glassware,2,96.72
15.248.0250AR,"Flask, Evaporating, Florentine, Cap.250ml, SS  24/29,Ht.125mm",Non Volumetric Glassware,2,120.12
15.248.0250R,"Flask, Evaporating, Florentine, Cap.250ml, SS  29/32,Ht.125mm",Non Volumetric Glassware,2,140.16
15.248.0500AR,"Flask, Evaporating, Florentine, Cap.500ml, SS  24/29,Ht.155mm",Non Volumetric Glassware,2,178.16
15.248.0500R,"Flask, Evaporating, Florentine, Cap.500ml, SS  29/32,Ht.155mm",Non Volumetric Glassware,2,178.16
15.248.1000AR,"Flask, Evaporating, Florentine, Cap.1000ml, SS  24/29,Ht.195mm",Non Volumetric Glassware,2,242.76
15.248.1000R,"Flask, Evaporating, Florentine, Cap.1000ml, SS  29/32,Ht.195mm",Non Volumetric Glassware,2,246.19
15.248.2000R,"Flask, Evaporating, Florentine, Cap.2000ml, SS  29/32,Ht.245mm",Non Volumetric Glassware,2,380.00
15.268.1000,"Flask Reaction, Wide Neck, Cap.1000ml",Non Volumetric Glassware,1,913.93
15.268.2000,"Flask Reaction, Wide Neck, Cap.2000ml",Non Volumetric Glassware,1,1190.09
15.268.3000,"Flask Reaction, Wide Neck, Cap.3000ml",Non Volumetric Glassware,1,1582.05
15.268.5000,"Flask Reaction, Wide Neck, Cap.5000ml",Non Volumetric Glassware,1,2256.33
15.268.9910,"Flask Reaction, Wide Neck, Cap.10000ml",Non Volumetric Glassware,1,3807.76
15.268.9920,"Flask Reaction, Wide Neck, Cap.20000ml",Non Volumetric Glassware,1,8164.41
15.280.3000,"Flask, Culture, Haffkine, Cap.3000*ml, app. OD x Ht.   245 x 280mm",Non Volumetric Glassware,2,1501.50
15.280.4000,"Flask, Culture, Haffkine, Cap.4000ml, app. OD x Ht.   245 x 310mm",Non Volumetric Glassware,2,1701.70
15.277.0005,"Museum, Jars, Rectangular,  Soda Lime Glass With Cover, app. H x L x B 140x215x100mm",Non Volumetric Glassware,1,927.52
15.277.0010,"Museum, Jars, Rectangular,  Soda Lime Glass With Cover, app. H x L x B 210x170x130mm",Non Volumetric Glassware,1,1017.55
15.277.0015,"Museum, Jars, Rectangular,  Soda Lime Glass With Cover, app. H x L x B 220x140x140mm",Non Volumetric Glassware,1,929.52
15.277.0020,"Museum, Jars, Rectangular,  Soda Lime Glass With Cover, app. H x L x B 225x225x125mm",Non Volumetric Glassware,1,1266.47
15.277.0025,"Museum, Jars, Rectangular,  Soda Lime Glass With Cover, app. H x L x B 250x250x150mm",Non Volumetric Glassware,1,1663.91
15.315.0001,"Weighing Scoop, Cap.1ml",Non Volumetric Glassware,10,35.67
15.315.0002,"Weighing Scoop, Cap.2ml",Non Volumetric Glassware,10,35.76
15.315.0003,"Weighing Scoop, Cap.3ml",Non Volumetric Glassware,10,47.50
15.315.0006,"Weighing Scoop, Cap.6ml",Non Volumetric Glassware,10,48.25
15.315.0010,"Weighing Scoop, Cap.10ml",Non Volumetric Glassware,10,60.05
CH13090/1A,"Watch Glass, Soda Lime Glass, Dia.35mm",Non Volumetric Glassware,20,6.49
CH13090/1,"Watch Glass, Soda Lime Glass, Dia.50mm",Non Volumetric Glassware,20,7.56
CH13090/2,"Watch Glass, Soda Lime Glass, Dia.65mm",Non Volumetric Glassware,20,8.82
CH13090/3,"Watch Glass, Soda Lime Glass, Dia.75mm",Non Volumetric Glassware,20,11.93
CH13090/4,"Watch Glass, Soda Lime Glass, Dia.80mm",Non Volumetric Glassware,20,13.01
CH13090/5,"Watch Glass, Soda Lime Glass, Dia.100mm",Non Volumetric Glassware,20,16.69
CH13090/7,"Watch Glass, Soda Lime Glass, Dia.120mm",Non Volumetric Glassware,20,26.69
CH13090/10,"Watch Glass, Soda Lime Glass, Dia.150mm",Non Volumetric Glassware,10,35.36
15.322.1000,"Flask For Dissolution Apparatus, Without Side Cut as per USP, with Certificate, Cap.1000ml, app. OD x Ht. 131 x 173mm",Non Volumetric Glassware,6,540.54
15.322.2000,"Flask For Dissolution Apparatus, Without Side Cut as per USP, with Certificate, Cap.2000ml, app. OD x Ht. 131 x 285mm",Non Volumetric Glassware,2,728.73
15.324.1000,"Flask For Dissolution Apparatus, With Side Cut as per USP, with Certificate, Cap.1000ml, app. OD x Ht. 124 x 173mm",Non Volumetric Glassware,6,546.55
15.324.2000,"Flask For Dissolution Apparatus, With Side Cut as per USP, with Certificate, Cap.2000ml, app. OD x Ht. 131 x 285mm",Non Volumetric Glassware,2,728.73
15.301.0025,"Filter Funnel, Plain, Long Stem, Length-Stem 150mm, Diam.25mm",Non Volumetric Glassware,10,21.21
15.301.0038,"Filter Funnel, Plain, Long Stem, Length-Stem 150mm, Diam.38mm",Non Volumetric Glassware,10,22.02
15.301.0050,"Filter Funnel, Plain, Long Stem, Length-Stem 150mm, Diam.50mm",Non Volumetric Glassware,10,23.02
15.301.0065,"Filter Funnel, Plain, Long Stem, Length-Stem 150mm, Diam.65mm",Non Volumetric Glassware,10,34.42
15.301.0075,"Filter Funnel, Plain, Long Stem, Length-Stem 150mm, Diam.75mm",Non Volumetric Glassware,10,44.64
15.301.0100,"Filter Funnel, Plain, Long Stem, Length-Stem 150mm, Diam.100mm",Non Volumetric Glassware,6,63.06
15.301.0125,"Filter Funnel, Plain, Long Stem, Length-Stem 200mm, Diam.125mm",Non Volumetric Glassware,4,105.63
15.301.0150,"Filter Funnel, Plain, Long Stem, Length-Stem 200mm, Diam.150mm",Non Volumetric Glassware,4,180.18
15.308.0005,"Powder Funnel, Funnel dia. 45mm, CS 14/23",Non Volumetric Glassware,10,59.75
15.308.0010,"Powder Funnel, Funnel dia. 70mm, CS 14/23",Non Volumetric Glassware,10,70.26
15.308.0015,"Powder Funnel, Funnel dia. 70mm, CS 29/32",Non Volumetric Glassware,10,89.44
15.308.0020,"Powder Funnel, Funnel dia. 80mm, CS 29/32",Non Volumetric Glassware,10,99.41
15.308.0025,"Powder Funnel, Funnel dia. 100mm, CS 14/23",Non Volumetric Glassware,6,90.23
15.308.0028,"Powder Funnel, Funnel dia. 100mm, CS 24/29",Non Volumetric Glassware,6,102.78
15.308.0030,"Powder Funnel, Funnel dia. 100mm, CS 29/32",Non Volumetric Glassware,6,111.33
15.308.0035,"Powder Funnel, Funnel dia. 125mm, CS 24/29",Non Volumetric Glassware,4,181.37
15.308.0040,"Powder Funnel, Funnel dia. 150mm, CS 24/29",Non Volumetric Glassware,4,222.00
15.310.0055,"Powder Funnel, Funnel dia. 55",Non Volumetric Glassware,10,42.65
15.310.0080,"Powder Funnel, Funnel dia. 80",Non Volumetric Glassware,10,69.29
15.310.0100,"Powder Funnel, Funnel dia. 100",Non Volumetric Glassware,6,85.27
15.310.0125,"Powder Funnel, Funnel dia. 125",Non Volumetric Glassware,4,128.60
15.310.0150,"Powder Funnel, Funnel dia. 150",Non Volumetric Glassware,4,221.76
15.304.0025,"Filter Funnel, Plain, Short Stem, dia. 25*mm",Non Volumetric Glassware,10,24.71
15.304.0038,"Filter Funnel, Plain, Short Stem, dia. 38*mm",Non Volumetric Glassware,10,26.57
15.304.0050,"Filter Funnel, Plain, Short Stem, dia. 50*mm",Non Volumetric Glassware,10,25.87
15.304.0065,"Filter Funnel, Plain, Short Stem, dia. 65*mm",Non Volumetric Glassware,10,31.23
15.304.0075,"Filter Funnel, Plain, Short Stem, dia. 75mm",Non Volumetric Glassware,10,41.24
15.304.0100,"Filter Funnel, Plain, Short Stem, dia. 100mm",Non Volumetric Glassware,6,57.90
15.304.0125,"Filter Funnel, Plain, Short Stem, dia. 125mm",Non Volumetric Glassware,4,98.42
15.304.0150,"Filter Funnel, Plain, Short Stem, dia. 150mm",Non Volumetric Glassware,4,166.79
17.101.1075,"Test Tube - Borosilicate Glass, With Rim, Cap.3ml, size 75 x 10mm",Non Volumetric Glassware,100,1.92
17.101.1275,"Test Tube - Borosilicate Glass, With Rim, Cap.5ml, size 75 x 12mm",Non Volumetric Glassware,100,2.13
17.101.1210,"Test Tube - Borosilicate Glass, With Rim, Cap.7ml, size 100 x 12mm",Non Volumetric Glassware,100,2.36
17.101.1512,"Test Tube - Borosilicate Glass, With Rim, Cap.13ml, size 125 x 15mm",Non Volumetric Glassware,100,3.54
17.101.1515,"Test Tube - Borosilicate Glass, With Rim, Cap.15ml, size 150 x 15mm",Non Volumetric Glassware,100,4.11
17.101.1815,"Test Tube - Borosilicate Glass, With Rim, Cap.27ml, size 150 x 18mm",Non Volumetric Glassware,100,5.58
17.101.2510,"Test Tube - Borosilicate Glass, With Rim, Cap.38ml, size 100 x 25mm",Non Volumetric Glassware,100,4.87
17.101.2515,"Test Tube - Borosilicate Glass, With Rim, Cap.55ml, size 150 x 25mm",Non Volumetric Glassware,100,7.30
17.101.2520,"Test Tube - Borosilicate Glass, With Rim, Cap.70ml, size 200 x 25mm",Non Volumetric Glassware,100,10.19
17.101.3220,"Test Tube - Borosilicate Glass, With Rim, Cap.100ml, size 200 x 32mm",Non Volumetric Glassware,100,21.73
17.101.3820,"Test Tube - Borosilicate Glass, With Rim, Cap.170ml, size 200 x 38mm",Non Volumetric Glassware,50,100.78
17.104.1075,"Test Tube - Borosilicate Glass, Without Rim, Cap.3ml, size 75 x 10mm",Non Volumetric Glassware,100,1.92
17.104.1275,"Test Tube - Borosilicate Glass, Without Rim, Cap.5ml, size 75 x 12mm",Non Volumetric Glassware,100,2.13
17.104.1210,"Test Tube - Borosilicate Glass, Without Rim, Cap.7ml, size 100 x 12mm",Non Volumetric Glassware,100,2.36
17.104.1512,"Test Tube - Borosilicate Glass, Without Rim, Cap.13ml, size 125 x 15mm",Non Volumetric Glassware,100,3.54
17.104.1515,"Test Tube - Borosilicate Glass, Without Rim, Cap.15ml, size 150 x 15mm",Non Volumetric Glassware,100,4.11
17.104.1815,"Test Tube - Borosilicate Glass, Without Rim, Cap.27ml, size 150 x 18mm",Non Volumetric Glassware,100,5.58
17.104.2510,"Test Tube - Borosilicate Glass, Without Rim, Cap.38ml, size 100 x 25mm",Non Volumetric Glassware,100,4.87
17.104.2515,"Test Tube - Borosilicate Glass, Without Rim, Cap.55ml, size 150 x 25mm",Non Volumetric Glassware,100,7.30
17.104.2520,"Test Tube - Borosilicate Glass, Without Rim, Cap.70ml, size 200 x 25mm",Non Volumetric Glassware,100,10.19
17.104.3220,"Test Tube - Borosilicate Glass, Without Rim, Cap.100ml, size 200 x 32mm",Non Volumetric Glassware,100,21.71
17.104.3820,"Test Tube - Borosilicate Glass, Without Rim, Cap.170ml, size 200 x 38mm",Non Volumetric Glassware,50,50.39
17.106.1075,"Test Tubes, Graduated, Cap.2ml, size 75 x 10mm",Non Volumetric Glassware,10,5.89
17.106.1275,"Test Tubes, Graduated, Cap.3ml, size 75 x 12mm",Non Volumetric Glassware,10,6.09
17.106.1210,"Test Tubes, Graduated, Cap.5ml, size 100 x 12mm",Non Volumetric Glassware,10,7.04
17.106.1512,"Test Tubes, Graduated, Cap.10ml, size 125 x 15mm",Non Volumetric Glassware,10,8.28
17.106.1815,"Test Tubes, Graduated, Cap.20ml, size 150 x 18mm",Non Volumetric Glassware,10,11.53
17.106.2515,"Test Tubes, Graduated, Cap.40ml, size 150 x 25mm",Non Volumetric Glassware,10,13.56
17.106.2520,"Test Tubes, Graduated, Cap.50ml, size 200 x 25mm",Non Volumetric Glassware,10,18.65
17.110.1813,"Tube Flat Bottom With Rim, App. OD x Length18 x 138mm",Non Volumetric Glassware,100,11.88
17.110.1855,"Tube Flat Bottom With Rim, App. OD x Length18 x 55mm",Non Volumetric Glassware,100,11.01
17.110.1411,"Tube Flat Bottom With Rim, App. OD x Length14 x 110mm",Non Volumetric Glassware,100,9.71
17.109.1275,"Tube Flat Bottom Without Rim, App. OD x Length12 x 75mm",Non Volumetric Glassware,100,9.50
17.120.1210,"Test Tube - With Joint & Stopper, Plain, App. Length x dia.100 x 12mm, SS 10/19, Cap.5ml",Non Volumetric Glassware,10,33.19
17.120.1512R,"Test Tube - With Joint & Stopper, Plain, App. Length x dia.125 x 15mm, SS 12/21, Cap.10ml",Non Volumetric Glassware,10,37.04
17.120.1815R,"Test Tube - With Joint & Stopper, Plain, App. Length x dia.150 x 18mm, SS 14/23, Cap.20ml",Non Volumetric Glassware,10,42.86
17.120.2515R,"Test Tube - With Joint & Stopper, Plain, App. Length x dia.150 x 25mm, SS 19/26, Cap.30ml",Non Volumetric Glassware,10,49.25
17.120.2520R,"Test Tube - With Joint & Stopper, Plain, App. Length x dia.200 x 25mm, SS 19/26, Cap.50ml",Non Volumetric Glassware,10,57.36
17.120.3220R,"Test Tube - With Joint & Stopper, Plain, App. Length x dia.200 x 32mm, SS 24/29, Cap.100ml",Non Volumetric Glassware,10,69.63
17.120.3820,"Test Tube - With Joint & Stopper, Plain, App. Length x dia.200 x 38mm, SS 24/29, Cap.150ml",Non Volumetric Glassware,10,89.94
17.124.0005,"Test Tube - With Joint & Stopper, Graduated, App. Size 100 x 12mm, SS 10/19, Cap.5ml",Non Volumetric Glassware,10,36.04
17.124.0010R,"Test Tube - With Joint & Stopper, Graduated, App. Size 125 x 16mm, SS 12/21, Cap.10ml",Non Volumetric Glassware,10,38.75
17.124.0012R,"Test Tube - With Joint & Stopper, Graduated, App. Size 150 x 16mm, SS 12/21, Cap.15ml",Non Volumetric Glassware,10,30.43
17.124.0013R,"Test Tube - With Joint & Stopper, Graduated, App. Size 150 x 18mm, SS 14/23, Cap.20ml",Non Volumetric Glassware,10,46.49
17.124.0015R,"Test Tube - With Joint & Stopper, Graduated, App. Size 150 x 22mm, SS 19/26, Cap.25ml",Non Volumetric Glassware,10,52.72
17.124.0020R,"Test Tube - With Joint & Stopper, Graduated, App. Size 200 x 25mm, SS 19/26, Cap.50ml",Non Volumetric Glassware,10,63.10
17.124.0035R,"Test Tube - With Joint & Stopper, Graduated, App. Size 200 x 32mm, SS 24/29, Cap.100ml",Non Volumetric Glassware,10,76.92
17.122.1638,"Culture Tubes, Flat Bottom Clear, Cap.3ml, app. Size 16 x 38mm",Non Volumetric Glassware,100,12.64
17.122.1655,"Culture Tubes, Flat Bottom Clear, Cap.5ml, app. Size 16 x 55mm",Non Volumetric Glassware,100,14.74
17.122.2550,"Culture Tubes, Flat Bottom Clear, Cap.10ml, app. Size 25 x 50mm",Non Volumetric Glassware,100,19.03
17.122.2557,"Culture Tubes, Flat Bottom Clear, Cap.15ml, app. Size 25 x 57mm",Non Volumetric Glassware,100,20.25
17.122.2572,"Culture Tubes, Flat Bottom Clear, Cap.20ml, app. Size 25 x 72mm",Non Volumetric Glassware,100,20.85
17.122.2595,"Culture Tubes, Flat Bottom Clear, Cap.30ml, app. Size 25 x 95mm",Non Volumetric Glassware,100,22.35
17.122.2515,"Culture Tubes, Flat Bottom Clear, Cap.50ml, app. Size 25 x 150mm",Non Volumetric Glassware,100,27.15
17.139.1638,"Culture Tubes, Flat Bottom Amber, Cap.3ml, app. Size 16 x 38mm",Non Volumetric Glassware,100,16.16
17.139.1655,"Culture Tubes, Flat Bottom Amber, Cap.5ml, app. Size 16 x 55mm",Non Volumetric Glassware,100,19.84
17.139.2550,"Culture Tubes, Flat Bottom Amber, Cap.10ml, app. Size 25 x 50mm",Non Volumetric Glassware,100,24.39
17.139.2557,"Culture Tubes, Flat Bottom Amber, Cap.15ml, app. Size 25 x 57mm",Non Volumetric Glassware,100,26.13
17.139.2572,"Culture Tubes, Flat Bottom Amber, Cap.20ml, app. Size 25 x 72mm",Non Volumetric Glassware,100,26.97
17.139.2595,"Culture Tubes, Flat Bottom Amber, Cap.30ml, app. Size 25 x 95mm",Non Volumetric Glassware,100,28.89
17.139.2515,"Culture Tubes, Flat Bottom Amber, Cap.50ml, app. Size 25 x 150mm",Non Volumetric Glassware,100,34.93
17.123.1210,"Culture Tubes, Round Bottom, Clear, Cap.5ml, app. Size 12 x 100mm",Non Volumetric Glassware,100,13.18
17.123.1675,"Culture Tubes, Round Bottom, Clear, Cap.5ml, app. Size 16 x 75mm",Non Volumetric Glassware,100,16.21
17.123.1610,"Culture Tubes, Round Bottom, Clear, Cap.10ml, app. Size 16 x 100mm",Non Volumetric Glassware,100,18.91
17.123.1612,"Culture Tubes, Round Bottom, Clear, Cap.15ml, app. Size 16 x 125mm",Non Volumetric Glassware,100,19.84
17.123.1615,"Culture Tubes, Round Bottom, Clear, Cap.20ml, app. Size 16 x 150mm",Non Volumetric Glassware,100,22.56
17.123.1815,"Culture Tubes, Round Bottom, Clear, Cap.25ml, app. Size 18 x 150mm",Non Volumetric Glassware,100,24.26
17.123.1818,"Culture Tubes, Round Bottom, Clear, Cap.30ml, app. Size 18 x 180mm",Non Volumetric Glassware,100,26.98
17.123.2510,"Culture Tubes, Round Bottom, Clear, Cap.25ml, app. Size 25 x 100mm",Non Volumetric Glassware,100,22.36
17.123.2515,"Culture Tubes, Round Bottom, Clear, Cap.50ml, app. Size 25 x 150mm",Non Volumetric Glassware,100,27.16
17.123.2520,"Culture Tubes, Round Bottom, Clear, Cap.60ml, app. Size 25 x 200mm",Non Volumetric Glassware,50,32.57
17.123.3220,"Culture Tubes, Round Bottom, Clear, Cap.100ml, app. Size 32 x 200mm",Non Volumetric Glassware,25,82.03
17.123.3820,"Culture Tubes, Round Bottom, Clear, Cap.150ml, app. Size 38 x 200mm",Non Volumetric Glassware,25,97.71
17.138.1210,"Culture Tubes, Round Bottom, Amber, Cap.5ml, app. Size 12 x 100mm",Non Volumetric Glassware,100,17.39
17.138.1675,"Culture Tubes, Round Bottom, Amber, Cap.5ml, app. Size 16 x 75mm",Non Volumetric Glassware,100,20.36
17.138.1610,"Culture Tubes, Round Bottom, Amber, Cap.10ml, app. Size 16 x 100mm",Non Volumetric Glassware,100,23.70
17.138.1615,"Culture Tubes, Round Bottom, Amber, Cap.20ml, app. Size 16 x 150mm",Non Volumetric Glassware,100,27.56
17.138.1815,"Culture Tubes, Round Bottom, Amber, Cap.25ml, app. Size 18 x 150mm",Non Volumetric Glassware,100,32.16
17.138.1818,"Culture Tubes, Round Bottom, Amber, Cap.30ml, app. Size 18 x 180mm",Non Volumetric Glassware,100,34.69
17.138.2515,"Culture Tubes, Round Bottom, Amber, Cap.50ml, app. Size 25 x 150mm",Non Volumetric Glassware,100,34.96
17.138.2520,"Culture Tubes, Round Bottom, Amber, Cap.60ml, app. Size 25 x 200mm",Non Volumetric Glassware,50,44.42
17.138.3220,"Culture Tubes, Round Bottom, Amber, Cap.100ml, app. Size 32 x 200mm",Non Volumetric Glassware,25,110.91
17.138.3820,"Culture Tubes, Round Bottom, Amber, Cap.150ml, app. Size 38 x 200mm",Non Volumetric Glassware,25,136.27
17.146.0005,"Centrifuge Tube, Conical Bottom, Plain, Cap.3ml, Ht. x OD 76 x 10mm",Non Volumetric Glassware,25,11.36
17.146.0010,"Centrifuge Tube, Conical Bottom, Plain, Cap.5ml, Ht. x OD 100 x 13mm",Non Volumetric Glassware,25,11.17
17.146.0015,"Centrifuge Tube, Conical Bottom, Plain, Cap.10ml, Ht. x OD 110 x 15mm",Non Volumetric Glassware,25,13.79
17.146.0020,"Centrifuge Tube, Conical Bottom, Plain, Cap.12ml, Ht. x OD 110 x 16mm",Non Volumetric Glassware,25,14.91
17.146.0025,"Centrifuge Tube, Conical Bottom, Plain, Cap.15ml, Ht. x OD 120 x 17mm",Non Volumetric Glassware,25,15.15
17.146.0030,"Centrifuge Tube, Conical Bottom, Plain, Cap.25ml, Ht. x OD 125 x 22mm",Non Volumetric Glassware,25,30.06
17.146.0037,"Centrifuge Tube, Conical Bottom, Plain, Cap.50ml, Ht. x OD 135 x 30mm",Non Volumetric Glassware,25,46.70
17.150.0005,"Centrifuge Tube, Conical Bottom, Graduated, Cap.5ml, Ht. x OD 100 x 13mm",Non Volumetric Glassware,30,15.15
17.150.0010,"Centrifuge Tube, Conical Bottom, Graduated, Cap.10ml, Ht. x OD 110 x 15mm",Non Volumetric Glassware,30,17.72
17.150.0015,"Centrifuge Tube, Conical Bottom, Graduated, Cap.15ml, Ht. x OD 120 x 17mm",Non Volumetric Glassware,30,19.17
17.150.0020,"Centrifuge Tube, Conical Bottom, Graduated, Cap.25ml, Ht. x OD 125 x 22mm",Non Volumetric Glassware,20,35.66
17.150.0027,"Centrifuge Tube, Conical Bottom, Graduated, Cap.50ml, Ht. x OD 135 x 30mm",Non Volumetric Glassware,20,55.46
17.154.0010,"Centrifuge Tube, With Screw Cap, Plain, Cap.10ml, Ht. x OD 110 x 15mm",Non Volumetric Glassware,25,24.52
17.154.0015,"Centrifuge Tube, With Screw Cap, Plain, Cap.15ml, Ht. x OD 120 x 17mm",Non Volumetric Glassware,25,27.15
17.154.0020,"Centrifuge Tube, With Screw Cap, Plain, Cap.50ml, Ht. x OD 135 x 30mm",Non Volumetric Glassware,25,65.74
17.158.0010,"Centrifuge Tube, With Screw Cap, Graduated, Cap.10ml, Ht. x OD 110 x 15mm",Non Volumetric Glassware,25,28.77
17.158.0015,"Centrifuge Tube, With Screw Cap, Graduated, Cap.15ml, Ht. x OD 120 x 17mm",Non Volumetric Glassware,25,31.49
17.158.0020,"Centrifuge Tube, With Screw Cap, Graduated, Cap.50ml, Ht. x OD 135 x 30mm",Non Volumetric Glassware,25,74.71
17.166.0010,"Centrifuge Tube, Conical Bottom Graduated, With Interchangeable Stopper, Cap.5ml, Ht. x OD 100 x 13mm",Non Volumetric Glassware,25,43.34
17.166.0015,"Centrifuge Tube, Conical Bottom Graduated, With Interchangeable Stopper, Cap.12ml, Ht. x OD 110 x 16mm",Non Volumetric Glassware,25,50.81
17.166.0020,"Centrifuge Tube, Conical Bottom Graduated, With Interchangeable Stopper, Cap.15ml, Ht. x OD 120 x 17mm",Non Volumetric Glassware,25,59.92
17.166.0025,"Centrifuge Tube, Conical Bottom Graduated, With Interchangeable Stopper, Cap.25ml, Ht. x OD 125 x 22mm",Non Volumetric Glassware,25,79.54
17.166.0030,"Centrifuge Tube, Conical Bottom Graduated, With Interchangeable Stopper, Cap.50ml, Ht. x OD 140 x 30mm",Non Volumetric Glassware,25,104.31
17.172.0025,"Blood Sugar Tubes, Folin Wu, as per I.S. 3740 : 1966, Capacity 25 ml., marked at 4 ml, 12.5 ml and 25 ml, Cap.25ml",Non Volumetric Glassware,20,52.73
17.174.2520,"Tubes, Digestion, Folin-Wu, marked at 35 ml and 50 ml, Size200 x 25mm",Non Volumetric Glassware,20,0.00
17.175.0035,"Impinger, Graduated For Sampling Small Gas Volume As per Standard Specification, Cap.35ml",Non Volumetric Glassware,10,202.37
70.310.0145,"Pipettes, Pasteur, Length 145mm",Non Volumetric Glassware,1000,0.90
70.310.0230,"Pipettes, Pasteur, Length 230mm",Non Volumetric Glassware,1000,0.95
70.312.0005,"Pipettes, Dropping With Capillary Jet, Length 5 cm. with 5 cm. jet",Non Volumetric Glassware,10,10.01
70.312.0008,"Pipettes, Dropping With Capillary Jet, Length 8 cm. with 10 cm. jet",Non Volumetric Glassware,10,12.01
70.314.0150,"Pipettes, Dropper, Length 150mm",Non Volumetric Glassware,10,14.01
70.306.0001,"Tilt Measure, Cap.1ml, Receiver Cap.100ml",Non Volumetric Glassware,2,279.16
70.306.0002,"Tilt Measure, Cap.2ml, Receiver Cap.100ml",Non Volumetric Glassware,2,305.69
70.306.0005,"Tilt Measure, Cap.5ml, Receiver Cap.250ml",Non Volumetric Glassware,2,337.90
70.306.0010,"Tilt Measure, Cap.10ml, Receiver Cap.250ml",Non Volumetric Glassware,2,343.31
70.306.0020,"Tilt Measure, Cap.20ml, Receiver Cap.500ml",Non Volumetric Glassware,2,407.60
70.306.0025,"Tilt Measure, Cap.25ml, Receiver Cap.500ml",Non Volumetric Glassware,2,420.88
16.410.0250,"Moisture Determination Apparatus, Dean & Stark, Receiver Cap.2ml, Flask Cap.250ml",Non Volumetric Glassware,1,697.66
16.410.0500,"Moisture Determination Apparatus, Dean & Stark, Receiver Cap.5ml, Flask Cap.500ml",Non Volumetric Glassware,1,727.98
16.410.1000,"Moisture Determination Apparatus, Dean & Stark, Receiver Cap.10ml, Flask Cap.1000ml",Non Volumetric Glassware,1,795.75
16.410.1000-1,"Moisture Determination Apparatus, Dean & Stark, Receiver Cap.25ml, Flask Cap.1000ml",Non Volumetric Glassware,1,795.75
16.412.0250,"Moisture  Determination  Apparatus,  Dean  &  Stark,  With  NABL Certificate, Receiver Cap.2ml, Flask Cap.250ml",Non Volumetric Glassware,1,1012.67
16.412.0500,"Moisture  Determination  Apparatus,  Dean  &  Stark,  With  NABL Certificate, Receiver Cap.5ml, Flask Cap.500ml",Non Volumetric Glassware,1,1061.21
16.412.1000,"Moisture  Determination  Apparatus,  Dean  &  Stark,  With  NABL Certificate, Receiver Cap.10ml, Flask Cap.1000ml",Non Volumetric Glassware,1,1169.68
16.412.1000-1,"Moisture  Determination  Apparatus,  Dean  &  Stark,  With  NABL Certificate, Receiver Cap.25ml, Flask Cap.1000ml",Non Volumetric Glassware,1,1169.78
16.426.1000,"Essential Oil Determination Apparatus (Clevenger Type), Flask Cap.1000ml",Non Volumetric Glassware,1,1101.10
16.426.2000,"Essential Oil Determination Apparatus (Clevenger Type), Flask Cap.2000ml",Non Volumetric Glassware,1,1301.30
16.426.3000,"Essential Oil Determination Apparatus (Clevenger Type), Flask Cap.3000ml",Non Volumetric Glassware,1,1721.72
16.426.5000,"Essential Oil Determination Apparatus (Clevenger Type), Flask Cap.5000ml",Non Volumetric Glassware,1,2102.10
16.426.9910,"Essential Oil Determination Apparatus (Clevenger Type), Flask Cap.10000ml",Non Volumetric Glassware,1,0.00
16.426.9920,"Essential Oil Determination Apparatus (Clevenger Type), Flask Cap.20000ml",Non Volumetric Glassware,1,0.00
16.428.1000,Clevenger Apparatus,Non Volumetric Glassware,1,950.95
16.430.1000,Clevenger Apparatus,Non Volumetric Glassware,1,950.95
16.458.2000,Distillation Apparatus,Non Volumetric Glassware,1,1042.53
16.460.1000,"Distillation Apparatus, Compact",Non Volumetric Glassware,1,0.00
16.464.0100,"Reflux Assemblies, Flask Cap.100ml, Eff.Cond. length500mm",Non Volumetric Glassware,1,263.25
16.464.0250,"Reflux Assemblies, Flask Cap.250ml, Eff.Cond. length750mm",Non Volumetric Glassware,1,300.44
16.464.0500,"Reflux Assemblies, Flask Cap.500ml, Eff.Cond. length1000mm",Non Volumetric Glassware,1,368.23
16.468.0100,"Reflux Assemblies, Flask Cap.100ml, Eff.Cond. length300mm",Non Volumetric Glassware,1,310.98
16.468.0250,"Reflux Assemblies, Flask Cap.250ml, Eff.Cond. length400mm",Non Volumetric Glassware,1,363.54
16.468.0500,"Reflux Assemblies, Flask Cap.500ml, Eff.Cond. length500mm",Non Volumetric Glassware,1,436.80
16.470.1000,Reflux Assembly,Non Volumetric Glassware,1,511.92
16.432.0500,Macro Kjeldahl Distillation,Non Volumetric Glassware,1,984.34
16.434.0500,Macro Kjeldahl Distillation,Non Volumetric Glassware,1,860.26
16.436.0500,"Distilling Apparatus Ammonia, Flask Cap.500ml",Non Volumetric Glassware,1,697.72
16.438.0500,"Distillation Apparatus, Flask Cap.500ml, Eff.Cond. length200mm",Non Volumetric Glassware,1,519.05
16.440.1000,"Alcohol Distillation Unit, Flask Cap.1000ml, Eff.Cond. length200mm",Non Volumetric Glassware,1,816.34
16.442.0250,"Distillation Apparatus, Flask Cap.250ml, Eff.Cond. length200mm",Non Volumetric Glassware,1,473.10
16.442.0500,"Distillation Apparatus, Flask Cap.500ml, Eff.Cond. length300mm",Non Volumetric Glassware,1,542.86
16.442.1000,"Distillation Apparatus, Flask Cap.1000ml, Eff.Cond. length350mm",Non Volumetric Glassware,1,638.65
16.442.2000,"Distillation Apparatus, Flask Cap.2000ml, Eff.Cond. length400mm",Non Volumetric Glassware,1,877.82
16.444.0500,"Preparation Assembly, Flask Cap.500ml, Eff.Cond. length300mm",Non Volumetric Glassware,1,728.42
16.444.1000,"Preparation Assembly, Flask Cap.1000ml, Eff.Cond. length350mm",Non Volumetric Glassware,1,812.78
16.444.2000,"Preparation Assembly, Flask Cap.2000ml, Eff.Cond. length400mm",Non Volumetric Glassware,1,1043.60
16.446.1000,"Vacuum Distillation, Flask Cap.1000ml, Eff.Cond. length150mm",Non Volumetric Glassware,1,933.81
16.447.0050,Reichert Wollney's Apparatus,Non Volumetric Glassware,1,556.96
16.459.0010,Arsenic Determination Apparatus as per IS,Non Volumetric Glassware,1,111.41
16.462.0010,Arsenic Determination Apparatus as per IP Specs.,Non Volumetric Glassware,1,153.85
16.465.0010,"Arsenic Determination Apparatus, Gutzeit",Non Volumetric Glassware,1,281.18
16.469.0010,Arsenic Determination Apparatus as per USP,Non Volumetric Glassware,1,392.86
16.471.0010,Sulphur Di Oxide Assembly as per USP,Non Volumetric Glassware,1,1101.10
16.448.0300,"R M Value Apparatus, IS 548 (Part-1), Cap.300ml",Non Volumetric Glassware,1,667.67
18.144.0125,"Glass Filter Holder With Silicon Stopper   A, Membrane Dia.25mm, Funnel Cap.15ml, Flask Cap.125ml",Non Volumetric Glassware,1,946.70
18.144.1000,"Glass Filter Holder With Silicon Stopper   A, Membrane Dia.47mm, Funnel Cap.300ml, Flask Cap.1000ml",Non Volumetric Glassware,1,1982.77
18.144.2000,"Glass Filter Holder With Silicon Stopper   A, Membrane Dia.47mm, Funnel Cap.300ml, Flask Cap.2000ml",Non Volumetric Glassware,1,2056.49
18.144.0125-1,"Spares For Glass Filter Holder With Silicon Stopper, Cap.15, Funnel for 25 mm filter holder",Non Volumetric Glassware,1,213.79
18.144.0125-2,"Spares For Glass Filter Holder With Silicon Stopper, Cap.25, Clamp for 25 mm filter holder",Non Volumetric Glassware,1,158.44
18.144.0125-3,"Spares For Glass Filter Holder With Silicon Stopper, Cap.25, Fritted glass base with stopper for 25 mm filter holder",Non Volumetric Glassware,1,858.91
18.144.0125-4,"Spares For Glass Filter Holder With Silicon Stopper, Cap.125, Flask for 25 mm filter holder",Non Volumetric Glassware,1,82.08
18.144.1000-1,"Spares For Glass Filter Holder With Silicon Stopper, Cap.300, Funnel for 47 mm filter holder",Non Volumetric Glassware,1,386.36
18.144.1000-2,"Spares For Glass Filter Holder With Silicon Stopper, Cap.47, Clamp for 47 mm filter holder",Non Volumetric Glassware,1,293.00
18.144.1000-3,"Spares For Glass Filter Holder With Silicon Stopper, Cap.47, Fritted glass base with stopper for 47 mm filter holder",Non Volumetric Glassware,1,722.38
18.144.1000-4,"Spares For Glass Filter Holder With Silicon Stopper, Cap.1000, Flask for 47 mm filter holder",Non Volumetric Glassware,1,581.84
18.144.2000-1,"Spares For Glass Filter Holder With Silicon Stopper, Cap.2000, Flask for 47 mm filter holder",Non Volumetric Glassware,1,497.61
18.147.0500,"All Glass Filter Holder - 47 mm, Filtration Assembly, Membrane Dia.47, Funnel Cap.300ml, Flask Cap.500ml",Non Volumetric Glassware,1,1901.90
18.147.1000,"All Glass Filter Holder - 47 mm, Filtration Assembly, Membrane Dia.47, Funnel Cap.300ml, Flask Cap.1000ml",Non Volumetric Glassware,1,2093.47
18.147.2000,"All Glass Filter Holder - 47 mm, Filtration Assembly, Membrane Dia.47, Funnel Cap.300ml, Flask Cap.2000ml",Non Volumetric Glassware,1,2095.56
18.147.0500-1,"Spares For All Glass Filter Holder - 47 mm, Filtration Assembly, 300 ml, Funnel for 47 mm filter holder",Non Volumetric Glassware,1,386.36
18.147.0500-2,"Spares For All Glass Filter Holder - 47 mm, Filtration Assembly, 47 mm, Clamp for 47 mm filter holder",Non Volumetric Glassware,1,293.00
18.147.0500-3,"Spares For All Glass Filter Holder - 47 mm, Filtration Assembly, 47 mm, Fritted glass base with Joint for 47 mm filter holder",Non Volumetric Glassware,1,833.79
18.147.0500-4,"Spares For All Glass Filter Holder - 47 mm, Filtration Assembly, 500 ml, Flask for 47 mm filter holder",Non Volumetric Glassware,1,382.00
18.147.1000-4,"Spares For All Glass Filter Holder - 47 mm, Filtration Assembly, 1000 ml, Flask for 47 mm filter holder",Non Volumetric Glassware,1,581.84
18.147.2000-4,"Spares For All Glass Filter Holder - 47 mm, Filtration Assembly, 2000 ml, Flask for 47 mm filter holder",Non Volumetric Glassware,1,497.61
18.150.1000,"Bottle Filtration Assembly, Cap.1000ml",Non Volumetric Glassware,1,1850.55
18.150.2000,"Bottle Filtration Assembly, Cap.2000ml",Non Volumetric Glassware,1,2002.00
18.150.5000,"Bottle Filtration Assembly, Cap.5000ml",Non Volumetric Glassware,1,3800.00
18.144.1000-6,"Filtration Adapter, Filtering adopter 47 mm",Non Volumetric Glassware,4,345.45
15.401.0030,"Separating Funnel With I/C Polypropylene Stopper, Squibb Shape,Cap.30* ml, NS 14/23, Glass Screw Cap Stopcock",Non Volumetric Glassware,2,144.69
15.401.0060,"Separating Funnel With I/C Polypropylene Stopper, Squibb Shape,Cap.60* ml, NS 19/26, Glass Screw Cap Stopcock",Non Volumetric Glassware,2,167.16
15.401.0125,"Separating Funnel With I/C Polypropylene Stopper, Squibb Shape,Cap.125* ml, NS 19/26, Glass Screw Cap Stopcock",Non Volumetric Glassware,2,189.81
15.401.0250,"Separating Funnel With I/C Polypropylene Stopper, Squibb Shape,Cap.250 ml, NS 29/32, Glass Screw Cap Stopcock",Non Volumetric Glassware,2,228.97
15.401.0500,"Separating Funnel With I/C Polypropylene Stopper, Squibb Shape,Cap.500 ml, NS 29/32, Glass Screw Cap Stopcock",Non Volumetric Glassware,2,267.52
15.401.1000,"Separating Funnel With I/C Polypropylene Stopper, Squibb Shape,Cap.1000 ml, NS 29/32, Glass Screw Cap Stopcock",Non Volumetric Glassware,1,375.95
15.401.2000,"Separating Funnel With I/C Polypropylene Stopper, Squibb Shape,Cap.2000 ml, NS 29/32, Glass Screw Cap Stopcock",Non Volumetric Glassware,1,570.65
15.403.0030,"Separating Funnel With I/C Polypropylene Stopper, Squibb Shape,Cap.30* ml, NS 14/23, PTFE Needle valve Stopcock",Non Volumetric Glassware,2,128.13
15.403.0060,"Separating Funnel With I/C Polypropylene Stopper, Squibb Shape,Cap.60* ml, NS 19/26, PTFE Needle valve Stopcock",Non Volumetric Glassware,2,132.69
15.403.0125,"Separating Funnel With I/C Polypropylene Stopper, Squibb Shape,Cap.125* ml, NS 19/26, PTFE Needle valve Stopcock",Non Volumetric Glassware,2,154.16
15.403.0250,"Separating Funnel With I/C Polypropylene Stopper, Squibb Shape,Cap.250 ml, NS 29/32, PTFE Needle valve Stopcock",Non Volumetric Glassware,2,193.19
15.403.0500,"Separating Funnel With I/C Polypropylene Stopper, Squibb Shape,Cap.500 ml, NS 29/32, PTFE Needle valve Stopcock",Non Volumetric Glassware,2,231.74
15.403.1000,"Separating Funnel With I/C Polypropylene Stopper, Squibb Shape,Cap.1000 ml, NS 29/32, PTFE Needle valve Stopcock",Non Volumetric Glassware,1,340.16
15.403.2000,"Separating Funnel With I/C Polypropylene Stopper, Squibb Shape,Cap.2000 ml, NS 29/32, PTFE Needle valve Stopcock",Non Volumetric Glassware,1,534.86
15.405.0030,"Separating Funnel With I/C Polypropylene Stopper, Squibb Shape,Cap.30* ml, NS 14/23, PTFE Key Stopcock",Non Volumetric Glassware,2,227.50
15.405.0060,"Separating Funnel With I/C Polypropylene Stopper, Squibb Shape,Cap.60* ml, NS 19/26, PTFE Key Stopcock",Non Volumetric Glassware,2,232.78
15.405.0125,"Separating Funnel With I/C Polypropylene Stopper, Squibb Shape,Cap.125* ml, NS 19/26, PTFE Key Stopcock",Non Volumetric Glassware,2,261.31
15.405.0250,"Separating Funnel With I/C Polypropylene Stopper, Squibb Shape,Cap.250 ml, NS 29/32, PTFE Key Stopcock",Non Volumetric Glassware,2,275.76
15.405.0500,"Separating Funnel With I/C Polypropylene Stopper, Squibb Shape,Cap.500 ml, NS 29/32, PTFE Key Stopcock",Non Volumetric Glassware,2,314.32
15.405.1000,"Separating Funnel With I/C Polypropylene Stopper, Squibb Shape,Cap.1000 ml, NS 29/32, PTFE Key Stopcock",Non Volumetric Glassware,1,458.53
15.405.2000,"Separating Funnel With I/C Polypropylene Stopper, Squibb Shape,Cap.2000 ml, NS 29/32, PTFE Key Stopcock",Non Volumetric Glassware,1,653.23
15.421.0025,"Separating Funnel With I/C Polypropylene Stopper, Globe Shape,Cap.25 ml, NS 14/23, Glass Screw Cap Stopcock",Non Volumetric Glassware,2,159.30
15.421.0050,"Separating Funnel With I/C Polypropylene Stopper, Globe Shape,Cap.50 ml, NS 19/26, Glass Screw Cap Stopcock",Non Volumetric Glassware,2,160.10
15.421.0100,"Separating Funnel With I/C Polypropylene Stopper, Globe Shape,Cap.100 ml, NS 19/26, Glass Screw Cap Stopcock",Non Volumetric Glassware,2,190.36
15.421.0250,"Separating Funnel With I/C Polypropylene Stopper, Globe Shape,Cap.250 ml, NS 29/32, Glass Screw Cap Stopcock",Non Volumetric Glassware,2,229.82
15.421.0500,"Separating Funnel With I/C Polypropylene Stopper, Globe Shape,Cap.500 ml, NS 29/32, Glass Screw Cap Stopcock",Non Volumetric Glassware,2,268.49
15.421.1000,"Separating Funnel With I/C Polypropylene Stopper, Globe Shape,Cap.1000 ml, NS 29/32, Glass Screw Cap Stopcock",Non Volumetric Glassware,1,377.13
15.421.2000,"Separating Funnel With I/C Polypropylene Stopper, Globe Shape,Cap.2000 ml, NS 29/32, Glass Screw Cap Stopcock",Non Volumetric Glassware,1,571.28
15.421.3000,"Separating Funnel With I/C Polypropylene Stopper, Globe Shape,Cap.3000 ml, NS 34/35, Glass Screw Cap Stopcock",Non Volumetric Glassware,1,2249.01
15.421.5000,"Separating Funnel With I/C Polypropylene Stopper, Globe Shape,Cap.5000 ml, NS 34/35, Glass Screw Cap Stopcock",Non Volumetric Glassware,1,2909.78
15.421.9910,"Separating Funnel With I/C Polypropylene Stopper, Globe Shape,Cap.10000 ml, NS 34/35, Glass Screw Cap Stopcock",Non Volumetric Glassware,1,3970.52
15.421.9920,"Separating Funnel With I/C Polypropylene Stopper, Globe Shape,Cap.20000 ml, NS 34/35, Glass Screw Cap Stopcock",Non Volumetric Glassware,1,7599.94
15.423.0025,"Separating Funnel With I/C Polypropylene Stopper, Globe Shape,Cap.25 ml, NS 14/23, PTFE Needle Valve Stopcock",Non Volumetric Glassware,2,132.82
15.423.0050,"Separating Funnel With I/C Polypropylene Stopper, Globe Shape,Cap.50 ml, NS 19/26, PTFE Needle Valve Stopcock",Non Volumetric Glassware,2,133.63
15.423.0100,"Separating Funnel With I/C Polypropylene Stopper, Globe Shape,Cap.100 ml, NS 19/26, PTFE Needle Valve Stopcock",Non Volumetric Glassware,2,154.34
15.423.0250,"Separating Funnel With I/C Polypropylene Stopper, Globe Shape,Cap.250 ml, NS 29/32, PTFE Needle Valve Stopcock",Non Volumetric Glassware,2,193.81
15.423.0500,"Separating Funnel With I/C Polypropylene Stopper, Globe Shape,Cap.500 ml, NS 29/32, PTFE Needle Valve Stopcock",Non Volumetric Glassware,2,232.36
15.423.1000,"Separating Funnel With I/C Polypropylene Stopper, Globe Shape,Cap.1000 ml, NS 29/32, PTFE Needle Valve Stopcock",Non Volumetric Glassware,1,340.91
15.423.2000,"Separating Funnel With I/C Polypropylene Stopper, Globe Shape,Cap.2000 ml, NS 29/32, PTFE Needle Valve Stopcock",Non Volumetric Glassware,1,535.49
15.425.0025,"Separating Funnel With I/C Polypropylene Stopper, Globe Shape,Cap.25 ml, NS 14/23, PTFE Key Stopcock",Non Volumetric Glassware,2,195.38
15.425.0050,"Separating Funnel With I/C Polypropylene Stopper, Globe Shape,Cap.50 ml, NS 19/26, PTFE Key Stopcock",Non Volumetric Glassware,2,233.16
15.425.0100,"Separating Funnel With I/C Polypropylene Stopper, Globe Shape,Cap.100 ml, NS 19/26, PTFE Key Stopcock",Non Volumetric Glassware,2,262.54
15.425.0250,"Separating Funnel With I/C Polypropylene Stopper, Globe Shape,Cap.250 ml, NS 29/32, PTFE Key Stopcock",Non Volumetric Glassware,2,276.62
15.425.0500,"Separating Funnel With I/C Polypropylene Stopper, Globe Shape,Cap.500 ml, NS 29/32, PTFE Key Stopcock",Non Volumetric Glassware,2,315.29
15.425.1000,"Separating Funnel With I/C Polypropylene Stopper, Globe Shape,Cap.1000 ml, NS 29/32, PTFE Key Stopcock",Non Volumetric Glassware,1,459.71
15.425.2000,"Separating Funnel With I/C Polypropylene Stopper, Globe Shape,Cap.2000 ml, NS 29/32, PTFE Key Stopcock",Non Volumetric Glassware,1,653.86
15.448.0002,"Dropping Funnel, Cylindrical With I/C Polypropylene Stopper,Cap.25* ml, NS 14/23, Glass Screw Cap Stopcock",Non Volumetric Glassware,2,132.11
15.448.0005,"Dropping Funnel, Cylindrical With I/C Polypropylene Stopper,Cap.50 ml, NS 14/23, Glass Screw Cap Stopcock",Non Volumetric Glassware,2,138.88
15.448.0015,"Dropping Funnel, Cylindrical With I/C Polypropylene Stopper,Cap.100 ml, NS 14/23, Glass Screw Cap Stopcock",Non Volumetric Glassware,2,159.86
15.448.0020,"Dropping Funnel, Cylindrical With I/C Polypropylene Stopper,Cap.100* ml, NS 29/32, Glass Screw Cap Stopcock",Non Volumetric Glassware,2,166.03
15.448.0025,"Dropping Funnel, Cylindrical With I/C Polypropylene Stopper,Cap.250 ml, NS 29/32, Glass Screw Cap Stopcock",Non Volumetric Glassware,1,195.27
15.448.0030,"Dropping Funnel, Cylindrical With I/C Polypropylene Stopper,Cap.500 ml, NS 29/32, Glass Screw Cap Stopcock",Non Volumetric Glassware,1,235.59
15.448.0035,"Dropping Funnel, Cylindrical With I/C Polypropylene Stopper,Cap.1000 ml, NS 29/32, Glass Screw Cap Stopcock",Non Volumetric Glassware,1,339.37
15.465.0002,"Dropping Funnel, Cylindrical, Graduated With I/C Polypropylene Stopper,Cap.25* ml, NS 14/23, Glass Screw Cap Stopcock",Non Volumetric Glassware,2,134.60
15.465.0005,"Dropping Funnel, Cylindrical, Graduated With I/C Polypropylene Stopper,Cap.50 ml, NS 14/23, Glass Screw Cap Stopcock",Non Volumetric Glassware,2,140.52
15.465.0015,"Dropping Funnel, Cylindrical, Graduated With I/C Polypropylene Stopper,Cap.100 ml, NS 14/23, Glass Screw Cap Stopcock",Non Volumetric Glassware,2,162.13
15.465.0020,"Dropping Funnel, Cylindrical, Graduated With I/C Polypropylene Stopper,Cap.100* ml, NS 29/32, Glass Screw Cap Stopcock",Non Volumetric Glassware,2,168.30
15.465.0025,"Dropping Funnel, Cylindrical, Graduated With I/C Polypropylene Stopper,Cap.250 ml, NS 29/32, Glass Screw Cap Stopcock",Non Volumetric Glassware,1,197.54
15.465.0030,"Dropping Funnel, Cylindrical, Graduated With I/C Polypropylene Stopper,Cap.500 ml, NS 29/32, Glass Screw Cap Stopcock",Non Volumetric Glassware,1,237.52
15.465.0035,"Dropping Funnel, Cylindrical, Graduated With I/C Polypropylene Stopper,Cap.1000 ml, NS 29/32, Glass Screw Cap Stopcock",Non Volumetric Glassware,1,342.25
15.468.0002,"Dropping Funnel, Cylindrical, Graduated With I/C Polypropylene Stopper,Cap.25* ml, NS 14/23, PTFE Needle Valve Stopcock",Non Volumetric Glassware,2,98.82
15.468.0005,"Dropping Funnel, Cylindrical, Graduated With I/C Polypropylene Stopper,Cap.50 ml, NS 14/23, PTFE Needle Valve Stopcock",Non Volumetric Glassware,2,104.73
15.468.0015,"Dropping Funnel, Cylindrical, Graduated With I/C Polypropylene Stopper,Cap.100 ml, NS 14/23, PTFE Needle Valve Stopcock",Non Volumetric Glassware,2,126.34
15.468.0020,"Dropping Funnel, Cylindrical, Graduated With I/C Polypropylene Stopper,Cap.100* ml, NS 29/32, PTFE Needle Valve Stopcock",Non Volumetric Glassware,2,132.51
15.468.0025,"Dropping Funnel, Cylindrical, Graduated With I/C Polypropylene Stopper,Cap.250 ml, NS 29/32, PTFE Needle Valve Stopcock",Non Volumetric Glassware,1,161.75
15.468.0030,"Dropping Funnel, Cylindrical, Graduated With I/C Polypropylene Stopper,Cap.500 ml, NS 29/32, PTFE Needle Valve Stopcock",Non Volumetric Glassware,1,201.73
15.468.0035,"Dropping Funnel, Cylindrical, Graduated With I/C Polypropylene Stopper,Cap.1000 ml, NS 29/32, PTFE Needle Valve Stopcock",Non Volumetric Glassware,1,306.47
15.472.0005,"Dropping Funnel, Cylindrical, With Stem Inside Cone, Graduated,Cap.50 ml, NS 14/23, Glass stopcock Stopcock",Non Volumetric Glassware,2,168.23
15.472.0010,"Dropping Funnel, Cylindrical, With Stem Inside Cone, Graduated,Cap.50* ml, NS 29/32, Glass stopcock Stopcock",Non Volumetric Glassware,2,231.38
15.472.0015,"Dropping Funnel, Cylindrical, With Stem Inside Cone, Graduated,Cap.100 ml, NS 14/23, Glass stopcock Stopcock",Non Volumetric Glassware,2,189.21
15.472.0020,"Dropping Funnel, Cylindrical, With Stem Inside Cone, Graduated,Cap.100* ml, NS 29/32, Glass stopcock Stopcock",Non Volumetric Glassware,2,245.49
15.472.0025,"Dropping Funnel, Cylindrical, With Stem Inside Cone, Graduated,Cap.250 ml, NS 29/32, Glass stopcock Stopcock",Non Volumetric Glassware,1,274.71
15.472.0030,"Dropping Funnel, Cylindrical, With Stem Inside Cone, Graduated,Cap.500 ml, NS 29/32, Glass stopcock Stopcock",Non Volumetric Glassware,1,316.70
15.472.0035,"Dropping Funnel, Cylindrical, With Stem Inside Cone, Graduated,Cap.1000 ml, NS 29/32, Glass stopcock Stopcock",Non Volumetric Glassware,1,426.17
15.474.0005,"Dropping Funnel, Cylindrical, With Stem Inside Cone, Graduated,Cap.50* ml, NS 14/23, PTFE Key Stopcock",Non Volumetric Glassware,2,201.26
15.474.0010,"Dropping Funnel, Cylindrical, With Stem Inside Cone, Graduated,Cap.50 ml, NS 29/32, PTFE Key Stopcock",Non Volumetric Glassware,2,298.63
15.474.0015,"Dropping Funnel, Cylindrical, With Stem Inside Cone, Graduated,Cap.100* ml, NS 14/23, PTFE Key Stopcock",Non Volumetric Glassware,2,259.48
15.474.0020,"Dropping Funnel, Cylindrical, With Stem Inside Cone, Graduated,Cap.100 ml, NS 29/32, PTFE Key Stopcock",Non Volumetric Glassware,2,311.64
15.474.0025,"Dropping Funnel, Cylindrical, With Stem Inside Cone, Graduated,Cap.250 ml, NS 29/32, PTFE Key Stopcock",Non Volumetric Glassware,1,357.30
15.474.0030,"Dropping Funnel, Cylindrical, With Stem Inside Cone, Graduated,Cap.500 ml, NS 29/32, PTFE Key Stopcock",Non Volumetric Glassware,1,399.28
15.474.0035,"Dropping Funnel, Cylindrical, With Stem Inside Cone, Graduated,Cap.1000 ml, NS 29/32, PTFE Key Stopcock",Non Volumetric Glassware,1,508.75
15.480.0005,"Pressure Equalizing Funnel, Cylindrical, With Polypropylene Stopper, Stem With Cone,Cap.50 ml, SS 14/23, CS14/23, Glass Screw Cap",Non Volumetric Glassware,2,182.48
15.480.0010,"Pressure Equalizing Funnel, Cylindrical, With Polypropylene Stopper, Stem With Cone,Cap.50 ml, SS 29/32, CS29/32, Glass Screw Cap",Non Volumetric Glassware,2,245.63
15.480.0015,"Pressure Equalizing Funnel, Cylindrical, With Polypropylene Stopper, Stem With Cone,Cap.100 ml, SS 14/23, CS14/23, Glass Screw Cap",Non Volumetric Glassware,2,198.54
15.480.0020,"Pressure Equalizing Funnel, Cylindrical, With Polypropylene Stopper, Stem With Cone,Cap.100 ml, SS 29/32, CS29/32, Glass Screw Cap",Non Volumetric Glassware,2,258.80
15.480.0025,"Pressure Equalizing Funnel, Cylindrical, With Polypropylene Stopper, Stem With Cone,Cap.250 ml, SS 29/32, CS29/32, Glass Screw Cap",Non Volumetric Glassware,1,287.70
15.480.0030,"Pressure Equalizing Funnel, Cylindrical, With Polypropylene Stopper, Stem With Cone,Cap.500 ml, SS 29/32, CS29/32, Glass Screw Cap",Non Volumetric Glassware,1,345.65
15.482.0005,"Pressure Equalizing Funnel, Cylindrical, With Polypropylene Stopper, Stem With Cone,Cap.50 ml, SS 14/23, CS14/23, PTFE Key",Non Volumetric Glassware,2,215.51
15.482.0010,"Pressure Equalizing Funnel, Cylindrical, With Polypropylene Stopper, Stem With Cone,Cap.50 ml, SS 29/32, CS29/32, PTFE Key",Non Volumetric Glassware,2,317.68
15.482.0015,"Pressure Equalizing Funnel, Cylindrical, With Polypropylene Stopper, Stem With Cone,Cap.100 ml, SS 14/23, CS14/23, PTFE Key",Non Volumetric Glassware,2,275.05
15.482.0020,"Pressure Equalizing Funnel, Cylindrical, With Polypropylene Stopper, Stem With Cone,Cap.100 ml, SS 29/32, CS29/32, PTFE Key",Non Volumetric Glassware,2,331.20
15.482.0025,"Pressure Equalizing Funnel, Cylindrical, With Polypropylene Stopper, Stem With Cone,Cap.250 ml, SS 29/32, CS29/32, PTFE Key",Non Volumetric Glassware,1,370.28
15.482.0030,"Pressure Equalizing Funnel, Cylindrical, With Polypropylene Stopper, Stem With Cone,Cap.500 ml, SS 29/32, CS29/32, PTFE Key",Non Volumetric Glassware,1,428.23
15.485.0050,"Pressure Equalizing Funnel, Pear Shape, Glass Stopcock and Stem With Cone,Cap.50 ml, SS 14/23, CS14/23",Non Volumetric Glassware,1,232.53
15.485.0100,"Pressure Equalizing Funnel, Pear Shape, Glass Stopcock and Stem With Cone,Cap.100 ml, SS 14/23, CS14/23",Non Volumetric Glassware,1,287.21
15.485.0250,"Pressure Equalizing Funnel, Pear Shape, Glass Stopcock and Stem With Cone,Cap.250 ml, SS 29/32, CS29/32",Non Volumetric Glassware,1,336.37
15.485.0250B,"Pressure Equalizing Funnel, Pear Shape, Glass Stopcock and Stem With Cone,Cap.250 ml, SS 24/29, CS24/29",Non Volumetric Glassware,1,336.34
15.485.0500,"Pressure Equalizing Funnel, Pear Shape, Glass Stopcock and Stem With Cone,Cap.500 ml, SS 29/32, CS29/32",Non Volumetric Glassware,1,387.40
15.485.0500B,"Pressure Equalizing Funnel, Pear Shape, Glass Stopcock and Stem With Cone,Cap.500 ml, SS 24/29, CS24/29",Non Volumetric Glassware,1,387.39
19.101.0160,"Desiccator, With Cover, Neutral Glass With Porcelain Plate,Dia.160",Non Volumetric Glassware,1,831.73
19.101.0210,"Desiccator, With Cover, Neutral Glass With Porcelain Plate,Dia.210",Non Volumetric Glassware,1,1309.80
19.101.0250,"Desiccator, With Cover, Neutral Glass With Porcelain Plate,Dia.250",Non Volumetric Glassware,1,1938.41
19.101.0300,"Desiccator, With Cover, Neutral Glass With Porcelain Plate,Dia.300",Non Volumetric Glassware,1,2764.70
19.104.0160,"Desiccator, Vacuum Neutral Glass With Porcelain Plate,Dia.160",Non Volumetric Glassware,1,1432.75
19.104.0210,"Desiccator, Vacuum Neutral Glass With Porcelain Plate,Dia.210",Non Volumetric Glassware,1,2563.43
19.104.0250,"Desiccator, Vacuum Neutral Glass With Porcelain Plate,Dia.250",Non Volumetric Glassware,1,2605.78
19.104.0300,"Desiccator, Vacuum Neutral Glass With Porcelain Plate,Dia.300",Non Volumetric Glassware,1,3393.31
19.105.0040,"Dish, Crystallizing, Without Spout, OD 40, Ht.25",Non Volumetric Glassware,4,32.60
19.105.0050,"Dish, Crystallizing, Without Spout, OD 50, Ht.30",Non Volumetric Glassware,4,47.70
19.105.0060,"Dish, Crystallizing, Without Spout, OD 60, Ht.35",Non Volumetric Glassware,4,47.85
19.105.0070,"Dish, Crystallizing, Without Spout, OD 70, Ht.40",Non Volumetric Glassware,4,53.08
19.105.0080,"Dish, Crystallizing, Without Spout, OD 80, Ht.45",Non Volumetric Glassware,4,80.23
19.105.0100,"Dish, Crystallizing, Without Spout, OD 100, Ht.50",Non Volumetric Glassware,4,116.61
19.105.0150,"Dish, Crystallizing, Without Spout, OD 150, Ht.75",Non Volumetric Glassware,1,231.79
19.105.0190,"Dish, Crystallizing, Without Spout, OD 190, Ht.100",Non Volumetric Glassware,1,381.56
19.108.0040,"Dish, Crystallizing, With Spout, OD 40, Ht.25",Non Volumetric Glassware,4,33.02
19.108.0050,"Dish, Crystallizing, With Spout, OD 50, Ht.30",Non Volumetric Glassware,4,44.83
19.108.0060,"Dish, Crystallizing, With Spout, OD 60, Ht.35",Non Volumetric Glassware,4,49.72
19.108.0070,"Dish, Crystallizing, With Spout, OD 70, Ht.40",Non Volumetric Glassware,4,52.51
19.108.0080,"Dish, Crystallizing, With Spout, OD 80, Ht.45",Non Volumetric Glassware,4,71.84
19.108.0100,"Dish, Crystallizing, With Spout, OD 100, Ht.50",Non Volumetric Glassware,4,115.75
19.108.0150,"Dish, Crystallizing, With Spout, OD 150, Ht.75",Non Volumetric Glassware,1,229.68
19.108.0190,"Dish, Crystallizing, With Spout, OD 190, Ht.100",Non Volumetric Glassware,1,390.53
19.109.0010,"Dishes Evaporating, Flat Bottom, With Spout, Made of 3.3 Borosilicate Glass High Resistance to Thermal Shock and Chemical Attack, OD x Ht.  80 x 45",Non Volumetric Glassware,10,74.45
19.109.0020,"Dishes Evaporating, Flat Bottom, With Spout, Made of 3.3 Borosilicate Glass High Resistance to Thermal Shock and Chemical Attack, OD x Ht.  105 x 55",Non Volumetric Glassware,10,139.37
19.109.0030,"Dishes Evaporating, Flat Bottom, With Spout, Made of 3.3 Borosilicate Glass High Resistance to Thermal Shock and Chemical Attack, OD x Ht.  150 x 80",Non Volumetric Glassware,10,382.23
19.109.0040,"Dishes Evaporating, Flat Bottom, With Spout, Made of 3.3 Borosilicate Glass High Resistance to Thermal Shock and Chemical Attack, OD x Ht.  200 x 100",Non Volumetric Glassware,5,556.62
19.111.0050D,"Amber Color Petri Dishes, Boro3.3 Glass, D x H  50x17, Top ID x H  52x15, Bottom OD x H  50x17",Non Volumetric Glassware,10,129.78
19.111.0075,"Amber Color Petri Dishes, Boro3.3 Glass, D x H  75x17, Top ID x H  78x15, Bottom OD x H  75x17",Non Volumetric Glassware,10,149.80
19.111.0080D,"Amber Color Petri Dishes, Boro3.3 Glass, D x H  80x17, Top ID x H  83x15, Bottom OD x H  80x17",Non Volumetric Glassware,10,161.10
19.111.0100D,"Amber Color Petri Dishes, Boro3.3 Glass, D x H  100x17, Top ID x H  103x15, Bottom OD x H  100x17",Non Volumetric Glassware,10,183.42
19.112.0050D,"Petri Dish, Complete With Cover Boro 3.3 Glass, D x H  50x17, Top ID x H  52x15, Bottom OD x H  50x17",Non Volumetric Glassware,10,42.77
19.112.0075,"Petri Dish, Complete With Cover Boro 3.3 Glass, D x H  75x17, Top ID x H  78x15, Bottom OD x H  75x17",Non Volumetric Glassware,10,55.58
19.112.0080D,"Petri Dish, Complete With Cover Boro 3.3 Glass, D x H  80x17, Top ID x H  83x15, Bottom OD x H  80x17",Non Volumetric Glassware,10,57.87
19.112.0100D,"Petri Dish, Complete With Cover Boro 3.3 Glass, D x H  100x17, Top ID x H  103x15, Bottom OD x H  100x17",Non Volumetric Glassware,10,63.60
19.112.0150D,"Petri Dish, Complete With Cover Boro 3.3 Glass, D x H  150x20, Top ID x H  153x17, Bottom OD x H  150x20",Non Volumetric Glassware,10,188.27
19.112.0200D,"Petri Dish, Complete With Cover Boro 3.3 Glass, D x H  200x20, Top ID x H  203x17, Bottom OD x H  200x20",Non Volumetric Glassware,10,609.79
19.114.0005,"Glass Spreader, Spreader L Shape",Non Volumetric Glassware,10,15.92
19.114.0015,"Glass Spreader, Spreader Lower Portion at angle",Non Volumetric Glassware,10,19.10
19.114.0025,"Glass Spreader, Spreader Triangular 50mm",Non Volumetric Glassware,10,26.53
12.160.0250,"Gas Generator, Kipp's With Ground Glass Joints - Complete With Delivery Tube, Thistle Funnel And Glass Stopcock,Cap.250",Non Volumetric Glassware,1,0.00
12.160.0500,"Gas Generator, Kipp's With Ground Glass Joints - Complete With Delivery Tube, Thistle Funnel And Glass Stopcock,Cap.500",Non Volumetric Glassware,1,0.00
12.160.1000,"Gas Generator, Kipp's With Ground Glass Joints - Complete With Delivery Tube, Thistle Funnel And Glass Stopcock,Cap.1000",Non Volumetric Glassware,1,0.00
18.101.0005,"Crucible, Gooch Type With Sintered Disc of Porosity Grade 1 or 2 or 3 or 4, Cap.15 ml, Disc dia.20mm, Grade 1",Non Volumetric Glassware,10,34.23
18.101.0010,"Crucible, Gooch Type With Sintered Disc of Porosity Grade 1 or 2 or 3 or 4, Cap.30 ml, Disc dia.30mm, Grade 1",Non Volumetric Glassware,10,40.93
18.101.0015,"Crucible, Gooch Type With Sintered Disc of Porosity Grade 1 or 2 or 3 or 4, Cap.50 ml, Disc dia.40mm, Grade 1",Non Volumetric Glassware,10,72.45
18.101.0020,"Crucible, Gooch Type With Sintered Disc of Porosity Grade 1 or 2 or 3 or 4, Cap.15 ml, Disc dia.20mm, Grade 2",Non Volumetric Glassware,10,34.23
18.101.0025,"Crucible, Gooch Type With Sintered Disc of Porosity Grade 1 or 2 or 3 or 4, Cap.30 ml, Disc dia.30mm, Grade 2",Non Volumetric Glassware,10,40.93
18.101.0030,"Crucible, Gooch Type With Sintered Disc of Porosity Grade 1 or 2 or 3 or 4, Cap.50 ml, Disc dia.40mm, Grade 2",Non Volumetric Glassware,10,93.77
18.101.0035,"Crucible, Gooch Type With Sintered Disc of Porosity Grade 1 or 2 or 3 or 4, Cap.15 ml, Disc dia.20mm, Grade 3",Non Volumetric Glassware,10,34.23
18.101.0040,"Crucible, Gooch Type With Sintered Disc of Porosity Grade 1 or 2 or 3 or 4, Cap.30 ml, Disc dia.30mm, Grade 3",Non Volumetric Glassware,10,40.93
18.101.0045,"Crucible, Gooch Type With Sintered Disc of Porosity Grade 1 or 2 or 3 or 4, Cap.50 ml, Disc dia.40mm, Grade 3",Non Volumetric Glassware,10,72.45
18.101.0050,"Crucible, Gooch Type With Sintered Disc of Porosity Grade 1 or 2 or 3 or 4, Cap.15 ml, Disc dia.20mm, Grade 4",Non Volumetric Glassware,10,34.23
18.101.0055,"Crucible, Gooch Type With Sintered Disc of Porosity Grade 1 or 2 or 3 or 4, Cap.30 ml, Disc dia.30mm, Grade 4",Non Volumetric Glassware,10,40.93
18.101.0060,"Crucible, Gooch Type With Sintered Disc of Porosity Grade 1 or 2 or 3 or 4, Cap.50 ml, Disc dia.40mm, Grade 4",Non Volumetric Glassware,10,72.45
18.104.0005,"Buchner Funnel With Sintered Disc of Porosity Grade 1 or 2 or 3 or 4, Cap.35 ml, Disc dia.30mm, Grade 1",Non Volumetric Glassware,2,72.44
18.104.0010,"Buchner Funnel With Sintered Disc of Porosity Grade 1 or 2 or 3 or 4, Cap.80 ml, Disc dia.40mm, Grade 1",Non Volumetric Glassware,2,121.14
18.104.0020,"Buchner Funnel With Sintered Disc of Porosity Grade 1 or 2 or 3 or 4, Cap.200 ml, Disc dia.65mm, Grade 1",Non Volumetric Glassware,1,263.87
18.104.0025,"Buchner Funnel With Sintered Disc of Porosity Grade 1 or 2 or 3 or 4, Cap.500 ml, Disc dia.90mm, Grade 1",Non Volumetric Glassware,1,499.64
18.104.0030,"Buchner Funnel With Sintered Disc of Porosity Grade 1 or 2 or 3 or 4, Cap.1000 ml, Disc dia.120mm, Grade 1",Non Volumetric Glassware,1,1507.30
18.104.0040,"Buchner Funnel With Sintered Disc of Porosity Grade 1 or 2 or 3 or 4, Cap.35 ml, Disc dia.30mm, Grade 2",Non Volumetric Glassware,2,72.44
18.104.0045,"Buchner Funnel With Sintered Disc of Porosity Grade 1 or 2 or 3 or 4, Cap.80 ml, Disc dia.40mm, Grade 2",Non Volumetric Glassware,2,121.14
18.104.0055,"Buchner Funnel With Sintered Disc of Porosity Grade 1 or 2 or 3 or 4, Cap.200 ml, Disc dia.65mm, Grade 2",Non Volumetric Glassware,1,263.87
18.104.0060,"Buchner Funnel With Sintered Disc of Porosity Grade 1 or 2 or 3 or 4, Cap.500 ml, Disc dia.90mm, Grade 2",Non Volumetric Glassware,1,499.64
18.104.0065,"Buchner Funnel With Sintered Disc of Porosity Grade 1 or 2 or 3 or 4, Cap.1000 ml, Disc dia.120mm, Grade 2",Non Volumetric Glassware,1,1507.30
18.104.0075,"Buchner Funnel With Sintered Disc of Porosity Grade 1 or 2 or 3 or 4, Cap.35 ml, Disc dia.30mm, Grade 3",Non Volumetric Glassware,2,72.44
18.104.0080,"Buchner Funnel With Sintered Disc of Porosity Grade 1 or 2 or 3 or 4, Cap.80 ml, Disc dia.40mm, Grade 3",Non Volumetric Glassware,2,121.14
18.104.0090,"Buchner Funnel With Sintered Disc of Porosity Grade 1 or 2 or 3 or 4, Cap.200 ml, Disc dia.65mm, Grade 3",Non Volumetric Glassware,1,263.87
18.104.0095,"Buchner Funnel With Sintered Disc of Porosity Grade 1 or 2 or 3 or 4, Cap.500 ml, Disc dia.90mm, Grade 3",Non Volumetric Glassware,1,499.64
18.104.0100,"Buchner Funnel With Sintered Disc of Porosity Grade 1 or 2 or 3 or 4, Cap.1000 ml, Disc dia.120mm, Grade 3",Non Volumetric Glassware,1,1507.30
18.104.0110,"Buchner Funnel With Sintered Disc of Porosity Grade 1 or 2 or 3 or 4, Cap.35 ml, Disc dia.30mm, Grade 4",Non Volumetric Glassware,2,75.94
18.104.0115,"Buchner Funnel With Sintered Disc of Porosity Grade 1 or 2 or 3 or 4, Cap.80 ml, Disc dia.40mm, Grade 4",Non Volumetric Glassware,2,124.64
18.104.0125,"Buchner Funnel With Sintered Disc of Porosity Grade 1 or 2 or 3 or 4, Cap.200 ml, Disc dia.65mm, Grade 4",Non Volumetric Glassware,1,275.54
18.104.0130,"Buchner Funnel With Sintered Disc of Porosity Grade 1 or 2 or 3 or 4, Cap.500 ml, Disc dia.90mm, Grade 4",Non Volumetric Glassware,1,517.15
18.104.0135,"Buchner Funnel With Sintered Disc of Porosity Grade 1 or 2 or 3 or 4, Cap.1000 ml, Disc dia.120mm, Grade 4",Non Volumetric Glassware,1,1530.65
18.122.0250,"Filtering Apparatus Complete With Filter Flask,With Socket, Buchner Funnel With Sintered Disc Cone. of Porosity Grade 1 Having Cone, Flask Cap.250 ml, Crucible Cap.80 ml, JS 24/29",Non Volumetric Glassware,1,469.12
18.122.0500,"Filtering Apparatus Complete With Filter Flask,With Socket, Buchner Funnel With Sintered Disc Cone. of Porosity Grade 1 Having Cone, Flask Cap.500 ml, Crucible Cap.200 ml, JS 24/29",Non Volumetric Glassware,1,645.80
18.122.1000,"Filtering Apparatus Complete With Filter Flask,With Socket, Buchner Funnel With Sintered Disc Cone. of Porosity Grade 1 Having Cone, Flask Cap.1000 ml, Crucible Cap.500 ml, JS 29/32",Non Volumetric Glassware,1,970.07
18.122.2000,"Filtering Apparatus Complete With Filter Flask,With Socket, Buchner Funnel With Sintered Disc Cone. of Porosity Grade 1 Having Cone, Flask Cap.2000 ml, Crucible Cap.1000 ml, JS 29/32",Non Volumetric Glassware,1,2046.47
18.108.0005,"Buchner Funnel With Sintered Disc of Porosity Grade 1 or 2 or 3 or 4, Cone on Stem, Cap.35 ml, Disc dia.30mm, CS14/23, Grade 1",Non Volumetric Glassware,2,113.30
18.108.0007,"Buchner Funnel With Sintered Disc of Porosity Grade 1 or 2 or 3 or 4, Cone on Stem, Cap.35 ml, Disc dia.30mm, CS19/26, Grade 1",Non Volumetric Glassware,2,113.30
18.108.0010,"Buchner Funnel With Sintered Disc of Porosity Grade 1 or 2 or 3 or 4, Cone on Stem, Cap.80 ml, Disc dia.40mm, CS14/23, Grade 1",Non Volumetric Glassware,2,179.50
18.108.0012,"Buchner Funnel With Sintered Disc of Porosity Grade 1 or 2 or 3 or 4, Cone on Stem, Cap.80 ml, Disc dia.40mm, CS19/26, Grade 1",Non Volumetric Glassware,2,179.50
18.108.0020,"Buchner Funnel With Sintered Disc of Porosity Grade 1 or 2 or 3 or 4, Cone on Stem, Cap.200 ml, Disc dia.65mm, CS19/26, Grade 1",Non Volumetric Glassware,1,275.54
18.108.0022,"Buchner Funnel With Sintered Disc of Porosity Grade 1 or 2 or 3 or 4, Cone on Stem, Cap.200 ml, Disc dia.65mm, CS24/29, Grade 1",Non Volumetric Glassware,1,275.54
18.108.0025,"Buchner Funnel With Sintered Disc of Porosity Grade 1 or 2 or 3 or 4, Cone on Stem, Cap.500 ml, Disc dia.90mm, CS19/26, Grade 1",Non Volumetric Glassware,1,569.67
18.108.0027,"Buchner Funnel With Sintered Disc of Porosity Grade 1 or 2 or 3 or 4, Cone on Stem, Cap.500 ml, Disc dia.90mm, CS29/32, Grade 1",Non Volumetric Glassware,1,569.67
18.108.0030,"Buchner Funnel With Sintered Disc of Porosity Grade 1 or 2 or 3 or 4, Cone on Stem, Cap.1000 ml, Disc dia.120mm, CS24/29, Grade 1",Non Volumetric Glassware,1,1594.84
18.108.0032,"Buchner Funnel With Sintered Disc of Porosity Grade 1 or 2 or 3 or 4, Cone on Stem, Cap.1000 ml, Disc dia.120mm, CS29/32, Grade 1",Non Volumetric Glassware,1,1594.84
18.108.0035,"Buchner Funnel With Sintered Disc of Porosity Grade 1 or 2 or 3 or 4, Cone on Stem, Cap.35 ml, Disc dia.30mm, CS14/23, Grade 2",Non Volumetric Glassware,2,113.30
18.108.0037,"Buchner Funnel With Sintered Disc of Porosity Grade 1 or 2 or 3 or 4, Cone on Stem, Cap.35 ml, Disc dia.30mm, CS19/26, Grade 2",Non Volumetric Glassware,2,113.30
18.108.0040,"Buchner Funnel With Sintered Disc of Porosity Grade 1 or 2 or 3 or 4, Cone on Stem, Cap.80 ml, Disc dia.40mm, CS14/23, Grade 2",Non Volumetric Glassware,2,179.50
18.108.0042,"Buchner Funnel With Sintered Disc of Porosity Grade 1 or 2 or 3 or 4, Cone on Stem, Cap.80 ml, Disc dia.40mm, CS19/26, Grade 2",Non Volumetric Glassware,2,179.50
18.108.0050,"Buchner Funnel With Sintered Disc of Porosity Grade 1 or 2 or 3 or 4, Cone on Stem, Cap.200 ml, Disc dia.65mm, CS19/26, Grade 2",Non Volumetric Glassware,1,275.54
18.108.0052,"Buchner Funnel With Sintered Disc of Porosity Grade 1 or 2 or 3 or 4, Cone on Stem, Cap.200 ml, Disc dia.65mm, CS24/29, Grade 2",Non Volumetric Glassware,1,275.54
18.108.0055,"Buchner Funnel With Sintered Disc of Porosity Grade 1 or 2 or 3 or 4, Cone on Stem, Cap.500 ml, Disc dia.90mm, CS19/26, Grade 2",Non Volumetric Glassware,1,569.67
18.108.0057,"Buchner Funnel With Sintered Disc of Porosity Grade 1 or 2 or 3 or 4, Cone on Stem, Cap.500 ml, Disc dia.90mm, CS29/32, Grade 2",Non Volumetric Glassware,1,569.67
18.108.0060,"Buchner Funnel With Sintered Disc of Porosity Grade 1 or 2 or 3 or 4, Cone on Stem, Cap.1000 ml, Disc dia.120mm, CS24/29, Grade 2",Non Volumetric Glassware,1,1594.84
18.108.0062,"Buchner Funnel With Sintered Disc of Porosity Grade 1 or 2 or 3 or 4, Cone on Stem, Cap.1000 ml, Disc dia.120mm, CS29/32, Grade 2",Non Volumetric Glassware,1,1594.84
18.108.0065,"Buchner Funnel With Sintered Disc of Porosity Grade 1 or 2 or 3 or 4, Cone on Stem, Cap.35 ml, Disc dia.30mm, CS14/23, Grade 3",Non Volumetric Glassware,2,113.30
18.108.0067,"Buchner Funnel With Sintered Disc of Porosity Grade 1 or 2 or 3 or 4, Cone on Stem, Cap.35 ml, Disc dia.30mm, CS19/26, Grade 3",Non Volumetric Glassware,2,113.30
18.108.0070,"Buchner Funnel With Sintered Disc of Porosity Grade 1 or 2 or 3 or 4, Cone on Stem, Cap.80 ml, Disc dia.40mm, CS14/23, Grade 3",Non Volumetric Glassware,2,179.50
18.108.0072,"Buchner Funnel With Sintered Disc of Porosity Grade 1 or 2 or 3 or 4, Cone on Stem, Cap.80 ml, Disc dia.40mm, CS19/26, Grade 3",Non Volumetric Glassware,2,179.50
18.108.0080,"Buchner Funnel With Sintered Disc of Porosity Grade 1 or 2 or 3 or 4, Cone on Stem, Cap.200 ml, Disc dia.65mm, CS19/26, Grade 3",Non Volumetric Glassware,1,275.54
18.108.0082,"Buchner Funnel With Sintered Disc of Porosity Grade 1 or 2 or 3 or 4, Cone on Stem, Cap.200 ml, Disc dia.65mm, CS24/29, Grade 3",Non Volumetric Glassware,1,275.54
18.108.0085,"Buchner Funnel With Sintered Disc of Porosity Grade 1 or 2 or 3 or 4, Cone on Stem, Cap.500 ml, Disc dia.90mm, CS19/26, Grade 3",Non Volumetric Glassware,1,569.67
18.108.0087,"Buchner Funnel With Sintered Disc of Porosity Grade 1 or 2 or 3 or 4, Cone on Stem, Cap.500 ml, Disc dia.90mm, CS29/32, Grade 3",Non Volumetric Glassware,1,569.67
18.108.0090,"Buchner Funnel With Sintered Disc of Porosity Grade 1 or 2 or 3 or 4, Cone on Stem, Cap.1000 ml, Disc dia.120mm, CS24/29, Grade 3",Non Volumetric Glassware,1,1594.84
18.108.0092,"Buchner Funnel With Sintered Disc of Porosity Grade 1 or 2 or 3 or 4, Cone on Stem, Cap.1000 ml, Disc dia.120mm, CS29/32, Grade 3",Non Volumetric Glassware,1,1594.84
18.108.0095,"Buchner Funnel With Sintered Disc of Porosity Grade 1 or 2 or 3 or 4, Cone on Stem, Cap.35 ml, Disc dia.30mm, CS14/23, Grade 4",Non Volumetric Glassware,2,189.16
18.108.0097,"Buchner Funnel With Sintered Disc of Porosity Grade 1 or 2 or 3 or 4, Cone on Stem, Cap.35 ml, Disc dia.30mm, CS19/26, Grade 4",Non Volumetric Glassware,2,189.16
18.108.0100,"Buchner Funnel With Sintered Disc of Porosity Grade 1 or 2 or 3 or 4, Cone on Stem, Cap.80 ml, Disc dia.40mm, CS14/23, Grade 4",Non Volumetric Glassware,2,226.18
18.108.0102,"Buchner Funnel With Sintered Disc of Porosity Grade 1 or 2 or 3 or 4, Cone on Stem, Cap.80 ml, Disc dia.40mm, CS19/26, Grade 4",Non Volumetric Glassware,2,226.18
18.108.0110,"Buchner Funnel With Sintered Disc of Porosity Grade 1 or 2 or 3 or 4, Cone on Stem, Cap.200 ml, Disc dia.65mm, CS19/26, Grade 4",Non Volumetric Glassware,1,357.24
18.108.0112,"Buchner Funnel With Sintered Disc of Porosity Grade 1 or 2 or 3 or 4, Cone on Stem, Cap.200 ml, Disc dia.65mm, CS24/29, Grade 4",Non Volumetric Glassware,1,357.24
18.108.0115,"Buchner Funnel With Sintered Disc of Porosity Grade 1 or 2 or 3 or 4, Cone on Stem, Cap.500 ml, Disc dia.90mm, CS19/26, Grade 4",Non Volumetric Glassware,1,593.01
18.108.0117,"Buchner Funnel With Sintered Disc of Porosity Grade 1 or 2 or 3 or 4, Cone on Stem, Cap.500 ml, Disc dia.90mm, CS29/32, Grade 4",Non Volumetric Glassware,1,593.01
18.108.0120,"Buchner Funnel With Sintered Disc of Porosity Grade 1 or 2 or 3 or 4, Cone on Stem, Cap.1000 ml, Disc dia.120mm, CS24/29, Grade 4",Non Volumetric Glassware,1,1711.56
18.108.0122,"Buchner Funnel With Sintered Disc of Porosity Grade 1 or 2 or 3 or 4, Cone on Stem, Cap.1000 ml, Disc dia.120mm, CS29/32, Grade 4",Non Volumetric Glassware,1,1711.56
16.101.0005,"Condenser, Air, Eff.Length 200mm, SS 14/23, CS 14/23",Non Volumetric Glassware,1,91.43
16.101.0010,"Condenser, Air, Eff.Length 200mm, SS 19/26, CS 19/26",Non Volumetric Glassware,1,96.11
16.101.0015,"Condenser, Air, Eff.Length 250mm, SS 24/29, CS 24/29",Non Volumetric Glassware,1,113.29
16.101.0020,"Condenser, Air, Eff.Length 400mm, SS 19/26, CS 19/26",Non Volumetric Glassware,1,119.25
16.101.0023,"Condenser, Air, Eff.Length 400mm, SS 24/29, CS 24/29",Non Volumetric Glassware,1,135.14
16.101.0025,"Condenser, Air, Eff.Length 500mm, SS 24/29, CS 24/29",Non Volumetric Glassware,1,148.41
16.101.0030,"Condenser, Air, Eff.Length 500mm, SS 34/35, CS 34/35",Non Volumetric Glassware,1,202.16
16.101.0035,"Condenser, Air, Eff.Length 600mm, SS 19/26, CS 19/26",Non Volumetric Glassware,1,152.87
16.101.0040,"Condenser, Air, Eff.Length 750mm, SS 24/29, CS 24/29",Non Volumetric Glassware,1,196.79
16.101.0045,"Condenser, Air, Eff.Length 750mm, CS 19/26",Non Volumetric Glassware,1,153.21
16.101.0050,"Condenser, Air, Eff.Length 750mm,CS 24/29",Non Volumetric Glassware,1,159.36
16.101.0055,"Condenser, Air, Eff.Length 1000mm,CS 19/26",Non Volumetric Glassware,1,169.48
16.101.0060,"Condenser, Air, Eff.Length 1000mm,CS 24/29",Non Volumetric Glassware,1,176.17
16.104.0035,"Condenser, Liebig, Eff.Length 160mm, SS 14/23, CS 14/23",Non Volumetric Glassware,1,137.15
16.104.0036,"Condenser, Liebig, Eff.Length 200mm, SS 19/15, CS 19/15",Non Volumetric Glassware,1,168.19
16.104.0037,"Condenser, Liebig, Eff.Length 200mm, SS 19/26, CS 19/26",Non Volumetric Glassware,1,161.66
16.104.0038,"Condenser, Liebig, Eff.Length 200mm, SS 24/29, CS 24/29",Non Volumetric Glassware,1,168.19
16.104.0040,"Condenser, Liebig, Eff.Length 250mm, SS 19/26, CS 19/26",Non Volumetric Glassware,1,176.22
16.104.0045,"Condenser, Liebig, Eff.Length 250mm, SS 24/29, CS 24/29",Non Volumetric Glassware,1,182.74
16.104.0050,"Condenser, Liebig, Eff.Length 250mm, SS 29/32, CS 29/32",Non Volumetric Glassware,1,189.27
16.104.0051,"Condenser, Liebig, Eff.Length 300mm, SS 19/15, CS 19/15",Non Volumetric Glassware,1,185.88
16.104.0052,"Condenser, Liebig, Eff.Length 300mm, SS 19/26, CS 19/26",Non Volumetric Glassware,1,185.88
16.104.0055,"Condenser, Liebig, Eff.Length 300mm, SS 24/29, CS 24/29",Non Volumetric Glassware,1,172.82
16.104.0060,"Condenser, Liebig, Eff.Length 300mm, SS 29/32, CS 29/32",Non Volumetric Glassware,1,198.93
16.104.0063,"Condenser, Liebig, Eff.Length 350mm, SS 19/26, CS 19/26",Non Volumetric Glassware,1,218.50
16.104.0067,"Condenser, Liebig, Eff.Length 350mm, SS 24/29, CS 24/29",Non Volumetric Glassware,1,192.40
16.104.0070,"Condenser, Liebig, Eff.Length 350mm, SS 29/32, CS 29/32",Non Volumetric Glassware,1,225.02
16.104.0072,"Condenser, Liebig, Eff.Length 400mm, SS 19/15, CS 19/15",Non Volumetric Glassware,1,227.04
16.104.0075,"Condenser, Liebig, Eff.Length 400mm, SS 19/26, CS 19/26",Non Volumetric Glassware,1,214.00
16.104.0080,"Condenser, Liebig, Eff.Length 400mm, SS 24/29, CS 24/29",Non Volumetric Glassware,1,227.04
16.104.0085,"Condenser, Liebig, Eff.Length 400mm, SS 29/32, CS 29/32",Non Volumetric Glassware,1,240.09
16.104.0090,"Condenser, Liebig, Eff.Length 450mm, SS 19/26, CS 19/26",Non Volumetric Glassware,1,265.54
16.104.0095,"Condenser, Liebig, Eff.Length 450mm, SS 24/29, CS 24/29",Non Volumetric Glassware,1,245.96
16.104.0097,"Condenser, Liebig, Eff.Length 500mm, SS 19/15, CS 19/15",Non Volumetric Glassware,1,270.51
16.104.0100,"Condenser, Liebig, Eff.Length 500mm, SS 24/29, CS 24/29",Non Volumetric Glassware,1,277.04
16.104.0105,"Condenser, Liebig, Eff.Length 500mm, SS 29/32, CS 29/32",Non Volumetric Glassware,1,290.09
16.104.0115,"Condenser, Liebig, Eff.Length 600mm, SS 24/29, CS 24/29",Non Volumetric Glassware,1,316.84
16.104.0120,"Condenser, Liebig, Eff.Length 750mm, SS 24/29, CS 24/29",Non Volumetric Glassware,1,383.02
16.104.0125,"Condenser, Liebig, Eff.Length 500mm, SS 34/35, CS 34/35",Non Volumetric Glassware,1,316.20
16.104.0130,"Condenser, Liebig, Eff.Length 600mm, SS 34/35, CS 34/35",Non Volumetric Glassware,1,355.99
16.104.0140,"Condenser, Liebig, Eff.Length 750mm, SS 34/35, CS 34/35",Non Volumetric Glassware,1,526.59
16.104.0150,"Condenser, Liebig, Eff.Length 900mm, SS 34/35, CS 34/35",Non Volumetric Glassware,1,676.66
16.104.0155,"Condenser, Liebig, Eff.Length 300mm, CS 19/26",Non Volumetric Glassware,1,172.82
16.104.0160,"Condenser, Liebig, Eff.Length 350mm, CS 24/29",Non Volumetric Glassware,1,205.46
16.104.0165,"Condenser, Liebig, Eff.Length 250mm, CS 34/35",Non Volumetric Glassware,1,189.27
16.108.0025,"Condenser, Coil, Graham, Coil Distillate Type, ISO 6052, Eff.Length 160mm, SS 14/23, CS 14/23",Non Volumetric Glassware,1,291.09
16.108.0030,"Condenser, Coil, Graham, Coil Distillate Type, ISO 6052, Eff.Length 200mm, SS 19/26, CS 19/26",Non Volumetric Glassware,1,319.57
16.108.0035,"Condenser, Coil, Graham, Coil Distillate Type, ISO 6052, Eff.Length 250mm, SS 19/26, CS 19/26",Non Volumetric Glassware,1,349.41
16.108.0040,"Condenser, Coil, Graham, Coil Distillate Type, ISO 6052, Eff.Length 250mm, SS 24/29, CS 24/29",Non Volumetric Glassware,1,365.51
16.108.0045,"Condenser, Coil, Graham, Coil Distillate Type, ISO 6052, Eff.Length 300mm, SS 19/26, CS 19/26",Non Volumetric Glassware,1,358.64
16.108.0050,"Condenser, Coil, Graham, Coil Distillate Type, ISO 6052, Eff.Length 300mm, SS 24/29, CS 24/29",Non Volumetric Glassware,1,368.21
16.108.0055,"Condenser, Coil, Graham, Coil Distillate Type, ISO 6052, Eff.Length 400mm, SS 24/29, CS 24/29",Non Volumetric Glassware,1,444.00
16.108.0060,"Condenser, Coil, Graham, Coil Distillate Type, ISO 6052, Eff.Length 500mm, SS 24/29, CS 24/29",Non Volumetric Glassware,1,470.83
16.108.0065,"Condenser, Coil, Graham, Coil Distillate Type, ISO 6052, Eff.Length 500mm, SS 34/35, CS 34/35",Non Volumetric Glassware,1,509.98
16.108.0070,"Condenser, Coil, Graham, Coil Distillate Type, ISO 6052, Eff.Length 600mm, SS 34/35, CS 34/35",Non Volumetric Glassware,1,707.58
16.112.0025,"Condenser, Coil, Graham, Jacket Distillate Type, ISO 4799, Eff.Length 160mm, SS 14/23, CS 14/23",Non Volumetric Glassware,1,254.30
16.112.0028,"Condenser, Coil, Graham, Jacket Distillate Type, ISO 4799, Eff.Length 160mm, SS 29/32, CS 29/32",Non Volumetric Glassware,1,293.45
16.112.0030,"Condenser, Coil, Graham, Jacket Distillate Type, ISO 4799, Eff.Length 200mm, SS 19/26, CS 19/26",Non Volumetric Glassware,1,267.36
16.112.0035,"Condenser, Coil, Graham, Jacket Distillate Type, ISO 4799, Eff.Length 250mm, SS 19/26, CS 19/26",Non Volumetric Glassware,1,299.21
16.112.0040,"Condenser, Coil, Graham, Jacket Distillate Type, ISO 4799, Eff.Length 250mm, SS 24/29, CS 24/29",Non Volumetric Glassware,1,305.74
16.112.0045,"Condenser, Coil, Graham, Jacket Distillate Type, ISO 4799, Eff.Length 300mm, SS 19/26, CS 19/26",Non Volumetric Glassware,1,315.99
16.112.0050,"Condenser, Coil, Graham, Jacket Distillate Type, ISO 4799, Eff.Length 300mm, SS 24/29, CS 24/29",Non Volumetric Glassware,1,322.51
16.112.0052,"Condenser, Coil, Graham, Jacket Distillate Type, ISO 4799, Eff.Length 300mm, SS 29/32, CS 29/32",Non Volumetric Glassware,1,348.92
16.112.0055,"Condenser, Coil, Graham, Jacket Distillate Type, ISO 4799, Eff.Length 400mm, SS 24/29, CS 24/29",Non Volumetric Glassware,1,375.54
16.116.0005,"Condenser, Coil, Reversible, Eff.Length 160mm, CS 19/26 & 24/29",Non Volumetric Glassware,1,306.56
16.116.0010,"Condenser, Coil, Reversible, Eff.Length 160mm, CS 24/29 & 24/29",Non Volumetric Glassware,1,313.08
16.116.0015,"Condenser, Coil, Reversible, Eff.Length 160mm, CS 24/29 & 34/35",Non Volumetric Glassware,1,319.61
16.120.0005,"Condenser, Double Coil, With Common Inlet, Eff.Length 200mm, SS 19/26, CS 19/26",Non Volumetric Glassware,1,689.00
16.120.0010,"Condenser, Double Coil, With Common Inlet, Eff.Length 200mm, SS 24/29, CS 24/29",Non Volumetric Glassware,1,0.00
16.120.0015,"Condenser, Double Coil, With Common Inlet, Eff.Length 350mm, SS 34/35, CS 34/35",Non Volumetric Glassware,1,0.00
16.120.0020,"Condenser, Double Coil, With Common Inlet, Eff.Length 450mm, SS 34/35, CS 34/35",Non Volumetric Glassware,1,0.00
16.120.0025,"Condenser, Double Coil, With Common Inlet, Eff.Length 600mm, SS 34/35, CS 34/35",Non Volumetric Glassware,1,0.00
16.124.0010,"Condenser, Double Surface, Davies, Eff.Length 150mm, SS 19/26, CS 19/26",Non Volumetric Glassware,1,291.45
16.124.0015,"Condenser, Double Surface, Davies, Eff.Length 150mm, SS 24/29, CS 24/29",Non Volumetric Glassware,1,291.45
16.124.0020,"Condenser, Double Surface, Davies, Eff.Length 200mm, SS 19/26, CS 19/26",Non Volumetric Glassware,1,305.73
16.124.0025,"Condenser, Double Surface, Davies, Eff.Length 200mm, SS 24/29, CS 24/29",Non Volumetric Glassware,1,318.78
16.124.0030,"Condenser, Double Surface, Davies, Eff.Length 200mm, SS 29/32, CS 29/32",Non Volumetric Glassware,1,335.75
16.124.0035,"Condenser, Double Surface, Davies, Eff.Length 200mm,CS 19/26",Non Volumetric Glassware,1,305.73
16.124.0040,"Condenser, Double Surface, Davies, Eff.Length 200mm,CS 24/29",Non Volumetric Glassware,1,312.25
16.124.0045,"Condenser, Double Surface, Davies, Eff.Length 200mm,CS 34/35",Non Volumetric Glassware,1,331.83
16.124.0050,"Condenser, Double Surface, Davies, Eff.Length 250mm,CS 19/26",Non Volumetric Glassware,1,320.28
16.124.0055,"Condenser, Double Surface, Davies, Eff.Length 250mm, SS 19/26, CS 19/26",Non Volumetric Glassware,1,320.28
16.124.0060,"Condenser, Double Surface, Davies, Eff.Length 250mm, SS 24/29, CS 24/29",Non Volumetric Glassware,1,326.81
16.124.0065,"Condenser, Double Surface, Davies, Eff.Length 300mm, SS 19/26, CS 19/26",Non Volumetric Glassware,1,331.43
16.124.0070,"Condenser, Double Surface, Davies, Eff.Length 300mm, SS 24/29, CS 24/29",Non Volumetric Glassware,1,337.95
16.124.0075,"Condenser, Double Surface, Davies, Eff.Length 400mm, SS 24/29, CS 24/29",Non Volumetric Glassware,1,398.30
16.124.0080,"Condenser, Double Surface, Davies, Eff.Length 500mm, SS 24/29, CS 24/29",Non Volumetric Glassware,1,455.23
16.124.0085,"Condenser, Double Surface, Davies, Eff.Length 500mm, SS 34/35, CS 34/35",Non Volumetric Glassware,1,494.38
16.124.0090,"Condenser, Double Surface, Davies, Eff.Length 600mm, SS 34/35, CS 34/35",Non Volumetric Glassware,1,536.17
16.128.0005,"Condenser, Jacketed Coil, Double Surface Condenser, Eff.Length 160mm, SS 19/26, CS 19/26",Non Volumetric Glassware,1,367.09
16.128.0010,"Condenser, Jacketed Coil, Double Surface Condenser, Eff.Length 160mm, SS 24/29, CS 24/29",Non Volumetric Glassware,1,372.08
16.128.0012,"Condenser, Jacketed Coil, Double Surface Condenser, Eff.Length 160mm, SS 29/32, CS 29/32",Non Volumetric Glassware,1,385.13
16.128.0015,"Condenser, Jacketed Coil, Double Surface Condenser, Eff.Length 160mm, SS -, CS 34/35",Non Volumetric Glassware,1,391.66
16.128.0020,"Condenser, Jacketed Coil, Double Surface Condenser, Eff.Length 160mm, SS -, CS 40/38",Non Volumetric Glassware,1,411.23
16.128.0025,"Condenser, Jacketed Coil, Double Surface Condenser, Eff.Length 200mm, SS 19/26, CS 19/26",Non Volumetric Glassware,1,390.56
16.128.0030,"Condenser, Jacketed Coil, Double Surface Condenser, Eff.Length 200mm, SS 24/29, CS 24/29",Non Volumetric Glassware,1,403.61
16.128.0035,"Condenser, Jacketed Coil, Double Surface Condenser, Eff.Length 300mm, SS 19/26, CS 19/26",Non Volumetric Glassware,1,481.51
16.128.0040,"Condenser, Jacketed Coil, Double Surface Condenser, Eff.Length 300mm, SS 24/29, CS 24/29",Non Volumetric Glassware,1,488.04
16.128.0045,"Condenser, Jacketed Coil, Double Surface Condenser, Eff.Length 400mm, SS 24/29, CS 24/29",Non Volumetric Glassware,1,587.80
16.128.0050,"Condenser, Jacketed Coil, Double Surface Condenser, Eff.Length 400mm, SS 34/35, CS 34/35",Non Volumetric Glassware,1,626.95
16.128.0055,"Condenser, Jacketed Coil, Double Surface Condenser, Eff.Length 500mm, SS 34/35, CS 34/35",Non Volumetric Glassware,1,729.31
16.132.0010,"Condenser, Inland Revenue, Eff.Length 200mm, SS 19/26, CS 19/26",Non Volumetric Glassware,1,396.65
16.132.0015,"Condenser, Inland Revenue, Eff.Length 200mm, SS 24/29, CS 24/29",Non Volumetric Glassware,1,409.91
16.136.0025,"Condenser, Allihn (Bulb Condenser), Eff.Length 200mm, CS 19/26",Non Volumetric Glassware,1,265.68
16.136.0030,"Condenser, Allihn (Bulb Condenser), Eff.Length 200mm, CS 24/29",Non Volumetric Glassware,1,278.73
16.136.0035,"Condenser, Allihn (Bulb Condenser), Eff.Length 200mm, CS 29/32",Non Volumetric Glassware,1,285.25
16.136.0040,"Condenser, Allihn (Bulb Condenser), Eff.Length 200mm, CS 34/35",Non Volumetric Glassware,1,298.31
16.136.0045,"Condenser, Allihn (Bulb Condenser), Eff.Length 200mm, CS 40/38",Non Volumetric Glassware,1,311.35
16.136.0050,"Condenser, Allihn (Bulb Condenser), Eff.Length 200mm, CS 50/42",Non Volumetric Glassware,1,343.98
16.136.0055,"Condenser, Allihn (Bulb Condenser), Eff.Length 250mm, CS 50/42",Non Volumetric Glassware,1,359.43
16.136.0060,"Condenser, Allihn (Bulb Condenser), Eff.Length 200mm, SS 19/26, CS 19/26",Non Volumetric Glassware,1,285.25
16.136.0065,"Condenser, Allihn (Bulb Condenser), Eff.Length 200mm, SS 24/29, CS 24/29",Non Volumetric Glassware,1,291.78
16.136.0070,"Condenser, Allihn (Bulb Condenser), Eff.Length 300mm, SS 19/26, CS 19/26",Non Volumetric Glassware,1,297.31
16.136.0075,"Condenser, Allihn (Bulb Condenser), Eff.Length 300mm, SS 24/29, CS 24/29",Non Volumetric Glassware,1,303.83
16.136.0080,"Condenser, Allihn (Bulb Condenser), Eff.Length 400mm, SS 24/29, CS 24/29",Non Volumetric Glassware,1,350.62
16.136.0085,"Condenser, Allihn (Bulb Condenser), Eff.Length 500mm, SS 24/29, CS 24/29",Non Volumetric Glassware,1,407.07
16.136.0090,"Condenser, Allihn (Bulb Condenser), Eff.Length 500mm, SS 34/35, CS 34/35",Non Volumetric Glassware,1,446.22
16.136.0095,"Condenser, Allihn (Bulb Condenser), Eff.Length 600mm, SS 34/35, CS 34/35",Non Volumetric Glassware,1,480.98
16.136.0100,"Condenser, Allihn (Bulb Condenser), Eff.Length 750mm, SS 34/35, CS 34/35",Non Volumetric Glassware,1,560.76
16.140.0005,"Condenser, Friedrich, Eff.Length 160mm, SS 19/26, CS 19/26",Non Volumetric Glassware,1,716.85
16.140.0010,"Condenser, Friedrich, Eff.Length 200mm, SS 19/26 or 24/29, CS 24/29",Non Volumetric Glassware,1,788.62
16.140.0015,"Condenser, Friedrich, Eff.Length 250mm, SS 19/26 or 24/29, CS 24/29",Non Volumetric Glassware,1,857.32
16.140.0025,"Condenser, Friedrich, Eff.Length 300mm, SS 24/29, CS 24/29",Non Volumetric Glassware,1,959.92
16.144.0005,"Condenser, Ether, Eff.Length 160mm, SS 19/26, CS 24/29",Non Volumetric Glassware,1,1479.92
16.144.0010,"Condenser, Ether, Eff.Length 200mm, SS 19/26, CS 24/29",Non Volumetric Glassware,1,1605.82
16.144.0015,"Condenser, Ether, Eff.Length 250mm, SS 19/26, CS 24/29",Non Volumetric Glassware,1,1687.79
16.148.0005,"Condenser, Immersion (Cold Finger), Eff.Length100mm, CS 19/26",Non Volumetric Glassware,1,182.22
16.308.0002,"Soxhlet Extraction Apparatus,consist of Flask, Extractor and Condenser, Allihin, Eff.Cap.60ml, Ext.Soc.34/35, Ext.Cone 24/29, Flask Cap.150ml",Non Volumetric Glassware,1,624.32
16.308.0004,"Soxhlet Extraction Apparatus,consist of Flask, Extractor and Condenser, Allihin, Eff.Cap.100ml, Ext.Soc.40/38, Ext.Cone 24/29, Flask Cap.250ml",Non Volumetric Glassware,1,681.01
16.308.0005,"Soxhlet Extraction Apparatus,consist of Flask, Extractor and Condenser, Allihin, Eff.Cap.100ml, Ext.Soc.45/40, Ext.Cone 29/32, Flask Cap.250ml",Non Volumetric Glassware,1,709.98
16.308.0007,"Soxhlet Extraction Apparatus,consist of Flask, Extractor and Condenser, Allihin, Eff.Cap.200ml, Ext.Soc.50/42, Ext.Cone 24/29, Flask Cap.500ml",Non Volumetric Glassware,1,810.88
16.308.0010,"Soxhlet Extraction Apparatus,consist of Flask, Extractor and Condenser, Allihin, Eff.Cap.250ml, Ext.Soc.45/40, Ext.Cone 29/32, Flask Cap.500ml",Non Volumetric Glassware,1,925.04
16.308.0015,"Soxhlet Extraction Apparatus,consist of Flask, Extractor and Condenser, Allihin, Eff.Cap.500ml, Ext.Soc.60/46, Ext.Cone 29/32, Flask Cap.1000ml",Non Volumetric Glassware,1,1529.69
16.308.0020,"Soxhlet Extraction Apparatus,consist of Flask, Extractor and Condenser, Allihin, Eff.Cap.1000ml, Ext.Soc.71/55, Ext.Cone 29/32, Flask Cap.2000ml",Non Volumetric Glassware,1,2328.21
16.308.0025,"Soxhlet Extraction Apparatus,consist of Flask, Extractor and Condenser, Dimroth, Eff.Cap.100ml, Ext.Soc.45/40, Ext.Cone 29/32, Flask Cap.250ml",Non Volumetric Glassware,1,811.36
16.308.0030,"Soxhlet Extraction Apparatus,consist of Flask, Extractor and Condenser, Dimroth, Eff.Cap.250ml, Ext.Soc.45/40, Ext.Cone 29/32, Flask Cap.500ml",Non Volumetric Glassware,1,1069.88
16.308.0035,"Soxhlet Extraction Apparatus,consist of Flask, Extractor and Condenser, Dimroth, Eff.Cap.500ml, Ext.Soc.60/46, Ext.Cone 29/32, Flask Cap.1000ml",Non Volumetric Glassware,1,1660.04
16.308.0040,"Soxhlet Extraction Apparatus,consist of Flask, Extractor and Condenser, Dimroth, Eff.Cap.1000ml, Ext.Soc.71/55, Ext.Cone 29/32, Flask Cap.2000ml",Non Volumetric Glassware,1,2502.01
16.312.0002,"Spare Extractor for Soxhlet Apparatus, Eff.Cap.60ml, SS34/35, CS 24/29",Non Volumetric Glassware,1,258.26
16.312.0004,"Spare Extractor for Soxhlet Apparatus, Eff.Cap.100ml, SS40/38, CS 24/29",Non Volumetric Glassware,1,272.72
16.312.0005,"Spare Extractor for Soxhlet Apparatus, Eff.Cap.100ml, SS45/40, CS 29/32",Non Volumetric Glassware,1,285.99
16.312.0007,"Spare Extractor for Soxhlet Apparatus, Eff.Cap.200ml, SS50/42, CS 24/29",Non Volumetric Glassware,1,317.52
16.312.0010,"Spare Extractor for Soxhlet Apparatus, Eff.Cap.250ml, SS45/40, CS 29/32",Non Volumetric Glassware,1,412.78
16.312.0015,"Spare Extractor for Soxhlet Apparatus, Eff.Cap.500ml, SS60/46, CS 29/32",Non Volumetric Glassware,1,670.38
16.312.0020,"Spare Extractor for Soxhlet Apparatus, Eff.Cap.1000ml, SS71/55, CS 29/32",Non Volumetric Glassware,1,1139.23
16.301.0002,"Spare Condensors for Soxhlet Extraction Apparatus Allihn Condenser, Eff.Cap.60ml, CS 34/35, Eff.Length 300mm",Non Volumetric Glassware,1,280.28
16.301.0004,"Spare Condensors for Soxhlet Extraction Apparatus Allihn Condenser, Eff.Cap.100ml, CS 40/38, Eff.Length 300mm",Non Volumetric Glassware,1,280.28
16.301.0005,"Spare Condensors for Soxhlet Extraction Apparatus Allihn Condenser, Eff.Cap.100ml, CS 45/40, Eff.Length 300mm",Non Volumetric Glassware,1,280.28
16.301.0007,"Spare Condensors for Soxhlet Extraction Apparatus Allihn Condenser, Eff.Cap.200ml, CS 50/42, Eff.Length 400mm",Non Volumetric Glassware,1,350.35
16.301.0010,"Spare Condensors for Soxhlet Extraction Apparatus Allihn Condenser, Eff.Cap.250ml, CS 45/40, Eff.Length 400mm",Non Volumetric Glassware,1,337.00
16.301.0015,"Spare Condensors for Soxhlet Extraction Apparatus Allihn Condenser, Eff.Cap.500ml, CS 60/46, Eff.Length 400mm",Non Volumetric Glassware,1,569.81
16.301.0020,"Spare Condensors for Soxhlet Extraction Apparatus Allihn Condenser, Eff.Cap.1000ml, CS 71/55, Eff.Length 400mm",Non Volumetric Glassware,1,684.79
16.201.0005,"Fractionating Column, Vigreux, Eff.Length 360mm, SS 24/29, CS 24/29",Non Volumetric Glassware,1,327.32
16.201.0010,"Fractionating Column, Vigreux, Eff.Length 600mm, SS 24/29, CS 24/29",Non Volumetric Glassware,1,454.43
16.201.0015,"Fractionating Column, Vigreux, Eff.Length 360mm, SS 29/32, CS 29/32",Non Volumetric Glassware,1,345.92
16.201.0020,"Fractionating Column, Vigreux, Eff.Length 750mm, SS 34/35, CS 34/35",Non Volumetric Glassware,1,790.79
16.204.0005,"Fractionating Column, Dufton, Eff.Length 160mm, SS 19/26, CS 19/26",Non Volumetric Glassware,1,363.56
16.204.0010,"Fractionating Column, Dufton, Eff.Length 300mm, SS 19/26, CS 19/26",Non Volumetric Glassware,1,411.85
16.204.0012,"Fractionating Column, Dufton, Eff.Length 160mm, SS 24/29, CS 19/26",Non Volumetric Glassware,1,370.18
16.204.0014,"Fractionating Column, Dufton, Eff.Length 300mm, SS 24/29, CS 19/26",Non Volumetric Glassware,1,435.44
16.204.0015,"Fractionating Column, Dufton, Eff.Length 160mm, SS 24/29, CS 24/29",Non Volumetric Glassware,1,390.01
16.204.0020,"Fractionating Column, Dufton, Eff.Length 300mm, SS 24/29, CS 24/29",Non Volumetric Glassware,1,461.97
16.208.0005,"Fractionating Column, Plain, Designed For Use With Various Types Of Column Packing, Eff.Length 250mm, SS 24/29, CS 24/29",Non Volumetric Glassware,1,260.61
16.208.0010,"Fractionating Column, Plain, Designed For Use With Various Types Of Column Packing, Eff.Length 500mm, SS 24/29, CS 24/29",Non Volumetric Glassware,1,417.77
16.208.0015,"Fractionating Column, Plain, Designed For Use With Various Types Of Column Packing, Eff.Length 500mm, SS 29/32, CS 29/32",Non Volumetric Glassware,1,435.51
16.208.0020,"Fractionating Column, Plain, Designed For Use With Various Types Of Column Packing, Eff.Length 750mm, SS 24/29, CS 24/29",Non Volumetric Glassware,1,580.37
16.208.0025,"Fractionating Column, Plain, Designed For Use With Various Types Of Column Packing, Eff.Length 250mm, SS 34/35, CS 24/29",Non Volumetric Glassware,1,318.23
16.208.0030,"Fractionating Column, Plain, Designed For Use With Various Types Of Column Packing, Eff.Length 500mm, SS 34/35, CS 24/29",Non Volumetric Glassware,1,542.03
16.208.0035,"Fractionating Column, Plain, Designed For Use With Various Types Of Column Packing, Eff.Length 600mm, SS 34/35, CS 34/35",Non Volumetric Glassware,1,566.20
18.152.0005,"Plain Chromatography Absorption Columns, Eff.Length 20cm, Dia.10mm, Without Stopcock",Non Volumetric Glassware,1,43.29
18.152.0010,"Plain Chromatography Absorption Columns, Eff.Length 30cm, Dia.15mm, Without Stopcock",Non Volumetric Glassware,1,50.69
18.152.0015,"Plain Chromatography Absorption Columns, Eff.Length 50cm, Dia.20mm, Without Stopcock",Non Volumetric Glassware,1,61.51
18.152.0020,"Plain Chromatography Absorption Columns, Eff.Length 60cm, Dia.25mm, Without Stopcock",Non Volumetric Glassware,1,102.38
18.152.0025,"Plain Chromatography Absorption Columns, Eff.Length 60cm, Dia.40mm, Without Stopcock",Non Volumetric Glassware,1,133.61
18.152.0030,"Plain Chromatography Absorption Columns, Eff.Length 100cm, Dia.50mm, Without Stopcock",Non Volumetric Glassware,1,225.44
18.156.0005,"Plain Chromatography Absorption Columns, Eff.Length 20cm, Dia.10mm, Glass Stopcock",Non Volumetric Glassware,1,112.75
18.156.0010,"Plain Chromatography Absorption Columns, Eff.Length 30cm, Dia.15mm, Glass Stopcock",Non Volumetric Glassware,1,120.15
18.156.0015,"Plain Chromatography Absorption Columns, Eff.Length 50cm, Dia.20mm, Glass Stopcock",Non Volumetric Glassware,1,138.20
18.156.0020,"Plain Chromatography Absorption Columns, Eff.Length 60cm, Dia.25mm, Glass Stopcock",Non Volumetric Glassware,1,175.93
18.156.0025,"Plain Chromatography Absorption Columns, Eff.Length 60cm, Dia.40mm, Glass Stopcock",Non Volumetric Glassware,1,202.71
18.156.0030,"Plain Chromatography Absorption Columns, Eff.Length 100cm, Dia.50mm, Glass Stopcock",Non Volumetric Glassware,1,294.62
18.180.0005,"Plain Chromatography Absorption Columns, Eff.Length 20cm, Dia.10mm, PTFE Needle Valve Stopcock",Non Volumetric Glassware,1,88.34
18.180.0010,"Plain Chromatography Absorption Columns, Eff.Length 30cm, Dia.15mm, PTFE Needle Valve Stopcock",Non Volumetric Glassware,1,95.74
18.180.0015,"Plain Chromatography Absorption Columns, Eff.Length 50cm, Dia.20mm, PTFE Needle Valve Stopcock",Non Volumetric Glassware,1,113.93
18.180.0020,"Plain Chromatography Absorption Columns, Eff.Length 60cm, Dia.25mm, PTFE Needle Valve Stopcock",Non Volumetric Glassware,1,151.66
18.180.0025,"Plain Chromatography Absorption Columns, Eff.Length 60cm, Dia.40mm, PTFE Needle Valve Stopcock",Non Volumetric Glassware,1,178.66
18.180.0030,"Plain Chromatography Absorption Columns, Eff.Length 100cm, Dia.50mm, PTFE Needle Valve Stopcock",Non Volumetric Glassware,1,217.52
18.164.0005,"Chromatography Column, With Integral Sintered Disc(grade-1), Eff.Length 15cm, Disc Dia.10mm, Without Stopcock",Non Volumetric Glassware,1,107.66
18.164.0010,"Chromatography Column, With Integral Sintered Disc(grade-1), Eff.Length 20cm, Disc Dia.15mm, Without Stopcock",Non Volumetric Glassware,1,119.99
18.164.0015,"Chromatography Column, With Integral Sintered Disc(grade-1), Eff.Length 30cm, Disc Dia.20mm, Without Stopcock",Non Volumetric Glassware,1,138.88
18.164.0020,"Chromatography Column, With Integral Sintered Disc(grade-1), Eff.Length 40cm, Disc Dia.20mm, Without Stopcock",Non Volumetric Glassware,1,148.96
18.164.0025,"Chromatography Column, With Integral Sintered Disc(grade-1), Eff.Length 40cm, Disc Dia.30mm, Without Stopcock",Non Volumetric Glassware,1,189.19
18.164.0030,"Chromatography Column, With Integral Sintered Disc(grade-1), Eff.Length 50cm, Disc Dia.30mm, Without Stopcock",Non Volumetric Glassware,1,216.53
18.164.0035,"Chromatography Column, With Integral Sintered Disc(grade-1), Eff.Length 50cm, Disc Dia.40mm, Without Stopcock",Non Volumetric Glassware,1,288.06
18.164.0040,"Chromatography Column, With Integral Sintered Disc(grade-1), Eff.Length 60cm, Disc Dia.40mm, Without Stopcock",Non Volumetric Glassware,1,301.12
18.164.0045,"Chromatography Column, With Integral Sintered Disc(grade-1), Eff.Length 100cm, Disc Dia.40mm, Without Stopcock",Non Volumetric Glassware,1,1276.30
18.168.0005,"Chromatography Column, With Integral Sintered Disc(grade-1), Eff.Length 15cm, Disc Dia.10mm, Glass Stopcock",Non Volumetric Glassware,1,185.71
18.168.0010,"Chromatography Column, With Integral Sintered Disc(grade-1), Eff.Length 20cm, Disc Dia.15mm, Glass Stopcock",Non Volumetric Glassware,1,197.87
18.168.0015,"Chromatography Column, With Integral Sintered Disc(grade-1), Eff.Length 30cm, Disc Dia.20mm, Glass Stopcock",Non Volumetric Glassware,1,216.76
18.168.0020,"Chromatography Column, With Integral Sintered Disc(grade-1), Eff.Length 40cm, Disc Dia.20mm, Glass Stopcock",Non Volumetric Glassware,1,226.71
18.168.0025,"Chromatography Column, With Integral Sintered Disc(grade-1), Eff.Length 40cm, Disc Dia.30mm, Glass Stopcock",Non Volumetric Glassware,1,266.94
18.168.0030,"Chromatography Column, With Integral Sintered Disc(grade-1), Eff.Length 50cm, Disc Dia.30mm, Glass Stopcock",Non Volumetric Glassware,1,294.10
18.168.0035,"Chromatography Column, With Integral Sintered Disc(grade-1), Eff.Length 50cm, Disc Dia.40mm, Glass Stopcock",Non Volumetric Glassware,1,365.64
18.168.0040,"Chromatography Column, With Integral Sintered Disc(grade-1), Eff.Length 60cm, Disc Dia.40mm, Glass Stopcock",Non Volumetric Glassware,1,378.47
18.168.0045,"Chromatography Column, With Integral Sintered Disc(grade-1), Eff.Length 100cm, Disc Dia.40mm, Glass Stopcock",Non Volumetric Glassware,1,464.01
18.160.0005,"Chromatography Column, With Integral Sintered Disc(grade-1), Eff.Length 15cm, Disc Dia.10mm, PTFE Needle Valve Stopcock",Non Volumetric Glassware,1,158.11
18.160.0010,"Chromatography Column, With Integral Sintered Disc(grade-1), Eff.Length 20cm, Disc Dia.15mm, PTFE Needle Valve Stopcock",Non Volumetric Glassware,1,170.44
18.160.0015,"Chromatography Column, With Integral Sintered Disc(grade-1), Eff.Length 30cm, Disc Dia.20mm, PTFE Needle Valve Stopcock",Non Volumetric Glassware,1,189.33
18.160.0020,"Chromatography Column, With Integral Sintered Disc(grade-1), Eff.Length 40cm, Disc Dia.20mm, PTFE Needle Valve Stopcock",Non Volumetric Glassware,1,199.41
18.160.0025,"Chromatography Column, With Integral Sintered Disc(grade-1), Eff.Length 40cm, Disc Dia.30mm, PTFE Needle Valve Stopcock",Non Volumetric Glassware,1,239.64
18.160.0030,"Chromatography Column, With Integral Sintered Disc(grade-1), Eff.Length 50cm, Disc Dia.30mm, PTFE Needle Valve Stopcock",Non Volumetric Glassware,1,266.98
18.160.0035,"Chromatography Column, With Integral Sintered Disc(grade-1), Eff.Length 50cm, Disc Dia.40mm, PTFE Needle Valve Stopcock",Non Volumetric Glassware,1,338.51
18.160.0040,"Chromatography Column, With Integral Sintered Disc(grade-1), Eff.Length 60cm, Disc Dia.40mm, PTFE Needle Valve Stopcock",Non Volumetric Glassware,1,351.57
18.160.0045,"Chromatography Column, With Integral Sintered Disc(grade-1), Eff.Length 100cm, Disc Dia.40mm, PTFE Needle Valve Stopcock",Non Volumetric Glassware,1,424.42
18.184.0005D,"Chromatography Column, With Integral Sintered Disc,Socket And Cone, Bore10mm, Eff.Length 100mm, SS 14/23, CS  19/26, Glass Stopcock",Non Volumetric Glassware,1,328.08
18.184.0010D,"Chromatography Column, With Integral Sintered Disc,Socket And Cone, Bore10mm, Eff.Length 200mm, SS 14/23, CS  19/26, Glass Stopcock",Non Volumetric Glassware,1,333.92
18.184.0015D,"Chromatography Column, With Integral Sintered Disc,Socket And Cone, Bore10mm, Eff.Length 300mm, SS 14/23, CS  19/26, Glass Stopcock",Non Volumetric Glassware,1,339.40
18.184.0030D,"Chromatography Column, With Integral Sintered Disc,Socket And Cone, Bore18mm, Eff.Length 300mm, SS 24/29, CS  19/26, Glass Stopcock",Non Volumetric Glassware,1,369.07
18.184.0035D,"Chromatography Column, With Integral Sintered Disc,Socket And Cone, Bore18mm, Eff.Length 400mm, SS 24/29, CS  19/26, Glass Stopcock",Non Volumetric Glassware,1,378.90
18.184.0040D,"Chromatography Column, With Integral Sintered Disc,Socket And Cone, Bore18mm, Eff.Length 400mm, SS 24/29, CS  24/29, Glass Stopcock",Non Volumetric Glassware,1,381.94
14.101.0010,"Socket Single, Medium Length, SS 10/19, App.OD of  tube  13mm, Total
length 120±10mm",Non Volumetric Glassware,12,17.98
14.101.0015,"Socket Single, Medium Length, SS 12/21, App.OD of  tube  16mm, Total
length 120±10mm",Non Volumetric Glassware,12,19.88
14.101.0020,"Socket Single, Medium Length, SS 14/23, App.OD of  tube  18mm, Total
length 120±10mm",Non Volumetric Glassware,12,20.47
14.101.0025,"Socket Single, Medium Length, SS 19/26, App.OD of  tube  22mm, Total
length 135±15mm",Non Volumetric Glassware,12,22.38
14.101.0030,"Socket Single, Medium Length, SS 24/29, App.OD of  tube  28mm, Total
length 135±15mm",Non Volumetric Glassware,12,27.54
14.101.0035,"Socket Single, Medium Length, SS 29/32, App.OD of  tube  34mm, Total
length 135±15mm",Non Volumetric Glassware,12,35.80
14.101.0040,"Socket Single, Medium Length, SS 34/35, App.OD of  tube  40mm, Total
length 150±15mm",Non Volumetric Glassware,12,39.97
14.101.0045,"Socket Single, Medium Length, SS 40/38, App.OD of  tube  45mm, Total
length 150±15mm",Non Volumetric Glassware,12,55.41
14.101.0050,"Socket Single, Medium Length, SS 45/40, App.OD of  tube  50mm, Total
length 150±15mm",Non Volumetric Glassware,12,59.83
14.101.0055,"Socket Single, Medium Length, SS 50/42, App.OD of  tube  55mm, Total
length 150±15mm",Non Volumetric Glassware,12,84.94
14.101.0060,"Socket Single, Medium Length, SS 55/44, App.OD of  tube  60mm, Total
length 150±15mm",Non Volumetric Glassware,12,91.29
14.104.0010,"Cone Single, Medium Length, CS 10/19, App.OD of  tube  8mm, Total
length 120±10mm",Non Volumetric Glassware,12,20.77
14.104.0015,"Cone Single, Medium Length, CS 12/21, App.OD of  tube  11mm, Total
length 120±10mm",Non Volumetric Glassware,12,21.07
14.104.0020,"Cone Single, Medium Length, CS 14/23, App.OD of  tube  13mm, Total
length 120±10mm",Non Volumetric Glassware,12,22.00
14.104.0025,"Cone Single, Medium Length, CS 19/26, App.OD of  tube  17mm, Total
length 135±15mm",Non Volumetric Glassware,12,25.31
14.104.0030,"Cone Single, Medium Length, CS 24/29, App.OD of  tube  22mm, Total
length 150±15mm",Non Volumetric Glassware,12,29.16
14.104.0035,"Cone Single, Medium Length, CS 29/32, App.OD of  tube  26mm, Total
length 150±15mm",Non Volumetric Glassware,12,37.28
14.104.0040,"Cone Single, Medium Length, CS 34/35, App.OD of  tube  30mm, Total
length 150±15mm",Non Volumetric Glassware,12,44.11
14.104.0045,"Cone Single, Medium Length, CS 40/38, App.OD of  tube  36mm, Total
length 150±15mm",Non Volumetric Glassware,12,55.58
14.104.0050,"Cone Single, Medium Length, CS 45/40, App.OD of  tube  40mm, Total
length 150±15mm",Non Volumetric Glassware,12,59.78
14.104.0055,"Cone Single, Medium Length, CS 50/42, App.OD of  tube  45mm, Total
length 150±15mm",Non Volumetric Glassware,12,84.94
14.104.0060,"Cone Single, Medium Length, CS 55/44, App.OD of  tube  50mm, Total
length 150±15mm",Non Volumetric Glassware,12,91.29
14.120.0015,"Socket, Double (One At Each End), SS 14/23, App.OD of  tube  18mm, Total
length 135±2mm",Non Volumetric Glassware,12,33.36
14.120.0020,"Socket, Double (One At Each End), SS 19/26, App.OD of  tube  22mm, Total
length 140±2mm",Non Volumetric Glassware,12,36.58
14.120.0025,"Socket, Double (One At Each End), SS 24/29, App.OD of  tube  28mm, Total
length 170±5mm",Non Volumetric Glassware,12,47.17
14.120.0030,"Socket, Double (One At Each End), SS 29/32, App.OD of  tube  34mm, Total
length 170±5mm",Non Volumetric Glassware,12,62.57
14.120.0040,"Socket, Double (One At Each End), SS 34/35, App.OD of  tube  40mm, Total
length 180±5mm",Non Volumetric Glassware,12,69.73
14.124.0010,"Cone, Double (One At Each End), CS 14/23, App.OD of  tube  13mm, Total
length 135±5mm",Non Volumetric Glassware,12,31.35
14.124.0015,"Cone, Double (One At Each End), CS 19/26, App.OD of  tube  17mm, Total
length 140±5mm",Non Volumetric Glassware,12,34.35
14.124.0020,"Cone, Double (One At Each End), CS 24/29, App.OD of  tube  22mm, Total
length 170±10mm",Non Volumetric Glassware,12,43.61
14.124.0025,"Cone, Double (One At Each End), CS 29/32, App.OD of  tube  26mm, Total
length 174±10mm",Non Volumetric Glassware,12,59.62
14.124.0030,"Cone, Double (One At Each End), CS 34/35, App.OD of  tube  30mm, Total
length 190±10mm",Non Volumetric Glassware,12,64.52
14.128.0010,"Spherical Joint, Ball, Cup joint male S13, Min. Shank length 100mm",Non Volumetric Glassware,12,70.55
14.128.0015,"Spherical Joint, Ball, Cup joint male S19, Min. Shank length 100mm",Non Volumetric Glassware,12,74.95
14.128.0020,"Spherical Joint, Ball, Cup joint male S29, Min. Shank length 100mm",Non Volumetric Glassware,12,93.67
14.128.0025,"Spherical Joint, Ball, Cup joint male S35, Min. Shank length 100mm",Non Volumetric Glassware,12,112.39
14.128.0030,"Spherical Joint, Ball, Cup joint male S41, Min. Shank length 100mm",Non Volumetric Glassware,12,244.52
14.132.0010,"Spherical Joint, Cup, Cup joint male S13, Min. Shank length 100mm",Non Volumetric Glassware,12,70.55
14.132.0015,"Spherical Joint, Cup, Cup joint male S19, Min. Shank length 100mm",Non Volumetric Glassware,12,74.95
14.132.0020,"Spherical Joint, Cup, Cup joint male S29, Min. Shank length 100mm",Non Volumetric Glassware,12,93.67
14.132.0025,"Spherical Joint, Cup, Cup joint male S35, Min. Shank length 100mm",Non Volumetric Glassware,12,134.41
14.132.0030,"Spherical Joint, Cup, Cup joint male S41, Min. Shank length 100mm",Non Volumetric Glassware,12,244.52
14.140.0005,"Joint Clip, PP, To Fit Conical JS 14/23",Non Volumetric Glassware,50,13.87
14.140.0010,"Joint Clip, PP, To Fit Conical JS 19/26",Non Volumetric Glassware,50,14.00
14.140.0015,"Joint Clip, PP, To Fit Conical JS 24/29",Non Volumetric Glassware,50,17.18
14.140.0020,"Joint Clip, PP, To Fit Conical JS 29/32",Non Volumetric Glassware,50,20.00
14.140.0025,"Joint Clip, PP, To Fit Conical JS 34/35",Non Volumetric Glassware,50,22.68
14.201.0005,"Stopper, Hollow, Hexagonal Head, CS 10/19",Non Volumetric Glassware,12,11.95
14.201.0010,"Stopper, Hollow, Hexagonal Head, CS 12/21",Non Volumetric Glassware,12,14.15
14.201.0015,"Stopper, Hollow, Hexagonal Head, CS 14/23",Non Volumetric Glassware,12,15.26
14.201.0020,"Stopper, Hollow, Hexagonal Head, CS 19/26",Non Volumetric Glassware,12,20.86
14.201.0025,"Stopper, Hollow, Hexagonal Head, CS 24/29",Non Volumetric Glassware,12,28.77
14.201.0030,"Stopper, Hollow, Hexagonal Head, CS 29/32",Non Volumetric Glassware,12,36.48
14.201.0035,"Stopper, Hollow, Hexagonal Head, CS 34/35",Non Volumetric Glassware,12,54.19
14.204.0005,"Stopper,  Solid, Penny Head-Long Neck Flasks, Flask Cap.Upto 25 ml, CS 10/19",Non Volumetric Glassware,12,14.01
14.204.0006,"Stopper,  Solid, Penny Head-Long Neck Flasks, Flask Cap.50 ml, CS 12/21",Non Volumetric Glassware,12,16.22
14.204.0010,"Stopper,  Solid, Penny Head-Long Neck Flasks, Flask Cap.100, 200,250 ml, CS 14/23",Non Volumetric Glassware,12,16.62
14.204.0015,"Stopper,  Solid, Penny Head-Long Neck Flasks, Flask Cap.500 ml, CS 19/26",Non Volumetric Glassware,12,22.94
14.204.0020,"Stopper,  Solid, Penny Head-Long Neck Flasks, Flask Cap.1000 ml, CS 24/29",Non Volumetric Glassware,12,33.38
14.204.0025,"Stopper,  Solid, Penny Head-Long Neck Flasks, Flask Cap.2000 ml, CS 29/32",Non Volumetric Glassware,12,51.05
14.204.0030,"Stopper,  Solid, Penny Head-Long Neck Flasks, Flask Cap.5000 ml, CS 34/35",Non Volumetric Glassware,12,88.09
14.207.0005,"Stopper, Amber, Solid, Penny Head-Long Neck Flasks, Flask Cap.Upto 25 ml, CS 10/19",Non Volumetric Glassware,12,33.03
14.207.0006,"Stopper, Amber, Solid, Penny Head-Long Neck Flasks, Flask Cap.50 ml, CS 12/21",Non Volumetric Glassware,12,34.03
14.207.0010,"Stopper, Amber, Solid, Penny Head-Long Neck Flasks, Flask Cap.100, 200,250 ml, CS 14/23",Non Volumetric Glassware,12,35.23
14.207.0015,"Stopper, Amber, Solid, Penny Head-Long Neck Flasks, Flask Cap.500 ml, CS 19/26",Non Volumetric Glassware,12,47.05
14.207.0020,"Stopper, Amber, Solid, Penny Head-Long Neck Flasks, Flask Cap.1000 ml, CS 24/29",Non Volumetric Glassware,12,56.06
14.207.0025*,"Stopper, Amber, Solid, Penny Head-Long Neck Flasks, Flask Cap.2000 ml, CS 29/32",Non Volumetric Glassware,12,82.60
14.207.0030*,"Stopper, Amber, Solid, Penny Head-Long Neck Flasks, Flask Cap.5000 ml, CS 34/35",Non Volumetric Glassware,12,129.22
14.205.0005,"Stopper, Solid, Flat Head For Reagent Bottles, CS 14/23",Non Volumetric Glassware,12,22.02
14.205.0010,"Stopper, Solid, Flat Head For Reagent Bottles, CS 19/26",Non Volumetric Glassware,12,30.03
14.205.0015,"Stopper, Solid, Flat Head For Reagent Bottles, CS 24/29",Non Volumetric Glassware,12,44.30
14.205.0020,"Stopper, Solid, Flat Head For Reagent Bottles, CS 29/32",Non Volumetric Glassware,12,64.06
14.205.0025,"Stopper, Solid, Flat Head For Reagent Bottles, CS 34/35",Non Volumetric Glassware,12,98.10
14.212.0005,"Stopper, Solid, Flat Head For Reagent Bottles, CS 14/23",Non Volumetric Glassware,12,16.52
14.212.0010,"Stopper, Solid, Flat Head For Reagent Bottles, CS 19/26",Non Volumetric Glassware,12,22.02
14.212.0015,"Stopper, Solid, Flat Head For Reagent Bottles, CS 24/29",Non Volumetric Glassware,12,36.04
14.212.0020,"Stopper, Solid, Flat Head For Reagent Bottles, CS 29/32",Non Volumetric Glassware,12,47.05
14.212.0025,"Stopper, Solid, Flat Head For Reagent Bottles, CS 34/35",Non Volumetric Glassware,12,72.07
14.215.0005,"Super Stopper™, Spare Stoppers for Long Neck Flask, Flask Cap.Upto 25 ml, CS 10/19",Non Volumetric Glassware,20,6.20
14.215.0010,"Super Stopper™, Spare Stoppers for Long Neck Flask, Flask Cap.50 ml, CS 12/21",Non Volumetric Glassware,20,6.35
14.215.0015,"Super Stopper™, Spare Stoppers for Long Neck Flask, Flask Cap.100, 200,250 ml, CS 14/23",Non Volumetric Glassware,20,6.50
14.215.0020,"Super Stopper™, Spare Stoppers for Long Neck Flask, Flask Cap.500 ml, CS 19/26",Non Volumetric Glassware,20,7.38
14.215.0025,"Super Stopper™, Spare Stoppers for Long Neck Flask, Flask Cap.1000 ml, CS 24/29",Non Volumetric Glassware,10,7.58
14.215.0030,"Super Stopper™, Spare Stoppers for Long Neck Flask, Flask Cap.2000 ml, CS 29/32",Non Volumetric Glassware,10,11.21
14.301.0005,"Reduction Adapter, SS 14/23, CS 14/23",Non Volumetric Glassware,12,42.08
14.301.0010,"Reduction Adapter, SS 14/23, CS 19/26",Non Volumetric Glassware,12,44.77
14.301.0015,"Reduction Adapter, SS 14/23, CS 24/29",Non Volumetric Glassware,12,53.55
14.301.0020,"Reduction Adapter, SS 14/23, CS 29/32",Non Volumetric Glassware,12,55.38
14.301.0025,"Reduction Adapter, SS 19/26, CS 24/29",Non Volumetric Glassware,12,48.32
14.301.0030,"Reduction Adapter, SS 19/26, CS 29/32",Non Volumetric Glassware,12,56.42
14.301.0035,"Reduction Adapter, SS 19/26, CS 34/35",Non Volumetric Glassware,12,62.77
14.301.0040,"Reduction Adapter, SS 19/26, CS 40/38",Non Volumetric Glassware,12,72.32
14.301.0045,"Reduction Adapter, SS 19/26, CS 45/40",Non Volumetric Glassware,12,76.40
14.301.0050,"Reduction Adapter, SS 19/26, CS 55/44",Non Volumetric Glassware,12,106.01
14.301.0085,"Reduction Adapter, SS 29/32, CS 34/35",Non Volumetric Glassware,12,75.68
14.301.0090,"Reduction Adapter, SS 29/32, CS 40/38",Non Volumetric Glassware,12,85.38
14.301.0095,"Reduction Adapter, SS 29/32, CS 45/40",Non Volumetric Glassware,12,88.77
14.301.0100,"Reduction Adapter, SS 34/35, CS 40/38",Non Volumetric Glassware,12,87.24
14.301.0105,"Reduction Adapter, SS 34/35, CS 45/40",Non Volumetric Glassware,12,90.63
14.301.0110,"Reduction Adapter, SS 34/35, CS 50/42",Non Volumetric Glassware,12,115.82
14.304.0005,"Expansion Adapter, SS 19/26, CS 14/23",Non Volumetric Glassware,12,46.17
14.304.0010,"Expansion Adapter, SS 24/29, CS 14/23",Non Volumetric Glassware,12,49.72
14.304.0015,"Expansion Adapter, SS 24/29, CS 19/26",Non Volumetric Glassware,12,51.72
14.304.0020,"Expansion Adapter, SS 29/32, CS 14/23",Non Volumetric Glassware,12,57.43
14.304.0025,"Expansion Adapter, SS 29/32, CS 19/26",Non Volumetric Glassware,12,60.14
14.304.0030,"Expansion Adapter, SS 29/32, CS 24/29",Non Volumetric Glassware,12,61.99
14.304.0035,"Expansion Adapter, SS 34/35, CS 19/26",Non Volumetric Glassware,12,64.02
14.304.0040,"Expansion Adapter, SS 34/35, CS 24/29",Non Volumetric Glassware,12,66.64
14.304.0045,"Expansion Adapter, SS 34/35, CS 29/32",Non Volumetric Glassware,12,75.09
14.304.0050,"Expansion Adapter, SS 40/38, CS 24/29",Non Volumetric Glassware,12,79.35
14.304.0055,"Expansion Adapter, SS 45/40, CS 29/32",Non Volumetric Glassware,12,87.45
14.312.0005,"Multiple Adapter. With Two Necks Parallel, SS 14/23, CS 14/23",Non Volumetric Glassware,1,88.54
14.312.0015,"Multiple Adapter. With Two Necks Parallel, SS 19/26, CS 19/26",Non Volumetric Glassware,1,94.78
14.312.0035,"Multiple Adapter. With Two Necks Parallel, SS 29/32, CS 29/32",Non Volumetric Glassware,1,130.46
14.316.0005,"Multiple Adapter, With Two Necks, One Vertical & One At 45°, SS 14/23, CS 14/23",Non Volumetric Glassware,1,88.54
14.316.0010,"Multiple Adapter, With Two Necks, One Vertical & One At 45°, SS 14/23, CS 19/26",Non Volumetric Glassware,1,91.50
14.316.0015,"Multiple Adapter, With Two Necks, One Vertical & One At 45°, SS 14/23, CS 24/29",Non Volumetric Glassware,1,94.85
14.316.0020,"Multiple Adapter, With Two Necks, One Vertical & One At 45°, SS 19/26, CS 19/26",Non Volumetric Glassware,1,94.78
14.316.0025,"Multiple Adapter, With Two Necks, One Vertical & One At 45°, SS 19/26, CS 24/29",Non Volumetric Glassware,1,98.14
14.316.0030,"Multiple Adapter, With Two Necks, One Vertical & One At 45°, SS 14/23, CS 29/32",Non Volumetric Glassware,1,102.45
14.316.0035,"Multiple Adapter, With Two Necks, One Vertical & One At 45°, SS 29/32, CS 29/32",Non Volumetric Glassware,1,130.46
14.320.0005,"Multiple Adapter, With Three Necks, Two Parallel & One At 45°, Vertical SS 19/26, Inclined
SS 19/26, CS 19/26",Non Volumetric Glassware,1,123.40
14.320.0010,"Multiple Adapter, With Three Necks, Two Parallel & One At 45°, Vertical SS 19/26, Inclined
SS 19/26, CS 24/29",Non Volumetric Glassware,1,126.77
14.320.0015,"Multiple Adapter, With Three Necks, Two Parallel & One At 45°, Vertical SS 14/23, Inclined
SS 14/23, CS 29/32",Non Volumetric Glassware,1,171.45
14.320.0020,"Multiple Adapter, With Three Necks, Two Parallel & One At 45°, Vertical SS 19/26, Inclined
SS 19/26, CS 29/32",Non Volumetric Glassware,1,134.35
14.320.0025,"Multiple Adapter, With Three Necks, Two Parallel & One At 45°, Vertical SS 29/32, Inclined
SS 29/32, CS 29/32",Non Volumetric Glassware,1,171.45
14.320.0030,"Multiple Adapter, With Three Necks, Two Parallel & One At 45°, Vertical SS 24/29, Inclined
SS 24/29, CS 24/29",Non Volumetric Glassware,1,140.54
14.320.0032,"Multiple Adapter, With Three Necks, Two Parallel & One At 45°, Vertical SS 19/26, Inclined
SS 19/26, CS 34/35",Non Volumetric Glassware,1,143.67
14.324.0005,"Swan Neck Adapter With Screw Thread, For Use With Thermometer Or Air Leak Tube, SS 14/23, CS 19/26",Non Volumetric Glassware,1,91.79
14.324.0010,"Swan Neck Adapter With Screw Thread, For Use With Thermometer Or Air Leak Tube, SS 19/26, CS 19/26",Non Volumetric Glassware,1,93.43
14.324.0015,"Swan Neck Adapter With Screw Thread, For Use With Thermometer Or Air Leak Tube, SS 19/26, CS 24/29",Non Volumetric Glassware,1,96.79
14.324.0020,"Swan Neck Adapter With Screw Thread, For Use With Thermometer Or Air Leak Tube, SS 24/29, CS 24/29",Non Volumetric Glassware,1,101.38
14.324.0025,"Swan Neck Adapter With Screw Thread, For Use With Thermometer Or Air Leak Tube, SS 29/32, CS 29/32",Non Volumetric Glassware,1,116.75
14.336.0005,"Receiver Delivery Adapter - Short Stem, SS 14/23, App.
Length 65mm",Non Volumetric Glassware,1,45.27
14.336.0010,"Receiver Delivery Adapter - Short Stem, SS 19/26, App.
Length 65mm",Non Volumetric Glassware,1,47.16
14.336.0015,"Receiver Delivery Adapter - Short Stem, SS 24/29, App.
Length 65mm",Non Volumetric Glassware,1,51.56
14.336.0020,"Receiver Delivery Adapter - Short Stem, SS 29/32, App.
Length 65mm",Non Volumetric Glassware,1,62.82
14.340.0005,"Receiver Delivery Adapter - Long Stem, SS 14/23, App.
Length 190mm",Non Volumetric Glassware,1,48.39
14.340.0010,"Receiver Delivery Adapter - Long Stem, SS 19/26, App.
Length 200mm",Non Volumetric Glassware,1,49.84
14.340.0015,"Receiver Delivery Adapter - Long Stem, SS 24/29, App.
Length 200mm",Non Volumetric Glassware,1,54.59
14.340.0020,"Receiver Delivery Adapter - Long Stem, SS 29/32, App.
Length 200mm",Non Volumetric Glassware,1,62.20
14.344.0005,"Receiver Adapter - Straight Delivery, SS 14/23",Non Volumetric Glassware,10,41.59
14.344.0010,"Receiver Adapter - Straight Delivery, SS 19/26",Non Volumetric Glassware,10,43.24
14.344.0015,"Receiver Adapter - Straight Delivery, SS 24/29",Non Volumetric Glassware,10,47.84
14.344.0020,"Receiver Adapter - Straight Delivery, SS 29/32",Non Volumetric Glassware,10,55.61
14.348.0005,"Receiver Adapter - Plain Bend, SS 14/23, CS 14/23",Non Volumetric Glassware,1,63.59
14.348.0010,"Receiver Adapter - Plain Bend, SS 19/26, CS 24/29",Non Volumetric Glassware,1,65.24
14.348.0015,"Receiver Adapter - Plain Bend, SS 29/32, CS 29/32",Non Volumetric Glassware,1,66.88
14.348.0020,"Receiver Adapter - Plain Bend, SS 19/26, CS 24/29",Non Volumetric Glassware,1,71.47
14.348.0025,"Receiver Adapter - Plain Bend, SS 24/29, CS 24/29",Non Volumetric Glassware,1,76.07
14.348.0030,"Receiver Adapter - Plain Bend, SS 29/32, CS 29/32",Non Volumetric Glassware,1,91.61
14.352.0005,"Receiver Adapter - Bend With Vent, SS 14/23, CS 14/23",Non Volumetric Glassware,1,63.37
14.352.0010,"Receiver Adapter - Bend With Vent, SS 19/26, CS 19/26",Non Volumetric Glassware,1,67.19
14.352.0015,"Receiver Adapter - Bend With Vent, SS 19/26, CS 24/29",Non Volumetric Glassware,1,71.78
14.352.0020,"Receiver Adapter - Bend With Vent, SS 24/29, CS 24/29",Non Volumetric Glassware,1,76.38
14.352.0025,"Receiver Adapter - Bend With Vent, SS 29/32, CS 29/32",Non Volumetric Glassware,1,91.92
14.355.0005,"Receiver Adapter With Vacuum Connection, Bend Type, SS 14/23, CS 14/23",Non Volumetric Glassware,1,104.09
14.355.0010,"Receiver Adapter With Vacuum Connection, Bend Type, SS 14/23, CS 19/26",Non Volumetric Glassware,1,107.06
14.355.0015,"Receiver Adapter With Vacuum Connection, Bend Type, SS 19/26, CS 19/26",Non Volumetric Glassware,1,108.70
14.355.0020,"Receiver Adapter With Vacuum Connection, Bend Type, SS 19/26, CS 24/29",Non Volumetric Glassware,1,109.99
14.355.0025,"Receiver Adapter With Vacuum Connection, Bend Type, SS 24/29, CS 24/29",Non Volumetric Glassware,1,114.58
14.355.0030,"Receiver Adapter With Vacuum Connection, Bend Type, SS 24/29, CS 29/32",Non Volumetric Glassware,1,125.42
14.355.0035,"Receiver Adapter With Vacuum Connection, Bend Type, SS 29/32, CS 29/32",Non Volumetric Glassware,1,132.01
14.356.0005,"Receiver Adapter With Vacuum Connection, Straight Type, SS 14/23, CS 14/23",Non Volumetric Glassware,1,102.03
14.356.0010*,"Receiver Adapter With Vacuum Connection, Straight Type, SS 14/23, CS 19/26",Non Volumetric Glassware,1,104.99
14.356.0015,"Receiver Adapter With Vacuum Connection, Straight Type, SS 19/26, CS 19/26",Non Volumetric Glassware,1,106.64
14.356.0020*,"Receiver Adapter With Vacuum Connection, Straight Type, SS 19/26, CS 24/29",Non Volumetric Glassware,1,109.99
14.356.0025*,"Receiver Adapter With Vacuum Connection, Straight Type, SS 24/29, CS 24/29",Non Volumetric Glassware,1,114.58
14.356.0030*,"Receiver Adapter With Vacuum Connection, Straight Type, SS 24/29, CS 29/32",Non Volumetric Glassware,1,122.18
14.356.0035,"Receiver Adapter With Vacuum Connection, Straight Type, SS 29/32, CS 29/32",Non Volumetric Glassware,1,129.95
14.360.0005,"Receiver Adapter, Socket To Cone, With Vertical Socket, SS 14/23, CS 14/23",Non Volumetric Glassware,1,71.75
14.360.0010,"Receiver Adapter, Socket To Cone, With Vertical Socket, SS 19/26, CS 19/26",Non Volumetric Glassware,1,76.36
14.360.0015,"Receiver Adapter, Socket To Cone, With Vertical Socket, SS 19/26, CS 24/29",Non Volumetric Glassware,1,79.72
14.360.0020,"Receiver Adapter, Socket To Cone, With Vertical Socket, SS 24/29, CS 24/29",Non Volumetric Glassware,1,84.30
14.360.0025,"Receiver Adapter, Socket To Cone, With Vertical Socket, SS 29/32, CS 29/32",Non Volumetric Glassware,1,99.67
14.364.0005,"Receiver Adapter, With Multiple Connection, SS 14/23, CS 14/23",Non Volumetric Glassware,1,167.12
14.364.0010,"Receiver Adapter, With Multiple Connection, SS 14/23, CS 19/26",Non Volumetric Glassware,1,173.05
14.364.0015,"Receiver Adapter, With Multiple Connection, SS 19/26, CS 19/26",Non Volumetric Glassware,1,174.69
14.368.0005,"Recovery Bend, Sloping, Cone Size to fit flask 14/23, CS to fit condenser 14/23",Non Volumetric Glassware,1,66.51
14.368.0010,"Recovery Bend, Sloping, Cone Size to fit flask 24/29, CS to fit condenser 14/23",Non Volumetric Glassware,1,72.82
14.368.0015,"Recovery Bend, Sloping, Cone Size to fit flask 19/26, CS to fit condenser 19/26",Non Volumetric Glassware,1,72.43
14.368.0020,"Recovery Bend, Sloping, Cone Size to fit flask 24/29, CS to fit condenser 19/26",Non Volumetric Glassware,1,75.80
14.368.0025,"Recovery Bend, Sloping, Cone Size to fit flask 29/32, CS to fit condenser 19/26",Non Volumetric Glassware,1,83.38
14.368.0030,"Recovery Bend, Sloping, Cone Size to fit flask 29/32, CS to fit condenser 29/32",Non Volumetric Glassware,1,94.33
14.368.0035,"Recovery Bend, Sloping, Cone Size to fit flask 24/29, CS to fit condenser 24/29",Non Volumetric Glassware,1,79.15
14.368.0040,"Recovery Bend, Sloping, Cone Size to fit flask 34/35, CS to fit condenser 24/29",Non Volumetric Glassware,1,92.96
14.368.0045,"Recovery Bend, Sloping, Cone Size to fit flask 29/32, CS to fit condenser 24/29",Non Volumetric Glassware,1,86.74
14.368.0050,"Recovery Bend, Sloping, Cone Size to fit flask 34/35, CS to fit condenser 34/35",Non Volumetric Glassware,1,106.78
14.372.0005,"Recovery Bend, Vertical, Cone Size to fit flask 14/23, CS to fit condenser 14/23",Non Volumetric Glassware,1,81.46
14.372.0010,"Recovery Bend, Vertical, Cone Size to fit flask 19/26, CS to fit condenser 19/26",Non Volumetric Glassware,1,87.39
14.372.0015,"Recovery Bend, Vertical, Cone Size to fit flask 24/29, CS to fit condenser 19/26",Non Volumetric Glassware,1,90.74
14.372.0020,"Recovery Bend, Vertical, Cone Size to fit flask 24/29, CS to fit condenser 24/29",Non Volumetric Glassware,1,94.10
14.372.0025,"Recovery Bend, Vertical, Cone Size to fit flask 29/32, CS to fit condenser 29/32",Non Volumetric Glassware,1,101.69
14.376.0005,"Still Head, Plain With Thermometer Socket, SS 14/23, CS to fit flask 14/23, CS to fit condenser 14/23",Non Volumetric Glassware,1,65.07
14.376.0010,"Still Head, Plain With Thermometer Socket, SS 14/23, CS to fit flask 19/26, CS to fit condenser 19/26",Non Volumetric Glassware,1,66.07
14.376.0015,"Still Head, Plain With Thermometer Socket, SS 14/23, CS to fit flask 24/29, CS to fit condenser 19/26",Non Volumetric Glassware,1,67.07
14.376.0020,"Still Head, Plain With Thermometer Socket, SS 14/23, CS to fit flask 29/32, CS to fit condenser 19/26",Non Volumetric Glassware,1,72.07
14.376.0025,"Still Head, Plain With Thermometer Socket, SS 14/23, CS to fit flask 34/35, CS to fit condenser 19/26",Non Volumetric Glassware,1,78.08
14.376.0030,"Still Head, Plain With Thermometer Socket, SS 14/23, CS to fit flask 24/29, CS to fit condenser 24/29",Non Volumetric Glassware,1,72.07
14.376.0035,"Still Head, Plain With Thermometer Socket, SS 14/23, CS to fit flask 34/35, CS to fit condenser 24/29",Non Volumetric Glassware,1,80.08
14.376.0040,"Still Head, Plain With Thermometer Socket, SS 14/23, CS to fit flask 29/32, CS to fit condenser 24/29",Non Volumetric Glassware,1,76.08
14.376.0045,"Still Head, Plain With Thermometer Socket, SS 14/23, CS to fit flask 29/32, CS to fit condenser 29/32",Non Volumetric Glassware,1,79.08
14.376.0050,"Still Head, Plain With Thermometer Socket, SS 14/23, CS to fit flask 34/35, CS to fit condenser 29/32",Non Volumetric Glassware,1,82.08
14.380.0005,"Claisen Head, Sloping, With Two 14/23 Sockets, SS 14/23, CS to fit flask 14/23, CS to fit condenser 14/23",Non Volumetric Glassware,1,105.96
14.380.0010,"Claisen Head, Sloping, With Two 14/23 Sockets, SS 14/23, CS to fit flask 19/26, CS to fit condenser 19/26",Non Volumetric Glassware,1,112.19
14.380.0015,"Claisen Head, Sloping, With Two 14/23 Sockets, SS 14/23, CS to fit flask 24/29, CS to fit condenser 19/26",Non Volumetric Glassware,1,115.72
14.380.0020,"Claisen Head, Sloping, With Two 14/23 Sockets, SS 14/23, CS to fit flask 24/29, CS to fit condenser 24/29",Non Volumetric Glassware,1,119.25
14.380.0025,"Claisen Head, Sloping, With Two 14/23 Sockets, SS 14/23, CS to fit flask 29/32, CS to fit condenser 29/32",Non Volumetric Glassware,1,135.23
14.380.0030,"Claisen Head, Sloping, With Two 14/23 Sockets, SS 14/23, CS to fit flask 34/35, CS to fit condenser 24/29",Non Volumetric Glassware,1,133.78
14.382.0100,"Splash Head Adapters, for Rotavaps Anticlamp without return hole., Bulb Cap.100ml, CS 29/32, CS 14/23",Non Volumetric Glassware,1,155.85
14.382.0250,"Splash Head Adapters, for Rotavaps Anticlamp without return hole., Bulb Cap.250ml, CS 29/32, CS 19/26",Non Volumetric Glassware,1,232.61
14.382.0500,"Splash Head Adapters, for Rotavaps Anticlamp without return hole., Bulb Cap.500ml, CS 29/32, CS 24/29",Non Volumetric Glassware,1,317.67
14.384.0005,"Splash Head Adapter, Pear Shape, Straight, Socket to
fit flask14/23, Cone to fit condenser 14/23",Non Volumetric Glassware,1,127.13
14.384.0010,"Splash Head Adapter, Pear Shape, Straight, Socket to
fit flask19/26, Cone to fit condenser 24/29",Non Volumetric Glassware,1,129.13
14.384.0015,"Splash Head Adapter, Pear Shape, Straight, Socket to
fit flask29/32, Cone to fit condenser 29/32",Non Volumetric Glassware,1,138.14
14.388.0005,"Splash Head, Pear Shape, Vertical, Cone to
fit flask14/23, Cone to fit condenser 14/23",Non Volumetric Glassware,1,146.59
14.388.0010,"Splash Head, Pear Shape, Vertical, Cone to
fit flask19/26, Cone to fit condenser 19/26",Non Volumetric Glassware,1,148.70
14.388.0015,"Splash Head, Pear Shape, Vertical, Cone to
fit flask24/29, Cone to fit condenser 19/26",Non Volumetric Glassware,1,149.75
14.388.0020,"Splash Head, Pear Shape, Vertical, Cone to
fit flask24/29, Cone to fit condenser 24/29",Non Volumetric Glassware,1,150.80
14.388.0025,"Splash Head, Pear Shape, Vertical, Cone to
fit flask29/32, Cone to fit condenser 29/32",Non Volumetric Glassware,1,158.81
14.392.0005,"Splash Head, Pear Shape, Sloping, Cone to
fit flask14/23, Cone to fit condenser 14/23",Non Volumetric Glassware,1,133.08
14.392.0010,"Splash Head, Pear Shape, Sloping, Cone to
fit flask19/26, Cone to fit condenser 19/26",Non Volumetric Glassware,1,135.20
14.392.0015,"Splash Head, Pear Shape, Sloping, Cone to
fit flask24/29, Cone to fit condenser 19/26",Non Volumetric Glassware,1,136.25
14.392.0020,"Splash Head, Pear Shape, Sloping, Cone to
fit flask24/29, Cone to fit condenser 24/29",Non Volumetric Glassware,1,137.30
14.392.0025,"Splash Head, Pear Shape, Sloping, Cone to
fit flask29/32, Cone to fit condenser 29/32",Non Volumetric Glassware,1,145.32
14.396.0005,"Steam Distillation Head, Sloping, Cone to
fit flask24/29, Cone to fit condenser 19/26",Non Volumetric Glassware,1,156.27
14.396.0010,"Steam Distillation Head, Sloping, Cone to
fit flask34/35, Cone to fit condenser 19/26",Non Volumetric Glassware,1,164.16
14.396.0015,"Steam Distillation Head, Sloping, Cone to
fit flask34/35, Cone to fit condenser 24/29",Non Volumetric Glassware,1,165.23
14.399.0005,"Adapter, Cone To Flexible Tubing Right Angle Connection With Screw Thread (Straight), SS 14/23",Non Volumetric Glassware,1,63.57
14.399.0010,"Adapter, Cone To Flexible Tubing Right Angle Connection With Screw Thread (Straight), SS 19/26",Non Volumetric Glassware,1,66.69
14.399.0015,"Adapter, Cone To Flexible Tubing Right Angle Connection With Screw Thread (Straight), SS 24/29",Non Volumetric Glassware,1,70.22
14.399.0020,"Adapter, Cone To Flexible Tubing Right Angle Connection With Screw Thread (Straight), SS 29/32",Non Volumetric Glassware,1,70.22
14.400.0005,"Adapter, Cone To Flexible Tubing Right Angle Connection With Screw Thread (Right Angle), SS 14/23",Non Volumetric Glassware,1,71.25
14.400.0010,"Adapter, Cone To Flexible Tubing Right Angle Connection With Screw Thread (Right Angle), SS 19/26",Non Volumetric Glassware,1,74.36
14.400.0015,"Adapter, Cone To Flexible Tubing Right Angle Connection With Screw Thread (Right Angle), SS 24/29",Non Volumetric Glassware,1,77.90
14.400.0020,"Adapter, Cone To Flexible Tubing Right Angle Connection With Screw Thread (Right Angle), SS 29/32",Non Volumetric Glassware,1,77.90
14.404.0005,"Adapter, Cone To Flexible Tubing, Straight Connection With Glass Stopcock, CS 14/23",Non Volumetric Glassware,1,133.20
14.404.0010,"Adapter, Cone To Flexible Tubing, Straight Connection With Glass Stopcock, CS 19/26",Non Volumetric Glassware,1,136.33
14.404.0015,"Adapter, Cone To Flexible Tubing, Straight Connection With Glass Stopcock, CS 24/29",Non Volumetric Glassware,1,139.85
14.404.0020,"Adapter, Cone To Flexible Tubing, Straight Connection With Glass Stopcock, CS 29/32",Non Volumetric Glassware,1,147.84
14.408.0005,"Adapter, Cone To Flexible Tubing, Right Angle Connection With Glass Stopcock, CS 14/23",Non Volumetric Glassware,1,133.19
14.408.0010,"Adapter, Cone To Flexible Tubing, Right Angle Connection With Glass Stopcock, CS 19/26",Non Volumetric Glassware,1,136.31
14.408.0015,"Adapter, Cone To Flexible Tubing, Right Angle Connection With Glass Stopcock, CS 24/29",Non Volumetric Glassware,1,139.84
14.408.0020,"Adapter, Cone To Flexible Tubing, Right Angle Connection With Glass Stopcock, CS 29/32",Non Volumetric Glassware,1,147.83
14.412.0005,"Adapter, Socket To Flexible Tubing, Straight Connection With Glass Stopcock, SS 14/23",Non Volumetric Glassware,1,131.66
14.412.0010,"Adapter, Socket To Flexible Tubing, Straight Connection With Glass Stopcock, SS 19/26",Non Volumetric Glassware,1,133.39
14.412.0015,"Adapter, Socket To Flexible Tubing, Straight Connection With Glass Stopcock, SS 24/29",Non Volumetric Glassware,1,138.22
14.412.0020,"Adapter, Socket To Flexible Tubing, Straight Connection With Glass Stopcock, SS 29/32",Non Volumetric Glassware,1,146.40
14.416.0005,"Adapter, Socket To Flexible Tubing, Right Angle Connection With Glass Stopcock, SS 14/23",Non Volumetric Glassware,1,131.66
14.416.0010,"Adapter, Socket To Flexible Tubing, Right Angle Connection With Glass Stopcock, SS 19/26",Non Volumetric Glassware,1,133.38
14.416.0015,"Adapter, Socket To Flexible Tubing, Right Angle Connection With Glass Stopcock, SS 24/29",Non Volumetric Glassware,1,138.22
14.416.0020,"Adapter, Socket To Flexible Tubing, Right Angle Connection With Glass Stopcock, SS 29/32",Non Volumetric Glassware,1,146.39
14.420.0005,"Adapter, Cone With Stem To Flexible Tubing Right Angle Connection, CS 14/23",Non Volumetric Glassware,1,48.75
14.420.0010,"Adapter, Cone With Stem To Flexible Tubing Right Angle Connection, CS 19/26",Non Volumetric Glassware,1,50.48
14.420.0015,"Adapter, Cone With Stem To Flexible Tubing Right Angle Connection, CS 24/29",Non Volumetric Glassware,1,55.58
14.420.0020,"Adapter, Cone With Stem To Flexible Tubing Right Angle Connection, CS 29/32",Non Volumetric Glassware,1,63.74
14.424.0005,"Adapter, Socket To Flexible Tubing Straight Connection, SS 14/23",Non Volumetric Glassware,1,51.54
14.424.0010,"Adapter, Socket To Flexible Tubing Straight Connection, SS 19/26",Non Volumetric Glassware,1,53.27
14.424.0015,"Adapter, Socket To Flexible Tubing Straight Connection, SS 24/29",Non Volumetric Glassware,1,58.24
14.424.0020,"Adapter, Socket To Flexible Tubing Straight Connection, SS 29/32",Non Volumetric Glassware,1,66.41
14.428.0005,"Adapter, Socket To Cone With Side Arm And Screw Thread, SS 14/23, CS 14/23",Non Volumetric Glassware,1,107.54
14.428.0010,"Adapter, Socket To Cone With Side Arm And Screw Thread, SS 14/23, CS 19/26",Non Volumetric Glassware,1,110.65
14.428.0015,"Adapter, Socket To Cone With Side Arm And Screw Thread, SS 14/23, CS 24/29",Non Volumetric Glassware,1,114.18
14.428.0020,"Adapter, Socket To Cone With Side Arm And Screw Thread, SS 14/23, CS 29/32",Non Volumetric Glassware,1,141.68
14.428.0025,"Adapter, Socket To Cone With Side Arm And Screw Thread, SS 19/26, CS 19/26",Non Volumetric Glassware,1,131.90
14.428.0030,"Adapter, Socket To Cone With Side Arm And Screw Thread, SS 19/26, CS 24/29",Non Volumetric Glassware,1,135.43
14.428.0035,"Adapter, Socket To Cone With Side Arm And Screw Thread, SS 19/26, CS 29/32",Non Volumetric Glassware,1,143.41
14.428.0040,"Adapter, Socket To Cone With Side Arm And Screw Thread, SS 24/29, CS 24/29",Non Volumetric Glassware,1,140.26
14.428.0045,"Adapter, Socket To Cone With Side Arm And Screw Thread, SS 24/29, CS 29/32",Non Volumetric Glassware,1,148.25
14.428.0050,"Adapter, Socket To Cone With Side Arm And Screw Thread, SS 29/32, CS 29/32",Non Volumetric Glassware,1,148.25
14.432.0005,"U Tube With Two Sockets, SS 14/23",Non Volumetric Glassware,10,76.34
14.432.0010,"U Tube With Two Sockets, SS 19/26",Non Volumetric Glassware,10,106.79
14.436.0005,"Drying Tube, CS 14/23",Non Volumetric Glassware,10,44.21
14.436.0010,"Drying Tube, CS 19/26",Non Volumetric Glassware,10,46.70
14.436.0015,"Drying Tube, CS 24/29",Non Volumetric Glassware,10,49.18
14.436.0020,"Drying Tube, CS 29/32",Non Volumetric Glassware,10,54.91
14.442.1423.0050,"Thermometer Pocket, Long type, for sealing to required length, (for angular flask only), CS 14/23, Flask Cap. 50ml",Non Volumetric Glassware,6,46.63
14.442.1423.0100,"Thermometer Pocket, Long type, for sealing to required length, (for angular flask only), CS 14/23, Flask Cap. 100 ml",Non Volumetric Glassware,6,51.74
14.442.1423.0250,"Thermometer Pocket, Long type, for sealing to required length, (for angular flask only), CS 14/23, Flask Cap. 250 ml",Non Volumetric Glassware,6,52.37
14.442.1423.0500,"Thermometer Pocket, Long type, for sealing to required length, (for angular flask only), CS 14/23, Flask Cap. 500 ml",Non Volumetric Glassware,6,56.81
14.442.1423.1000,"Thermometer Pocket, Long type, for sealing to required length, (for angular flask only), CS 14/23, Flask Cap. 1000 ml",Non Volumetric Glassware,6,57.17
14.442.1423.2000,"Thermometer Pocket, Long type, for sealing to required length, (for angular flask only), CS 14/23, Flask Cap. 2000 ml",Non Volumetric Glassware,6,69.18
14.442.1423.5000,"Thermometer Pocket, Long type, for sealing to required length, (for angular flask only), CS 14/23, Flask Cap. 5000 ml",Non Volumetric Glassware,6,69.84
14.442.1423.9910,"Thermometer Pocket, Long type, for sealing to required length, (for angular flask only), CS 14/23, Flask Cap. 10000 ml",Non Volumetric Glassware,6,72.85
14.442.1423.9920,"Thermometer Pocket, Long type, for sealing to required length, (for angular flask only), CS 14/23, Flask Cap. 20000 ml",Non Volumetric Glassware,6,75.34
14.442.1926.0050,"Thermometer Pocket, Long type, for sealing to required length, (for angular flask only), CS 19/26, Flask Cap. 50ml",Non Volumetric Glassware,6,55.28
14.442.1926.0100,"Thermometer Pocket, Long type, for sealing to required length, (for angular flask only), CS 19/26, Flask Cap. 100 ml",Non Volumetric Glassware,6,55.43
14.442.1926.0250,"Thermometer Pocket, Long type, for sealing to required length, (for angular flask only), CS 19/26, Flask Cap. 250 ml",Non Volumetric Glassware,6,56.17
14.442.1926.0500,"Thermometer Pocket, Long type, for sealing to required length, (for angular flask only), CS 19/26, Flask Cap. 500 ml",Non Volumetric Glassware,6,60.75
14.442.1926.1000,"Thermometer Pocket, Long type, for sealing to required length, (for angular flask only), CS 19/26, Flask Cap. 1000 ml",Non Volumetric Glassware,6,61.22
14.442.1926.2000,"Thermometer Pocket, Long type, for sealing to required length, (for angular flask only), CS 19/26, Flask Cap. 2000 ml",Non Volumetric Glassware,6,73.55
14.442.1926.5000,"Thermometer Pocket, Long type, for sealing to required length, (for angular flask only), CS 19/26, Flask Cap. 5000 ml",Non Volumetric Glassware,6,74.47
14.442.1926.9910,"Thermometer Pocket, Long type, for sealing to required length, (for angular flask only), CS 19/26, Flask Cap. 10000 ml",Non Volumetric Glassware,6,77.67
14.442.1926.9920,"Thermometer Pocket, Long type, for sealing to required length, (for angular flask only), CS 19/26, Flask Cap. 20000 ml",Non Volumetric Glassware,6,80.79
14.442.2429.0050,"Thermometer Pocket, Long type, for sealing to required length, (for angular flask only), CS 24/29, Flask Cap. 50ml",Non Volumetric Glassware,6,60.17
14.442.2429.0100,"Thermometer Pocket, Long type, for sealing to required length, (for angular flask only), CS 24/29, Flask Cap. 100 ml",Non Volumetric Glassware,6,60.40
14.442.2429.0250,"Thermometer Pocket, Long type, for sealing to required length, (for angular flask only), CS 24/29, Flask Cap. 250 ml",Non Volumetric Glassware,6,61.37
14.442.2429.0500,"Thermometer Pocket, Long type, for sealing to required length, (for angular flask only), CS 24/29, Flask Cap. 500 ml",Non Volumetric Glassware,6,66.29
14.442.2429.1000,"Thermometer Pocket, Long type, for sealing to required length, (for angular flask only), CS 24/29, Flask Cap. 1000 ml",Non Volumetric Glassware,6,66.99
14.442.2429.2000,"Thermometer Pocket, Long type, for sealing to required length, (for angular flask only), CS 24/29, Flask Cap. 2000 ml",Non Volumetric Glassware,6,80.01
14.442.2429.5000,"Thermometer Pocket, Long type, for sealing to required length, (for angular flask only), CS 24/29, Flask Cap. 5000 ml",Non Volumetric Glassware,6,81.47
14.442.2429.9910,"Thermometer Pocket, Long type, for sealing to required length, (for angular flask only), CS 24/29, Flask Cap. 10000 ml",Non Volumetric Glassware,6,85.50
14.442.2429.9920,"Thermometer Pocket, Long type, for sealing to required length, (for angular flask only), CS 24/29, Flask Cap. 20000 ml",Non Volumetric Glassware,6,90.00
14.442.2932.0050,"Thermometer Pocket, Long type, for sealing to required length, (for angular flask only), CS 29/32, Flask Cap. 50ml",Non Volumetric Glassware,6,69.51
14.442.2932.0100,"Thermometer Pocket, Long type, for sealing to required length, (for angular flask only), CS 29/32, Flask Cap. 100 ml",Non Volumetric Glassware,6,69.81
14.442.2932.0250,"Thermometer Pocket, Long type, for sealing to required length, (for angular flask only), CS 29/32, Flask Cap. 250 ml",Non Volumetric Glassware,6,70.95
14.442.2932.0500,"Thermometer Pocket, Long type, for sealing to required length, (for angular flask only), CS 29/32, Flask Cap. 500 ml",Non Volumetric Glassware,6,76.12
14.442.2932.1000,"Thermometer Pocket, Long type, for sealing to required length, (for angular flask only), CS 29/32, Flask Cap. 1000 ml",Non Volumetric Glassware,6,76.98
14.442.2932.2000,"Thermometer Pocket, Long type, for sealing to required length, (for angular flask only), CS 29/32, Flask Cap. 2000 ml",Non Volumetric Glassware,6,90.50
14.442.2932.5000,"Thermometer Pocket, Long type, for sealing to required length, (for angular flask only), CS 29/32, Flask Cap. 5000 ml",Non Volumetric Glassware,6,92.37
14.442.2932.9910,"Thermometer Pocket, Long type, for sealing to required length, (for angular flask only), CS 29/32, Flask Cap. 10000 ml",Non Volumetric Glassware,6,97.01
14.442.2932.9920,"Thermometer Pocket, Long type, for sealing to required length, (for angular flask only), CS 29/32, Flask Cap. 20000 ml",Non Volumetric Glassware,6,102.52
14.442.3435.0050,"Thermometer Pocket, Long type, for sealing to required length, (for angular flask only), CS 34/35, Flask Cap. 50ml",Non Volumetric Glassware,6,76.39
14.442.3435.0100,"Thermometer Pocket, Long type, for sealing to required length, (for angular flask only), CS 34/35, Flask Cap. 100 ml",Non Volumetric Glassware,6,76.72
14.442.3435.0250,"Thermometer Pocket, Long type, for sealing to required length, (for angular flask only), CS 34/35, Flask Cap. 250 ml",Non Volumetric Glassware,6,77.94
14.442.3435.0500,"Thermometer Pocket, Long type, for sealing to required length, (for angular flask only), CS 34/35, Flask Cap. 500 ml",Non Volumetric Glassware,6,83.23
14.442.3435.1000,"Thermometer Pocket, Long type, for sealing to required length, (for angular flask only), CS 34/35, Flask Cap. 1000 ml",Non Volumetric Glassware,6,84.18
14.442.3435.2000,"Thermometer Pocket, Long type, for sealing to required length, (for angular flask only), CS 34/35, Flask Cap. 2000 ml",Non Volumetric Glassware,6,97.96
14.442.3435.5000,"Thermometer Pocket, Long type, for sealing to required length, (for angular flask only), CS 34/35, Flask Cap. 5000 ml",Non Volumetric Glassware,6,100.02
14.442.3435.9910,"Thermometer Pocket, Long type, for sealing to required length, (for angular flask only), CS 34/35, Flask Cap. 10000 ml",Non Volumetric Glassware,6,105.14
14.442.3435.9920,"Thermometer Pocket, Long type, for sealing to required length, (for angular flask only), CS 34/35, Flask Cap. 20000 ml",Non Volumetric Glassware,6,111.17
14.444.0005,"Air Leak Tube/Gas Inlet Tube, CS 14/23",Non Volumetric Glassware,10,34.96
14.444.0010,"Air Leak Tube/Gas Inlet Tube, CS 19/26",Non Volumetric Glassware,10,35.98
14.444.0015,"Air Leak Tube/Gas Inlet Tube, CS 24/29",Non Volumetric Glassware,10,37.50
14.444.0020,"Air Leak Tube/Gas Inlet Tube, CS 29/32",Non Volumetric Glassware,10,41.33
14.448.0005,"Adapter Cone Screw Thread, To fit
stirrer 6 mm, CS 14/23",Non Volumetric Glassware,10,49.03
14.448.0010,"Adapter Cone Screw Thread, To fit
stirrer 6 mm, CS 19/26",Non Volumetric Glassware,10,51.90
14.448.0015,"Adapter Cone Screw Thread, To fit
stirrer 6 mm, CS 24/29",Non Volumetric Glassware,10,55.23
14.448.0020,"Adapter Cone Screw Thread, To fit
stirrer 6 mm, CS 29/32",Non Volumetric Glassware,10,62.60
15.320.0815,"Glass Stirring Rods, Approx OD x Length8 x 150",Non Volumetric Glassware,20,8.28
15.320.0820,"Glass Stirring Rods, Approx OD x Length8 x 200",Non Volumetric Glassware,20,9.32
15.320.0825,"Glass Stirring Rods, Approx OD x Length8 x 250",Non Volumetric Glassware,20,10.35
15.320.0830,"Glass Stirring Rods, Approx OD x Length8 x 300",Non Volumetric Glassware,20,12.42
15.320.1015,"Glass Stirring Rods, Approx OD x Length10 x 150",Non Volumetric Glassware,20,10.35
15.320.1020,"Glass Stirring Rods, Approx OD x Length10 x 200",Non Volumetric Glassware,20,11.38
15.320.1025,"Glass Stirring Rods, Approx OD x Length10 x 250",Non Volumetric Glassware,20,13.45
15.320.1030,"Glass Stirring Rods, Approx OD x Length10 x 300",Non Volumetric Glassware,20,16.56
14.463.0005,"Teflon Bladed Stirrers, Blade Removable from the Stirrer Shaft, Approx shaft
dia. 6, Shaft Length 450mm, Smallest  Socket through
which blade will pass  19/26, Blade width 52mm",Non Volumetric Glassware,2,224.22
14.463.0010,"Teflon Bladed Stirrers, Blade Removable from the Stirrer Shaft, Approx shaft
dia. 6, Shaft Length 450mm, Smallest  Socket through
which blade will pass  24/29, Blade width 76mm",Non Volumetric Glassware,2,236.24
14.463.0015,"Teflon Bladed Stirrers, Blade Removable from the Stirrer Shaft, Approx shaft
dia. 8, Shaft Length 450mm, Smallest  Socket through
which blade will pass  24/29, Blade width 76mm",Non Volumetric Glassware,2,242.24
14.463.0020,"Teflon Bladed Stirrers, Blade Removable from the Stirrer Shaft, Approx shaft
dia. 8, Shaft Length 450mm, Smallest  Socket through
which blade will pass  29/32, Blade width 100mm",Non Volumetric Glassware,2,263.26
14.463.0025,"Teflon Bladed Stirrers, Blade Removable from the Stirrer Shaft, Approx shaft
dia. 8, Shaft Length 600mm, Smallest  Socket through
which blade will pass  34/35, Blade width 100mm",Non Volumetric Glassware,2,319.32
14.463.0030,"Teflon Bladed Stirrers, Blade Removable from the Stirrer Shaft, Approx shaft
dia. 10, Shaft Length 450mm, Smallest  Socket through
which blade will pass   34/35, Blade width 100mm",Non Volumetric Glassware,2,311.31
14.463.0035,"Teflon Bladed Stirrers, Blade Removable from the Stirrer Shaft, Approx shaft
dia. 10, Shaft Length 600mm, Smallest  Socket through
which blade will pass  34/35, Blade width 125mm",Non Volumetric Glassware,2,341.34
14.463.0040,"Shaft for Teflon Bladed Stirrers, Approx shaft
dia. 6, Shaft Length 450mm, Smallest  Socket through
which blade will pass  19/26mm",Non Volumetric Glassware,2,48.59
14.463.0045,"Shaft for Teflon Bladed Stirrers, Approx shaft
dia. 8, Shaft Length 450mm, Smallest  Socket through
which blade will pass  24/29mm",Non Volumetric Glassware,2,55.01
14.463.0050,"Shaft for Teflon Bladed Stirrers, Approx shaft
dia. 8, Shaft Length 600mm, Smallest  Socket through
which blade will pass  34/35mm",Non Volumetric Glassware,2,83.25
14.463.0055,"Shaft for Teflon Bladed Stirrers, Approx shaft
dia. 10, Shaft Length 450mm, Smallest  Socket through
which blade will pass  34/35mm",Non Volumetric Glassware,2,72.30
14.463.0060,"Shaft for Teflon Bladed Stirrers, Approx shaft
dia. 10, Shaft Length 600mm, Smallest  Socket through
which blade will pass  34/35mm",Non Volumetric Glassware,2,106.42
CHQT10/1R,"Quartz,Combustion Boat With Handle, 15 x 48mm (O.D. x Length)",Non Volumetric Glassware,5,165.00
CHQT10/2R,"Quartz,Combustion Boat With Handle, 16 x 77mm (O.D. x Length)",Non Volumetric Glassware,5,180.00
CHQT10/3R,"Quartz,Combustion Boat With Handle, 20 x 77mm (O.D. x Length)",Non Volumetric Glassware,5,200.00
CHQT10/4R,"Quartz,Combustion Boat With Handle, 20 x 92mm (O.D. x Length)",Non Volumetric Glassware,5,225.00
CHQT10/5R,"Quartz,Combustion Boat With Handle, 20 x 102mm (O.D. x Length)",Non Volumetric Glassware,5,275.00
CHQT11/1R,"Quartz,Crucible Without Lid, Cap. 15ml, 40x26mm (O.D. x Ht.)",Non Volumetric Glassware,10,200.00
CHQT11/2R,"Quartz,Crucible Without Lid, Cap. 25ml, 45x27mm (O.D. x Ht.)",Non Volumetric Glassware,10,230.00
CHQT11/3R,"Quartz,Crucible Without Lid, Cap. 50ml, 55x37mm (O.D. x Ht.)",Non Volumetric Glassware,10,390.00
CHQT11/4R,"Quartz,Crucible Without Lid, Cap. 80ml, 65x45mm (O.D. x Ht.)",Non Volumetric Glassware,10,650.00
CHQT11/5R,"Quartz,Crucible Without Lid, Cap. 150ml, 80x52mm (O.D. x Ht.)",Non Volumetric Glassware,5,1140.00
CHQT12/1R,"Quartz,Lid For Crucible, Cap. 15ml",Non Volumetric Glassware,10,200.00
CHQT12/2R,"Quartz,Lid For Crucible, Cap. 25ml",Non Volumetric Glassware,10,230.00
CHQT12/3R,"Quartz,Lid For Crucible, Cap. 50ml",Non Volumetric Glassware,10,390.00
CHQT12/4R,"Quartz,Lid For Crucible, Cap. 80ml",Non Volumetric Glassware,10,650.00
CHQT12/5,"Quartz,Lid For Crucible, Cap. 150ml",Non Volumetric Glassware,5,1140.00
CHQT1/1R,"Quartz,Beaker Low Form with Spout, Cap. 25ml",Non Volumetric Glassware,5,256.00
CHQT1/2R,"Quartz,Beaker Low Form with Spout, Cap. 50ml",Non Volumetric Glassware,5,384.00
CHQT1/3R,"Quartz,Beaker Low Form with Spout, Cap. 100ml",Non Volumetric Glassware,5,496.00
CHQT1/4,"Quartz,Beaker Low Form with Spout, Cap. 250ml",Non Volumetric Glassware,1,915.00
CHQT1/5,"Quartz,Beaker Low Form with Spout, Cap. 500ml",Non Volumetric Glassware,1,2090.00
CHQT1/6,"Quartz,Beaker Low Form with Spout, Cap. 1000ml",Non Volumetric Glassware,1,3200.00
CHQT4/1,"Quartz,Conical Flask, Cap. 25ml",Non Volumetric Glassware,2,990.00
CHQT4/2,"Quartz,Conical Flask, Cap. 50ml",Non Volumetric Glassware,2,1180.00
CHQT4/3,"Quartz,Conical Flask, Cap. 100ml",Non Volumetric Glassware,1,1440.00
CHQT4/4,"Quartz,Conical Flask, Cap. 250ml",Non Volumetric Glassware,1,2770.00
CHQT4/5,"Quartz,Conical Flask, Cap. 500ml",Non Volumetric Glassware,1,4765.00
CHQT4/6,"Quartz,Conical Flask, Cap. 1000ml",Non Volumetric Glassware,1,8935.00
CHQT9/1R,"Quartz, Tube With Rim, Cap. 3ml, 10x75mm (O.D. x Length)",Non Volumetric Glassware,10,64.00
CHQT9/2R,"Quartz,Test Tube With Rim, Cap. 5ml, 12x75mm (O.D. x Length)",Non Volumetric Glassware,10,80.00
CHQT9/3R,"Quartz,Test Tube With Rim, Cap. 7ml, 12x100mm (O.D. x Length)",Non Volumetric Glassware,10,88.00
CHQT9/4R,"Quartz,Test Tube With Rim, Cap. 13ml, 15x125mm (O.D. x Length)",Non Volumetric Glassware,10,112.00
CHQT9/5R,"Quartz,Test Tube With Rim, Cap. 15ml, 16x150mm (O.D. x Length)",Non Volumetric Glassware,10,120.00
CHQT9/6R,"Quartz,Test Tube With Rim, Cap. 27ml, 18x150mm (O.D. x Length)",Non Volumetric Glassware,10,280.00
CHQT9/7R,"Quartz,Test Tube With Rim, Cap. 38ml, 25x100mm (O.D. x Length)",Non Volumetric Glassware,5,232.00
CHQT9/8R,"Quartz,Test Tube With Rim, Cap. 55ml, 25x150mm (O.D. x Length)",Non Volumetric Glassware,5,304.00
CHQT9/9R,"Quartz,Test Tube With Rim, Cap. 70ml, 25x200mm (O.D. x Length)",Non Volumetric Glassware,5,380.00
CHQT9/10R,"Quartz,Test Tube With Rim, Cap. 100ml, 32x200mm (O.D. x Length)",Non Volumetric Glassware,5,672.00
CHQT9/11R,"Quartz,Test Tube With Rim, Cap. 170ml, 38x200mm (O.D. x Length)",Non Volumetric Glassware,5,700.00
